station_mac,manufacturer,bssid,avg_power,total_packets
00:95:69:E7:7D:21,"LSD Science and Technology Co.,Ltd.",(not associated),-33,8171
00:95:69:E7:7C:ED,"LSD Science and Technology Co.,Ltd.",(not associated),-55,4096
00:95:69:E7:7F:35,"LSD Science and Technology Co.,Ltd.",(not associated),-69,2245
98:F6:21:72:9E:D6,Xiaomi Communications Co Ltd,E8:28:C1:DC:B2:52,-59,2143
F6:4D:98:98:18:C3,NA,00:26:99:F2:7A:E2,-61,1062
52:FE:C5:8B:DF:D3,NA,8E:55:4A:85:5B:01,-57,1037
C0:E4:34:D8:E7:E5,AzureWave Technology Inc.,BE:F1:71:D5:17:8B,-61,958
74:DF:BF:7B:00:19,Liteon Technology Corporation,E8:28:C1:DC:B2:50,-65,911
50:3E:AA:33:52:EC,"TP-LINK TECHNOLOGIES CO.,LTD.",(not associated),-53,862
CA:66:3B:8F:56:DD,NA,BE:F1:71:D5:17:8B,-33,858
14:13:33:59:9F:AB,AzureWave Technology Inc.,(not associated),-57,849
0A:AB:49:39:BB:29,NA,E8:28:C1:DC:B2:52,-61,801
04:8C:9A:0B:40:EA,"Huawei Device Co., Ltd.",E8:28:C1:DD:04:52,-73,756
D2:29:A5:2C:7E:50,NA,8E:55:4A:85:5B:01,-45,701
BC:F1:71:D5:0E:53,Intel Corporate,(not associated),-35,675
BC:F1:71:D5:17:8B,Intel Corporate,(not associated),-29,667
BC:F1:71:D5:48:00,Intel Corporate,(not associated),-37,635
BC:F1:71:D5:B3:5D,Intel Corporate,(not associated),-61,617
BC:F1:71:D6:10:D7,Intel Corporate,(not associated),-31,606
34:E1:2D:3C:C8:2D,Intel Corporate,6E:C7:EC:16:DA:1A,-59,580
BC:F1:71:D5:12:BD,Intel Corporate,(not associated),-35,557
BC:F1:71:D4:CC:7C,Intel Corporate,(not associated),-29,539
D8:9B:3B:FA:6D:50,"HUAWEI TECHNOLOGIES CO.,LTD",E8:28:C1:DC:B2:50,-61,498
BC:F1:71:D5:3F:C7,Intel Corporate,(not associated),-55,463
FE:B7:DD:ED:94:91,NA,E8:28:C1:DC:B2:52,-73,452
10:51:07:FE:77:B6,Intel Corporate,(not associated),-55,444
CA:54:C4:8B:B5:3A,NA,00:26:99:F2:7A:E2,-65,437
50:3E:AA:33:F5:5B,"TP-LINK TECHNOLOGIES CO.,LTD.",(not associated),-63,433
5C:3A:45:9E:1A:7B,"CHONGQING FUGUI ELECTRONICS CO.,LTD.",BE:F1:71:D6:10:D7,-39,432
B0:BE:83:81:8E:68,"Apple, Inc.",00:26:99:BA:75:80,-63,430
BC:F1:71:D5:14:66,Intel Corporate,(not associated),-47,426
50:3E:AA:34:2F:10,"TP-LINK TECHNOLOGIES CO.,LTD.",(not associated),-65,414
10:51:07:FE:77:B1,Intel Corporate,(not associated),-51,409
B8:27:EB:59:FA:0E,Raspberry Pi Foundation,6E:C7:EC:16:DA:1A,-1,405
BC:F1:71:D4:DA:C3,Intel Corporate,(not associated),-41,404
BC:F1:71:D5:19:2A,Intel Corporate,(not associated),-45,400
BC:F1:71:D5:12:7C,Intel Corporate,(not associated),-47,398
BC:F1:71:D5:13:85,Intel Corporate,(not associated),-45,386
78:2B:46:FF:46:0A,Intel Corporate,AA:F4:3F:EE:49:0B,-43,371
BC:F1:71:D5:E0:35,Intel Corporate,(not associated),-59,368
BC:F1:71:D5:0E:71,Intel Corporate,(not associated),-45,367
28:CD:C4:96:D0:E9,"CHONGQING FUGUI ELECTRONICS CO.,LTD.",5E:C7:C0:E4:D7:D4,-59,359
9A:F7:00:BC:C9:69,NA,00:26:99:BA:75:80,-61,358
10:51:07:FF:1E:CD,Intel Corporate,(not associated),-55,353
BC:F1:71:D5:47:C4,Intel Corporate,(not associated),-45,352
10:51:07:CB:33:E7,Intel Corporate,(not associated),-43,344
8C:55:4A:85:5B:01,Intel Corporate,(not associated),-57,339
72:5A:52:B8:93:BF,NA,E8:28:C1:DC:B2:50,-51,337
10:51:07:CB:33:BF,Intel Corporate,(not associated),-43,332
BC:F1:71:D5:3F:77,Intel Corporate,(not associated),-68,321
BC:F1:71:D5:47:B5,Intel Corporate,(not associated),-59,296
10:51:07:FE:77:C0,Intel Corporate,(not associated),-55,291
AC:B5:7D:B4:92:05,Liteon Technology Corporation,2A:E8:A2:02:01:73,-73,281
0E:EF:92:CC:96:71,NA,(not associated),-55,272
BC:F1:71:D5:3F:6D,Intel Corporate,(not associated),-67,271
BC:F1:71:D5:47:B0,Intel Corporate,(not associated),-61,271
BC:F1:71:D4:DB:04,Intel Corporate,(not associated),-45,265
04:10:6B:9E:83:05,Xiaomi Communications Co Ltd,(not associated),-57,264
BC:F1:71:D5:19:2F,Intel Corporate,(not associated),-59,261
BC:F1:71:D5:47:D3,Intel Corporate,(not associated),-51,251
88:D8:2E:4F:9B:1A,Intel Corporate,4A:EC:1E:DB:BF:95,-29,240
BC:F1:71:D5:47:BA,Intel Corporate,(not associated),-49,235
BC:F1:71:D4:DA:C8,Intel Corporate,(not associated),-59,234
BC:F1:71:D5:0D:22,Intel Corporate,(not associated),-51,226
BC:F1:71:D5:13:58,Intel Corporate,(not associated),-39,225
16:9C:FD:6C:63:E1,NA,E8:28:C1:DE:74:32,-67,223
BC:F1:71:D5:11:DC,Intel Corporate,(not associated),-53,220
BC:F1:71:D5:0D:45,Intel Corporate,(not associated),-53,215
10:51:07:FE:77:CA,Intel Corporate,(not associated),-39,206
6A:CE:A6:F8:C7:54,NA,E8:28:C1:DC:33:10,-69,205
BC:F1:71:D4:DA:A0,Intel Corporate,(not associated),-53,203
BC:F1:71:D5:E0:3F,Intel Corporate,(not associated),-43,203
BC:F1:71:D6:10:C8,Intel Corporate,(not associated),-57,203
BC:F1:71:D5:12:72,Intel Corporate,(not associated),-41,201
BC:F1:71:D5:3F:E5,Intel Corporate,(not associated),-41,201
BC:F1:71:D4:DA:D7,Intel Corporate,(not associated),-53,199
BC:F1:71:D4:DA:CD,Intel Corporate,(not associated),-55,194
DA:5F:56:E4:CB:E5,NA,8E:55:4A:85:5B:01,-47,194
10:51:07:CB:33:C9,Intel Corporate,(not associated),-57,192
BC:F1:71:D5:47:CE,Intel Corporate,(not associated),-59,190
BC:F1:71:D5:13:5D,Intel Corporate,(not associated),-51,189
02:00:00:00:00:00,NA,(not associated),-67,187
DA:A1:19:90:B6:9E,NA,(not associated),-67,186
70:66:55:D0:B6:C7,AzureWave Technology Inc.,E8:28:C1:DC:C6:B2,-83,184
BC:F1:71:D5:47:FB,Intel Corporate,(not associated),-51,184
BC:F1:71:D4:DA:DC,Intel Corporate,(not associated),-59,181
BC:F1:71:D6:10:CD,Intel Corporate,(not associated),-57,181
10:51:07:FE:77:BB,Intel Corporate,(not associated),-57,179
BC:F1:71:D5:47:C9,Intel Corporate,(not associated),-51,173
BC:F1:71:D5:13:08,Intel Corporate,(not associated),-43,165
BC:F1:71:D5:23:2F,Intel Corporate,(not associated),-53,165
C2:00:87:F0:8C:37,NA,(not associated),-59,165
68:54:5A:40:35:9E,Intel Corporate,1E:93:E3:1B:3C:F4,-31,163
5C:10:C5:EE:AB:7F,"Samsung Electronics Co.,Ltd",(not associated),-65,161
58:6C:25:9E:61:DC,Intel Corporate,3A:70:96:C6:30:2C,-42,158
28:7F:CF:23:25:53,Intel Corporate,9A:75:A8:B9:04:1E,-37,156
BC:F1:71:D5:13:53,Intel Corporate,(not associated),-57,155
BC:F1:71:D4:D6:6D,Intel Corporate,(not associated),-61,154
DA:A1:19:46:57:C1,NA,(not associated),-65,147
06:F2:A9:C1:8D:09,NA,E8:28:C1:DC:B2:52,-73,142
98:F6:21:30:3D:31,Xiaomi Communications Co Ltd,E8:28:C1:DC:C6:B2,-63,142
BC:F1:71:D5:E0:26,Intel Corporate,(not associated),-55,140
0A:94:58:8C:3A:7E,NA,(not associated),-45,138
5E:54:01:D6:05:1C,NA,E8:28:C1:DE:74:32,-45,135
48:2C:A0:74:B7:12,Xiaomi Communications Co Ltd,E8:28:C1:DC:B2:40,-82,134
DA:A1:19:36:3F:C3,NA,(not associated),-63,132
70:66:55:D0:B7:0F,AzureWave Technology Inc.,(not associated),-63,128
A0:E7:0B:AE:D5:44,Intel Corporate,0A:C5:E1:DB:17:7B,-37,125
48:68:4A:93:DF:B4,Intel Corporate,1E:93:E3:1B:3C:F4,-48,122
8C:55:4A:DE:F2:38,Intel Corporate,8A:A3:03:73:52:08,-65,117
56:14:6C:F1:A5:9E,NA,E8:28:C1:DC:F0:90,-57,116
8A:A3:5A:33:76:57,NA,00:25:00:FF:94:73,-74,115
BC:F1:71:D4:DB:09,Intel Corporate,(not associated),-57,115
D6:2E:8B:1F:9C:4E,NA,(not associated),-5,115
42:C7:F5:C1:59:B0,NA,00:26:99:F2:7A:E2,-67,114
4C:E0:DB:0B:F8:C2,Xiaomi Communications Co Ltd,E8:28:C1:DC:C6:B2,-61,114
BC:F1:71:D5:12:8B,Intel Corporate,(not associated),-65,114
06:7A:BA:E6:9F:FA,NA,8E:55:4A:85:5B:01,-51,98
72:7D:FC:1F:85:98,NA,(not associated),-59,98
B2:EA:7E:FA:01:3B,NA,(not associated),-43,93
DC:16:B2:6C:D0:95,"HUAWEI TECHNOLOGIES CO.,LTD",(not associated),-67,93
50:3E:AA:5F:AB:23,"TP-LINK TECHNOLOGIES CO.,LTD.",00:26:99:BA:75:80,-61,90
F0:67:28:61:26:6B,"GUANGDONG OPPO MOBILE TELECOMMUNICATIONS CORP.,LTD",E8:28:C1:DC:B2:52,-67,89
10:51:07:FF:A4:A6,Intel Corporate,(not associated),-47,88
3C:13:5A:B5:DA:C0,Xiaomi Communications Co Ltd,(not associated),-51,87
A4:02:B9:77:C4:28,Intel Corporate,(not associated),-59,84
9C:A3:A9:D6:28:3C,"Guangzhou Juan Optical and Electronical Tech Joint Stock Co., Ltd",08:3A:2F:56:35:FE,-82,79
DA:A1:19:0D:83:19,NA,(not associated),-57,78
4A:C9:28:46:EE:3F,NA,0C:80:63:A9:6E:EE,-65,77
34:7D:F6:95:25:E5,Intel Corporate,BE:F1:71:D5:0E:53,-43,76
1C:BF:C0:2D:7D:B5,"CHONGQING FUGUI ELECTRONICS CO.,LTD.",(not associated),-65,73
AC:D1:B8:FE:25:87,"Hon Hai Precision Ind. Co.,Ltd.",(not associated),-67,72
C0:E7:BF:06:FC:9E,"Sichuan AI-Link Technology Co., Ltd.",(not associated),-57,72
4C:44:5B:14:76:E3,Intel Corporate,E8:28:C1:DD:04:52,-1,71
8E:E2:00:75:CF:F6,NA,(not associated),-63,71
22:10:2A:02:9A:3D,NA,(not associated),-67,70
5E:6A:6B:8E:C6:4B,NA,00:25:00:FF:94:73,-64,70
D2:4E:C6:AA:CA:5F,NA,E8:28:C1:DC:B2:52,-71,70
D4:54:8B:8F:56:E7,Intel Corporate,56:C5:2B:9F:84:90,-49,69
02:01:5B:41:E9:B3,NA,E8:28:C1:DC:FF:F2,-75,66
1C:BF:C0:2B:EA:97,"CHONGQING FUGUI ELECTRONICS CO.,LTD.",E8:28:C1:DD:04:50,-71,66
9E:A3:A9:D6:28:3C,NA,08:3A:2F:56:35:FE,-61,65
50:3E:AA:34:2F:0F,"TP-LINK TECHNOLOGIES CO.,LTD.",(not associated),-69,62
3E:C6:33:9F:FB:09,NA,(not associated),-55,61
FA:2A:CD:85:24:5F,NA,E8:28:C1:DD:04:52,-65,61
C6:D1:E8:6A:1C:C3,NA,00:26:99:BA:75:80,-67,60
FE:41:FA:9D:14:B7,NA,(not associated),-57,60
48:74:12:82:D7:91,"OnePlus Technology (Shenzhen) Co., Ltd",E8:28:C1:DC:B2:52,-69,55
10:51:07:FF:1F:5E,Intel Corporate,(not associated),-63,54
42:5E:24:27:71:03,NA,00:23:EB:E3:49:31,-53,52
0C:E4:41:E8:C3:6E,"Apple, Inc.",96:FF:FC:91:EF:64,-86,48
4A:AE:F2:C9:D3:5B,NA,00:25:00:FF:94:73,-72,47
52:63:E0:44:D2:E3,NA,E8:28:C1:DD:04:52,-23,47
94:08:53:3E:7A:09,Liteon Technology Corporation,7E:3A:10:A7:59:4E,-69,45
BC:F1:71:4A:20:8B,Intel Corporate,92:F5:7B:43:0B:69,-84,44
AC:5F:3E:2F:D7:8D,SAMSUNG ELECTRO-MECHANICS(THAILAND),B6:C4:55:B5:53:24,-69,43
36:B7:23:1E:F8:3E,NA,00:25:00:FF:94:73,-74,40
D4:9C:DD:EA:B9:1E,"AMPAK Technology,Inc.",(not associated),-63,40
9A:B0:D7:8A:5B:94,NA,(not associated),-67,38
3C:13:5A:2D:6A:B1,Xiaomi Communications Co Ltd,(not associated),-51,37
92:5B:0A:A2:D6:1B,NA,E0:D9:E3:49:04:41,-87,37
2E:A4:EC:34:8A:8C,NA,(not associated),-53,36
42:B4:2E:80:E8:4D,NA,8E:55:4A:85:5B:01,-51,35
50:C2:E8:0A:D9:5F,CLOUD NETWORK TECHNOLOGY SINGAPORE PTE. LTD.,36:46:53:81:12:A0,-57,35
F6:96:2D:85:19:81,NA,E8:28:C1:DC:54:B2,-61,35
16:BA:0E:97:29:A4,NA,8E:55:4A:85:5B:01,-51,34
22:E1:8F:6E:46:EC,NA,(not associated),-73,34
F4:30:8B:D5:BF:32,Xiaomi Communications Co Ltd,(not associated),-59,34
FE:45:C8:36:B9:1D,NA,00:25:00:FF:94:73,-70,34
06:FA:A2:C8:11:E4,NA,00:25:00:FF:94:73,-68,33
0A:1D:E5:38:93:14,NA,(not associated),-65,32
8C:55:4A:E2:25:ED,Intel Corporate,(not associated),-65,32
A4:02:B9:73:2C:6F,Intel Corporate,(not associated),-73,32
10:51:07:FF:A4:97,Intel Corporate,(not associated),-47,31
8A:E8:C5:3D:A3:10,NA,E8:28:C1:DC:C6:B2,-67,31
8E:DF:CD:99:91:39,NA,(not associated),-53,31
C6:ED:8B:09:03:95,NA,(not associated),-57,31
1A:E3:05:F5:C7:B5,NA,E8:28:C1:DC:3C:92,-61,30
1E:4C:B2:B1:35:B2,NA,(not associated),-61,30
4E:5B:A8:77:C2:DF,NA,(not associated),-55,30
56:AC:48:E5:9D:A3,NA,(not associated),-47,30
10:51:07:FF:1E:BE,Intel Corporate,(not associated),-67,29
9A:7D:CE:C9:0A:DF,NA,00:26:99:BA:75:80,-59,29
2A:2C:2C:AB:65:80,NA,00:26:99:F2:7A:E2,-67,28
52:40:87:69:2B:55,NA,(not associated),-67,28
A4:02:B9:73:81:92,Intel Corporate,(not associated),-65,28
C6:49:D0:8D:CF:6C,NA,00:26:99:F2:7A:E1,-59,28
DA:A1:19:90:B9:74,NA,(not associated),-69,28
7A:23:04:0C:DA:EA,NA,(not associated),-49,27
AA:BF:12:D8:F7:3E,NA,(not associated),-65,27
02:69:A5:29:F1:3E,NA,1E:93:E3:1B:3C:F4,-49,26
10:51:07:FF:A4:9C,Intel Corporate,(not associated),-65,26
2A:BF:50:E5:74:84,NA,AA:F4:3F:EE:49:0B,-55,26
3A:73:72:E5:E6:78,NA,(not associated),-51,25
52:72:29:9B:E1:43,NA,(not associated),-61,25
8E:D5:7D:BB:E3:DA,NA,(not associated),-57,24
2A:9A:59:76:6E:3C,NA,(not associated),-51,23
40:74:E0:99:49:EF,Intel Corporate,0C:80:63:A9:6E:EE,-85,23
62:67:18:DE:9F:EA,NA,(not associated),-57,23
D6:88:14:E8:E8:F4,NA,A6:02:B9:73:81:47,-73,23
00:E9:3A:67:93:E9,AzureWave Technology Inc.,EA:7B:9B:D8:56:34,-73,22
10:51:07:FF:23:B4,Intel Corporate,(not associated),-69,22
12:0A:04:AE:28:40,NA,(not associated),-53,22
16:75:CC:C8:9D:67,NA,(not associated),-59,22
1A:C5:BA:F9:26:A4,NA,(not associated),-65,22
32:D4:08:4F:02:F2,NA,E8:28:C1:DC:C6:B2,-55,22
46:4D:83:5F:EA:D7,NA,(not associated),-55,22
7E:F0:F8:D8:6A:82,NA,(not associated),-63,22
A4:02:B9:73:81:47,Intel Corporate,(not associated),-67,22
B6:E6:99:E5:90:29,NA,(not associated),-53,22
F2:A9:CC:0B:EB:84,NA,(not associated),-55,22
0E:09:A7:4B:6B:65,NA,(not associated),-53,21
4E:98:AA:FF:EE:A7,NA,E8:28:C1:DD:04:41,-63,21
8E:05:C4:22:35:09,NA,00:25:00:FF:94:73,-67,21
AA:C6:D1:90:A7:54,NA,(not associated),-59,21
00:04:35:22:4F:75,InfiNet LLC,00:AB:0A:00:10:10,-83,20
5A:32:38:92:E1:76,NA,(not associated),-57,20
66:80:B5:77:58:D5,NA,(not associated),-59,20
8A:CE:15:ED:E5:D1,NA,E8:28:C1:DC:B2:52,-47,20
A6:B3:B2:D5:74:E9,NA,E8:28:C1:DC:B2:52,-75,20
E6:9D:B2:86:2E:11,NA,(not associated),-47,20
3E:B1:6E:D3:C5:90,NA,(not associated),-57,19
4A:8E:4D:41:94:7E,NA,00:26:99:BA:75:80,-81,19
5E:EC:ED:6F:3A:6D,NA,(not associated),-51,19
6E:D0:C2:7E:96:8B,NA,00:26:99:BA:75:80,-69,19
AE:E0:72:05:57:D6,NA,(not associated),-61,19
CE:66:65:64:9B:94,NA,(not associated),-49,19
E6:DB:06:42:A9:3E,NA,(not associated),-47,19
02:9D:D5:DA:F9:E4,NA,(not associated),-65,18
16:B5:0B:1C:FA:34,NA,(not associated),-59,18
1E:8B:23:B0:E5:C1,NA,(not associated),-57,18
66:3C:42:78:1F:3F,NA,(not associated),-55,18
6A:01:63:0E:AE:15,NA,(not associated),-33,18
6E:5C:63:8E:9B:EA,NA,00:25:00:FF:94:73,-73,18
92:DD:E2:97:D5:02,NA,(not associated),-53,18
C2:22:8E:5C:04:DE,NA,(not associated),-33,18
CE:38:B6:BF:98:DB,NA,(not associated),-47,18
E4:8D:8C:4D:06:A1,Routerboard.com,(not associated),-71,18
26:48:88:10:40:45,NA,(not associated),-53,17
36:6B:C9:4D:1C:EF,NA,(not associated),-55,17
5E:45:C1:79:47:AA,NA,(not associated),-69,17
66:34:45:78:76:02,NA,(not associated),-55,17
8E:30:29:C4:30:55,NA,(not associated),-57,17
CA:43:FE:36:18:02,NA,(not associated),-47,17
CE:08:2D:5E:28:52,NA,(not associated),-51,17
DA:38:F1:F9:29:AE,NA,(not associated),-51,17
F2:CD:89:ED:48:43,NA,(not associated),-53,17
00:90:4C:E6:54:54,"Epigram, Inc.",(not associated),-65,16
0E:AD:54:09:04:37,NA,00:26:99:F2:7A:E2,-71,16
4E:17:97:2F:9E:8A,NA,(not associated),-57,16
A4:02:B9:72:9A:07,Intel Corporate,(not associated),-63,16
A4:02:B9:73:2D:A5,Intel Corporate,(not associated),-67,16
A6:BA:B5:78:66:6F,NA,(not associated),-55,16
B2:30:DB:40:AA:C0,NA,(not associated),-53,16
DA:01:FA:06:94:13,NA,E8:28:C1:DC:F0:90,-65,16
DA:A1:19:4B:61:5E,NA,(not associated),-63,16
E0:D4:E8:EF:87:EC,Intel Corporate,(not associated),-71,16
E2:00:49:C9:EB:BC,NA,(not associated),-47,16
F2:B3:72:A6:4D:EF,NA,(not associated),-55,16
F6:95:8B:6E:D9:20,NA,(not associated),-59,16
16:70:F6:66:E9:47,NA,(not associated),-51,15
1A:3F:00:4D:F9:BB,NA,(not associated),-57,15
1E:89:B6:FE:E0:01,NA,(not associated),-45,15
2E:AA:E3:76:C3:34,NA,(not associated),-45,15
46:DE:A0:6B:8B:BA,NA,(not associated),-59,15
4A:DB:1E:BC:58:18,NA,(not associated),-51,15
5A:D1:7D:42:07:D6,NA,(not associated),-25,15
66:B6:11:58:6E:F7,NA,(not associated),-53,15
9E:87:23:50:C0:54,NA,(not associated),-53,15
A2:D2:22:A7:E1:BB,NA,E0:D9:E3:49:04:52,-69,15
A4:02:B9:73:81:60,Intel Corporate,(not associated),-63,15
AA:DA:41:69:61:CF,NA,(not associated),-57,15
C4:75:AB:E5:6E:EC,Intel Corporate,22:C9:7F:A9:BA:9C,-63,15
CE:EA:0C:D4:75:52,NA,(not associated),-57,15
1A:0E:01:74:51:DF,NA,(not associated),-45,14
1A:E5:74:6F:6F:EC,NA,(not associated),-51,14
1C:E6:1D:3B:A2:C6,"Samsung Electronics Co.,Ltd",(not associated),-63,14
26:57:A7:54:0B:B3,NA,E8:28:C1:DC:B2:52,-59,14
32:D4:C3:E8:BD:CB,NA,(not associated),-57,14
3A:64:91:6A:77:67,NA,(not associated),-41,14
3A:9D:9B:FD:38:A2,NA,(not associated),-63,14
72:BF:A0:75:12:46,NA,(not associated),-49,14
7E:DA:0A:05:6C:D5,NA,(not associated),-31,14
82:ED:3B:DD:44:66,NA,(not associated),-59,14
8E:6D:9B:C8:FF:9B,NA,(not associated),-27,14
9E:A3:A9:DB:7E:01,NA,08:3A:2F:56:35:FE,-71,14
A2:42:C2:BC:6F:AB,NA,(not associated),-45,14
A2:7F:AA:58:73:CA,NA,(not associated),-47,14
AA:E7:9F:D9:97:15,NA,(not associated),-61,14
C4:D0:E3:5B:B4:6D,Intel Corporate,92:12:38:E5:7E:1E,-88,14
DA:A1:19:BD:9E:C4,NA,(not associated),-47,14
F6:53:EC:C0:A0:AD,NA,(not associated),-49,14
FE:07:87:5B:82:33,NA,(not associated),-31,14
0E:51:8E:3D:21:5B,NA,(not associated),-29,13
12:F1:48:22:21:75,NA,(not associated),-47,13
1A:1B:84:1B:16:8B,NA,(not associated),-57,13
1E:D6:E7:07:5B:C4,NA,(not associated),-53,13
26:56:18:CC:76:90,NA,(not associated),-33,13
52:C5:6C:FD:7C:15,NA,(not associated),-33,13
5A:2E:76:89:0C:88,NA,(not associated),-59,13
5A:DD:1A:8B:40:12,NA,(not associated),-51,13
5E:5D:5C:1B:E7:89,NA,(not associated),-55,13
76:A0:F6:0C:37:31,NA,(not associated),-53,13
7E:F9:46:23:1B:1B,NA,(not associated),-49,13
92:E2:12:3B:73:56,NA,(not associated),-49,13
9E:42:66:80:04:FA,NA,(not associated),-49,13
A2:67:F9:2B:DA:43,NA,(not associated),-59,13
BA:7E:69:B6:2C:68,NA,(not associated),-27,13
BC:F1:71:D4:DA:91,Intel Corporate,(not associated),-61,13
BE:11:EE:B7:A0:03,NA,(not associated),-65,13
C6:91:67:2C:67:8F,NA,(not associated),-67,13
D2:E0:03:96:71:C7,NA,(not associated),-63,13
D2:F2:47:F7:CC:AE,NA,(not associated),-27,13
E6:E8:35:DB:D0:4C,NA,(not associated),-55,13
F6:BD:51:00:5C:45,NA,(not associated),-49,13
FA:E5:B5:5A:51:4F,NA,(not associated),-67,13
06:01:2B:F8:74:A0,NA,(not associated),-53,12
06:15:2E:12:C8:A6,NA,E8:28:C1:DD:04:40,-63,12
06:CE:0B:EE:66:2E,NA,(not associated),-53,12
16:A8:0D:6D:E4:E5,NA,(not associated),-55,12
16:BE:8A:49:61:6D,NA,(not associated),-57,12
26:39:A7:51:29:F6,NA,(not associated),-55,12
3E:DB:88:0B:E6:FE,NA,86:DF:BF:E4:2F:23,-71,12
3E:F0:DC:A6:90:26,NA,(not associated),-55,12
3E:FF:DA:75:17:38,NA,(not associated),-59,12
56:44:BD:82:79:99,NA,(not associated),-53,12
56:C5:2B:9F:84:90,NA,(not associated),-43,12
5E:B4:4F:99:2D:56,NA,(not associated),-51,12
5E:C0:A3:79:C7:48,NA,E8:28:C1:DC:B2:52,-63,12
6A:24:D8:0F:CC:F8,NA,(not associated),-55,12
6A:AE:70:91:03:48,NA,E8:28:C1:DC:B2:41,-63,12
72:58:69:DB:59:C7,NA,E8:28:C1:DC:F0:90,-69,12
7A:AD:DA:18:B6:EE,NA,(not associated),-67,12
82:7B:50:25:81:BC,NA,(not associated),-41,12
86:5B:7A:36:7A:5A,NA,(not associated),-61,12
8E:93:FE:9A:20:51,NA,(not associated),-47,12
92:7A:FF:99:04:9A,NA,(not associated),-49,12
9E:28:F7:49:55:DC,NA,(not associated),-53,12
A2:20:BA:D6:11:85,NA,(not associated),-51,12
A2:66:D9:5C:65:BE,NA,(not associated),-53,12
A2:D9:EB:CE:1F:BE,NA,(not associated),-47,12
A6:1A:87:6B:06:D3,NA,(not associated),-59,12
AE:98:7E:EE:76:9A,NA,(not associated),-47,12
BE:A2:3D:E1:04:90,NA,(not associated),-53,12
C6:41:77:99:88:AA,NA,(not associated),-47,12
D2:48:E5:F2:45:3E,NA,(not associated),-51,12
DA:38:FC:21:76:B5,NA,(not associated),-47,12
DA:A1:19:9E:5F:8C,NA,(not associated),-59,12
E0:75:26:64:09:FE,China Dragon Technology Limited,(not associated),-59,12
E2:98:25:1F:45:DE,NA,(not associated),-59,12
E6:11:D2:96:53:D9,NA,(not associated),-61,12
EA:C6:BD:2D:F5:98,NA,(not associated),-45,12
FA:18:5C:EA:D3:66,NA,(not associated),-55,12
FA:39:A0:58:80:05,NA,(not associated),-39,12
02:14:78:1B:76:69,NA,(not associated),-55,11
06:22:F0:8F:66:40,NA,(not associated),-65,11
12:4F:57:7E:D6:69,NA,(not associated),-57,11
1A:4D:73:8B:88:B4,NA,(not associated),-57,11
1E:2B:3F:EE:6B:44,NA,(not associated),-49,11
22:17:EC:39:06:82,NA,00:25:00:FF:94:73,-70,11
22:DD:07:49:92:00,NA,(not associated),-31,11
2A:20:99:BE:E5:EF,NA,E8:28:C1:DC:B2:50,-61,11
2E:38:60:2B:F4:BA,NA,(not associated),-59,11
32:92:C8:D4:2D:7D,NA,(not associated),-63,11
4A:31:B1:76:5C:6E,NA,(not associated),-55,11
52:DB:80:76:08:7A,NA,(not associated),-65,11
5A:E0:42:35:D4:AB,NA,(not associated),-47,11
62:8B:0E:D1:BF:80,NA,(not associated),-45,11
66:D7:B1:8A:AC:EB,NA,(not associated),-57,11
6A:78:C5:66:DB:2E,NA,(not associated),-59,11
76:A7:1B:03:3B:30,NA,(not associated),-51,11
76:FB:38:3B:66:D8,NA,(not associated),-53,11
7A:AC:7F:97:B0:4E,NA,(not associated),-53,11
86:A4:E4:22:75:AF,NA,(not associated),-61,11
8A:64:10:B9:41:49,NA,(not associated),-41,11
96:C9:23:2F:1B:2B,NA,(not associated),-53,11
A2:64:B6:C3:AA:5D,NA,(not associated),-63,11
A4:02:B9:73:83:18,Intel Corporate,(not associated),-69,11
BA:C7:41:32:BE:15,NA,(not associated),-43,11
BA:D3:26:71:7B:7A,NA,(not associated),-35,11
C2:21:19:C9:9E:9D,NA,(not associated),-55,11
D2:45:17:5D:55:44,NA,(not associated),-55,11
D2:E4:62:15:6F:66,NA,(not associated),-35,11
D6:5E:6B:8D:59:41,NA,(not associated),-67,11
DA:A1:19:98:D2:A6,NA,(not associated),-61,11
EA:06:B1:05:B6:FD,NA,(not associated),-53,11
EE:BE:21:A1:A5:98,NA,(not associated),-55,11
F6:E2:D2:4D:6E:4C,NA,(not associated),-59,11
FA:10:2C:F7:0C:30,NA,(not associated),-51,11
FA:74:90:32:41:01,NA,(not associated),-45,11
FA:F6:EC:DA:BE:1B,NA,(not associated),-55,11
02:4F:59:FB:38:9A,NA,(not associated),-53,10
0A:0F:7E:94:9E:9D,NA,(not associated),-57,10
0E:48:73:62:D1:46,NA,(not associated),-53,10
0E:E3:D6:A9:FE:AF,NA,(not associated),-51,10
0E:E7:BD:BC:59:1F,NA,(not associated),-63,10
0E:EF:92:99:E1:EB,NA,(not associated),-39,10
1E:EB:46:72:30:0D,NA,(not associated),-55,10
22:24:80:0F:1F:E4,NA,(not associated),-45,10
2E:13:F8:BC:3A:87,NA,(not associated),-57,10
2E:59:4A:4D:9E:C4,NA,(not associated),-39,10
32:A6:08:7C:F1:8F,NA,(not associated),-61,10
36:48:D1:E6:13:4A,NA,(not associated),-31,10
3A:B4:33:31:CF:A6,NA,(not associated),-53,10
42:61:0E:C5:B5:86,NA,(not associated),-61,10
4A:19:5E:82:18:D3,NA,(not associated),-59,10
4C:44:5B:36:96:C9,Intel Corporate,76:70:AF:A4:D2:AF,-75,10
4E:21:DA:06:96:79,NA,(not associated),-35,10
4E:97:17:60:30:30,NA,(not associated),-45,10
4E:E9:FE:63:42:DB,NA,(not associated),-55,10
56:67:EA:B0:1D:87,NA,(not associated),-49,10
7A:92:8F:99:71:25,NA,(not associated),-31,10
82:A1:1E:09:3B:04,NA,(not associated),-45,10
8A:26:DE:0B:AA:F6,NA,(not associated),-47,10
8E:19:0B:83:98:7D,NA,(not associated),-63,10
8E:58:82:8E:0D:4A,NA,00:25:00:FF:94:73,-74,10
A6:A4:2F:00:EF:35,NA,(not associated),-51,10
AA:D3:AF:53:2A:A3,NA,(not associated),-51,10
AA:EC:64:BE:CD:B5,NA,(not associated),-57,10
AE:90:54:55:55:55,NA,(not associated),-43,10
AE:D9:54:AD:F7:7F,NA,(not associated),-47,10
BA:30:BC:6F:7D:23,NA,(not associated),-69,10
BA:FD:89:12:87:42,NA,(not associated),-53,10
BA:FD:94:CF:92:24,NA,(not associated),-29,10
C6:A9:6F:6A:B8:5B,NA,(not associated),-55,10
CA:C6:27:0D:38:99,NA,(not associated),-49,10
CA:E1:08:B1:2D:1B,NA,(not associated),-47,10
CE:C0:90:6B:E5:A2,NA,(not associated),-55,10
D6:AC:7D:35:AE:FB,NA,(not associated),-47,10
EE:12:59:E6:0E:B2,NA,00:25:00:FF:94:73,-63,10
EE:9D:7B:DE:DF:62,NA,00:25:00:FF:94:73,-70,10
F6:51:34:95:12:6E,NA,(not associated),-55,10
F6:74:34:56:97:E2,NA,(not associated),-39,10
F6:C0:CE:39:75:8E,NA,(not associated),-49,10
F6:C8:95:18:42:C0,NA,(not associated),-51,10
FA:31:4B:D9:69:55,NA,(not associated),-55,10
FA:E8:D7:1E:9C:C7,NA,(not associated),-57,10
FE:7E:FF:84:B3:CB,NA,(not associated),-57,10
06:43:79:B6:EB:3C,NA,(not associated),-61,9
06:F8:DC:B8:0F:8F,NA,(not associated),-63,9
0A:C2:C3:08:9E:F8,NA,E8:28:C1:DD:04:40,-59,9
0E:BD:C5:8F:56:BC,NA,(not associated),-63,9
0E:EF:92:77:85:C8,NA,(not associated),-47,9
10:32:7E:8A:8C:D9,"Huawei Device Co., Ltd.",(not associated),-63,9
10:51:07:FF:1E:91,Intel Corporate,(not associated),-69,9
10:51:07:FF:28:69,Intel Corporate,(not associated),-67,9
12:13:F7:90:CA:62,NA,(not associated),-53,9
12:BC:30:86:AE:CF,NA,(not associated),-51,9
16:FD:B3:E3:BF:51,NA,(not associated),-69,9
1E:1E:2D:30:05:E5,NA,(not associated),-51,9
1E:6E:77:28:F5:EF,NA,(not associated),-31,9
22:AF:44:38:5A:06,NA,(not associated),-49,9
22:D6:0F:CB:14:03,NA,(not associated),-53,9
26:7B:C5:AE:BE:3F,NA,(not associated),-53,9
26:91:4F:7E:81:2F,NA,(not associated),-57,9
32:78:60:70:DC:D4,NA,(not associated),-55,9
32:FD:C0:26:20:80,NA,(not associated),-49,9
36:21:E9:EF:91:E3,NA,(not associated),-65,9
36:54:4E:48:D5:33,NA,(not associated),-59,9
36:87:24:D3:65:95,NA,(not associated),-53,9
36:B0:86:E9:17:8E,NA,(not associated),-53,9
36:BE:BC:7B:2E:F2,NA,(not associated),-47,9
36:E8:DD:93:21:40,NA,(not associated),-35,9
3A:0E:8B:5F:85:48,NA,(not associated),-57,9
3A:AF:68:26:06:D4,NA,(not associated),-59,9
3E:51:02:01:45:B5,NA,(not associated),-59,9
42:01:15:4C:43:E2,NA,(not associated),-43,9
42:68:1A:5A:3A:25,NA,(not associated),-59,9
42:96:F9:75:02:F2,NA,(not associated),-45,9
46:95:46:D5:0C:6B,NA,(not associated),-61,9
46:E3:9B:D8:83:B4,NA,(not associated),-61,9
4A:C9:41:99:FF:00,NA,(not associated),-55,9
52:93:C6:1C:ED:06,NA,(not associated),-29,9
56:69:D0:28:9E:20,NA,(not associated),-55,9
5A:DD:4F:78:53:0E,NA,(not associated),-82,9
5E:53:AF:77:B3:51,NA,(not associated),-55,9
62:78:97:DD:EB:54,NA,(not associated),-45,9
62:F5:1E:3C:F6:0D,NA,(not associated),-43,9
66:69:6F:8F:E5:B7,NA,(not associated),-55,9
6A:56:25:D1:B7:72,NA,(not associated),-51,9
76:B0:5B:D7:8E:FC,NA,(not associated),-61,9
7A:7F:C1:51:A8:94,NA,(not associated),-51,9
7A:E3:72:F0:F6:40,NA,E8:28:C1:DC:B2:52,-1,9
82:57:94:2F:01:CD,NA,(not associated),-51,9
82:80:0D:C6:3A:6B,NA,(not associated),-59,9
82:93:BA:BA:DB:C3,NA,(not associated),-49,9
82:9A:CE:A1:92:12,NA,(not associated),-57,9
86:0C:FD:78:E7:74,NA,(not associated),-37,9
8A:EA:83:77:42:31,NA,(not associated),-57,9
8C:55:4A:DF:74:E2,Intel Corporate,(not associated),-83,9
8E:CC:A6:3D:48:44,NA,(not associated),-39,9
9A:BC:20:7E:CB:68,NA,(not associated),-53,9
9A:F2:90:BA:BC:38,NA,(not associated),-47,9
A2:83:B4:2A:E7:7A,NA,(not associated),-83,9
A2:EC:9C:1C:7A:31,NA,(not associated),-51,9
B2:A3:BB:10:C1:5A,NA,(not associated),-57,9
B6:E7:85:23:B3:9E,NA,(not associated),-59,9
BA:03:F2:AF:56:84,NA,(not associated),-51,9
BE:70:D2:47:AB:3F,NA,(not associated),-53,9
BE:F2:16:44:AF:E1,NA,(not associated),-57,9
C2:28:18:48:89:56,NA,(not associated),-55,9
C2:DB:E4:AC:57:5F,NA,(not associated),-55,9
C6:68:6B:95:99:75,NA,(not associated),-53,9
C6:EE:6D:39:AD:2D,NA,(not associated),-55,9
CA:98:DF:6D:43:E4,NA,(not associated),-43,9
D0:7F:A0:A2:20:23,"Samsung Electronics Co.,Ltd",(not associated),-53,9
D6:29:50:B3:C8:81,NA,(not associated),-45,9
D6:3E:72:FD:39:FE,NA,(not associated),-47,9
DA:A1:19:90:FC:F4,NA,(not associated),-69,9
DA:B5:28:4A:FC:4D,NA,00:26:99:F2:7A:E2,-65,9
DE:BF:AD:02:A1:54,NA,(not associated),-47,9
E2:B8:33:35:0E:AF,NA,(not associated),-43,9
E6:F6:9B:3F:A8:CC,NA,(not associated),-53,9
EA:48:ED:33:42:29,NA,(not associated),-59,9
EE:C4:D6:95:C8:BC,NA,(not associated),-49,9
F2:A7:7D:89:DD:AE,NA,(not associated),-55,9
F2:AD:9E:69:1B:BF,NA,(not associated),-57,9
F6:17:8B:A7:8C:F1,NA,(not associated),-47,9
F6:BF:E2:C4:EB:6B,NA,(not associated),-47,9
FE:02:3D:90:3E:EE,NA,(not associated),-65,9
00:F4:8D:F7:C5:19,Liteon Technology Corporation,92:F5:7B:43:0B:69,-73,8
02:07:AF:7A:4B:8F,NA,(not associated),-55,8
02:23:2E:6E:8D:6C,NA,(not associated),-57,8
02:69:C9:6B:42:7C,NA,(not associated),-51,8
02:92:5C:31:88:D8,NA,(not associated),-59,8
06:3E:D6:40:9C:7F,NA,(not associated),-59,8
06:65:09:62:80:87,NA,(not associated),-55,8
06:F7:1C:EF:A5:C1,NA,(not associated),-53,8
06:FF:5A:90:8C:A4,NA,(not associated),-55,8
0A:7D:C9:93:F6:FA,NA,(not associated),-57,8
0A:82:80:A7:55:12,NA,(not associated),-65,8
0A:AF:00:C0:3D:1C,NA,(not associated),-49,8
0E:1B:2F:F5:13:FE,NA,(not associated),-49,8
0E:EF:92:81:75:31,NA,(not associated),-37,8
12:49:27:AA:B0:A5,NA,00:26:99:F2:7A:E2,-57,8
16:E0:99:94:F3:02,NA,(not associated),-53,8
1A:EB:6A:90:9F:C3,NA,(not associated),-53,8
1E:EA:14:59:B9:D1,NA,(not associated),-57,8
22:27:E7:54:CF:C3,NA,(not associated),-49,8
26:24:C4:CF:44:50,NA,(not associated),-51,8
26:93:59:4D:19:1B,NA,(not associated),-55,8
2A:07:30:4E:30:8A,NA,(not associated),-59,8
2A:55:14:14:C0:13,NA,(not associated),-67,8
2E:2F:50:FE:05:34,NA,(not associated),-61,8
32:5E:7F:22:D0:0C,NA,(not associated),-49,8
3A:1E:D8:7E:3F:7A,NA,(not associated),-55,8
3A:C6:CC:2B:E4:E7,NA,(not associated),-51,8
3A:FD:62:4A:38:F9,NA,(not associated),-49,8
3E:85:4E:07:F6:30,NA,(not associated),-51,8
3E:86:A4:20:05:6F,NA,(not associated),-57,8
3E:D0:3E:C4:B0:E7,NA,(not associated),-57,8
42:30:A5:89:BC:42,NA,(not associated),-49,8
46:16:A0:F1:0D:C3,NA,(not associated),-57,8
46:7F:DB:74:E6:ED,NA,(not associated),-47,8
46:B2:F1:E0:3D:2A,NA,(not associated),-53,8
4A:0E:13:DC:C7:F0,NA,(not associated),-51,8
4A:1C:19:45:C0:AA,NA,(not associated),-55,8
4A:57:15:C9:C7:2F,NA,(not associated),-55,8
4E:E8:C6:56:7C:6D,NA,(not associated),-47,8
50:98:39:4A:84:FE,Xiaomi Communications Co Ltd,(not associated),-61,8
52:1D:66:9C:B3:E7,NA,(not associated),-55,8
56:6D:1B:79:85:C9,NA,(not associated),-61,8
56:90:BC:4F:9A:FB,NA,(not associated),-55,8
56:96:9C:D0:2F:9E,NA,(not associated),-45,8
5A:5C:54:A1:F2:BA,NA,(not associated),-57,8
5A:A2:E5:31:4F:5A,NA,(not associated),-49,8
5E:9C:50:F8:E8:41,NA,(not associated),-57,8
62:0A:45:4F:C4:E9,NA,(not associated),-55,8
62:9A:B1:88:D9:95,NA,(not associated),-59,8
62:F7:AA:0D:9E:36,NA,(not associated),-53,8
66:63:26:D7:32:44,NA,(not associated),-53,8
6A:38:C5:2F:2F:C0,NA,(not associated),-55,8
6A:8A:08:89:42:F1,NA,(not associated),-55,8
6E:6D:AB:FE:B8:2E,NA,(not associated),-61,8
72:02:A8:1C:FE:61,NA,(not associated),-49,8
72:D4:74:D3:DF:F5,NA,(not associated),-35,8
7A:96:EA:42:27:84,NA,(not associated),-57,8
82:2C:14:6E:67:24,NA,(not associated),-47,8
82:32:E1:05:7E:45,NA,(not associated),-51,8
82:C0:0F:2C:C2:2E,NA,(not associated),-63,8
86:04:1B:4F:8B:52,NA,(not associated),-51,8
86:87:12:1F:90:F8,NA,(not associated),-63,8
86:8A:13:F8:DF:26,NA,(not associated),-63,8
8A:B5:76:CC:36:2B,NA,(not associated),-61,8
8E:34:90:36:14:1E,NA,(not associated),-49,8
8E:79:79:44:B5:9F,NA,(not associated),-51,8
92:74:F4:CD:31:47,NA,(not associated),-47,8
92:9F:F8:FC:A9:5C,NA,(not associated),-59,8
96:46:15:BC:13:41,NA,(not associated),-59,8
96:8A:C6:D0:D0:D0,NA,(not associated),-63,8
9A:11:AF:31:EF:31,NA,(not associated),-61,8
9A:3C:9C:0D:AF:87,NA,(not associated),-51,8
9E:8B:4C:E2:89:DA,NA,(not associated),-51,8
A2:19:C1:F8:99:D2,NA,(not associated),-55,8
A6:3E:3E:88:57:43,NA,(not associated),-65,8
AA:9D:DF:2C:F6:3D,NA,(not associated),-43,8
AA:A4:33:70:0B:36,NA,(not associated),-57,8
B2:64:77:08:C4:CC,NA,(not associated),-67,8
B6:3F:79:E3:F1:D5,NA,(not associated),-55,8
B6:F7:C4:6E:0C:0B,NA,(not associated),-43,8
BA:76:3A:72:5D:93,NA,(not associated),-61,8
BA:A3:ED:12:E6:63,NA,(not associated),-57,8
BE:0B:E2:F0:9B:DB,NA,(not associated),-57,8
BE:D0:28:AF:AB:75,NA,(not associated),-61,8
C2:65:C9:17:B7:49,NA,(not associated),-53,8
C2:DF:12:B9:57:FF,NA,(not associated),-47,8
C6:E4:7B:0F:55:DF,NA,E8:28:C1:DE:74:32,-45,8
CA:40:CD:E4:1D:74,NA,(not associated),-57,8
CA:8F:05:5A:6E:8F,NA,(not associated),-55,8
CA:9A:F6:B8:5C:9D,NA,(not associated),-61,8
CA:C5:26:64:85:60,NA,(not associated),-53,8
CE:7D:50:3F:B5:FC,NA,(not associated),-59,8
D2:8A:07:FB:F9:9B,NA,(not associated),-59,8
D2:DC:E1:EF:37:E5,NA,(not associated),-57,8
D6:31:66:C3:01:00,NA,(not associated),-31,8
D6:E9:EB:92:E1:1D,NA,(not associated),-63,8
DA:AA:77:87:B6:CA,NA,(not associated),-55,8
DE:AB:04:60:93:4B,NA,(not associated),-59,8
DE:EC:8B:92:38:83,NA,(not associated),-59,8
E6:71:8E:42:1B:96,NA,(not associated),-55,8
E6:77:34:13:61:43,NA,(not associated),-45,8
E6:B7:D7:84:55:4C,NA,(not associated),-55,8
E6:E3:CB:66:C4:4D,NA,8E:1F:94:96:DA:FD,-73,8
EA:F0:BC:04:3A:55,NA,(not associated),-53,8
EE:BD:AB:99:B4:AD,NA,(not associated),-63,8
F2:5B:C1:B3:9F:18,NA,(not associated),-67,8
F6:20:BD:68:A4:47,NA,(not associated),-51,8
FA:89:1A:72:F0:75,NA,00:25:00:FF:94:73,-71,8
FA:9E:F0:67:14:FB,NA,(not associated),-57,8
FA:B6:8E:23:8D:C5,NA,(not associated),-57,8
FA:E7:90:46:49:D8,NA,(not associated),-53,8
FE:41:FA:9B:95:05,NA,(not associated),-61,8
02:2D:09:6F:07:A1,NA,(not associated),-61,7
02:7B:DB:4C:AD:72,NA,(not associated),-53,7
06:F1:A3:27:E5:54,NA,(not associated),-59,7
0A:1B:F7:BA:3C:7A,NA,(not associated),-51,7
0A:53:CC:C9:20:0C,NA,(not associated),-83,7
0A:56:B5:39:E5:83,NA,(not associated),-57,7
0A:5A:3E:AB:E4:78,NA,(not associated),-55,7
0A:5A:50:3F:15:33,NA,(not associated),-45,7
0A:96:B2:A4:44:E2,NA,(not associated),-51,7
0E:18:A2:BD:25:79,NA,(not associated),-55,7
0E:6D:A0:B7:81:30,NA,(not associated),-61,7
0E:EF:92:0D:65:22,NA,(not associated),-41,7
0E:EF:92:3E:84:53,NA,(not associated),-45,7
0E:EF:92:C3:BD:7D,NA,(not associated),-47,7
0E:EF:92:FB:BA:A8,NA,(not associated),-43,7
10:51:07:FF:1E:4B,Intel Corporate,(not associated),-67,7
12:9D:E1:A3:C5:7F,NA,(not associated),-59,7
16:98:D4:B9:4C:DE,NA,(not associated),-57,7
16:A3:88:A8:2E:07,NA,(not associated),-55,7
16:F2:26:B7:C7:0F,NA,(not associated),-65,7
1A:BB:FF:B0:92:C9,NA,(not associated),-51,7
1A:FB:CB:9B:09:C0,NA,(not associated),-65,7
1E:00:11:5B:B3:5C,NA,(not associated),-43,7
1E:28:D3:C0:65:D5,NA,(not associated),-57,7
1E:81:AE:F3:CC:4D,NA,(not associated),-59,7
1E:89:49:42:66:1A,NA,(not associated),-59,7
1E:FE:C3:DE:1B:97,NA,(not associated),-61,7
22:B1:D3:0A:05:48,NA,(not associated),-57,7
22:F2:40:4D:C4:78,NA,(not associated),-59,7
26:35:50:1C:B7:AF,NA,(not associated),-67,7
26:47:F7:AF:DB:60,NA,(not associated),-59,7
26:B3:A2:2A:D8:EA,NA,(not associated),-61,7
2A:1A:C8:7C:A4:68,NA,(not associated),-51,7
2A:4D:11:C7:4B:31,NA,(not associated),-61,7
2A:53:38:A1:C1:B4,NA,(not associated),-53,7
2A:71:C2:E2:32:4E,NA,(not associated),-61,7
2A:9F:C0:4A:C5:79,NA,(not associated),-59,7
2A:A3:26:CD:3B:C4,NA,(not associated),-39,7
2A:CB:38:22:70:07,NA,(not associated),-53,7
2E:56:63:7F:B7:88,NA,(not associated),-61,7
2E:F0:25:7C:E2:C0,NA,(not associated),-53,7
2E:F1:F1:AC:1B:89,NA,(not associated),-59,7
32:36:EA:D0:F5:EB,NA,(not associated),-47,7
32:9C:2C:D9:5E:EF,NA,(not associated),-53,7
36:95:22:D0:DE:B8,NA,(not associated),-45,7
3A:67:68:FF:F1:E5,NA,(not associated),-45,7
3A:7F:78:0C:63:7F,NA,(not associated),-51,7
3E:2A:EE:07:86:95,NA,(not associated),-63,7
3E:3C:89:C8:A3:BF,NA,(not associated),-47,7
3E:D5:C8:C0:39:1F,NA,(not associated),-51,7
3E:F1:09:98:4D:C1,NA,(not associated),-61,7
42:93:3D:77:DC:3E,NA,(not associated),-45,7
42:CB:FD:B1:D0:0E,NA,(not associated),-75,7
46:03:1C:B4:BB:2C,NA,(not associated),-47,7
46:3B:EE:7A:03:70,NA,(not associated),-53,7
46:71:9C:1B:A3:8C,NA,(not associated),-57,7
46:87:F6:CD:BB:46,NA,(not associated),-65,7
4A:9E:42:0F:78:2E,NA,(not associated),-37,7
4E:5E:91:34:0B:8F,NA,(not associated),-65,7
4E:67:E9:2C:02:0A,NA,(not associated),-59,7
4E:C4:89:EC:2E:C4,NA,(not associated),-53,7
56:64:6D:F8:07:37,NA,(not associated),-57,7
56:78:AB:DC:D4:A8,NA,(not associated),-53,7
56:87:93:FC:C2:1D,NA,(not associated),-57,7
5A:38:58:95:98:50,NA,(not associated),-61,7
5A:4E:E9:51:2C:65,NA,(not associated),-55,7
5A:5F:61:E2:58:97,NA,(not associated),-55,7
5A:EE:26:EF:62:A3,NA,(not associated),-33,7
5E:8B:C0:3D:83:6C,NA,(not associated),-59,7
66:3B:49:66:48:66,NA,(not associated),-39,7
66:AB:A6:B3:21:0C,NA,(not associated),-55,7
66:CE:FD:BE:06:D6,NA,(not associated),-57,7
6E:33:D6:D5:C8:0D,NA,(not associated),-57,7
6E:AD:49:88:D0:B7,NA,(not associated),-51,7
72:68:9B:FB:87:44,NA,(not associated),-61,7
72:A5:C5:68:B8:DF,NA,(not associated),-57,7
72:B0:15:4A:4A:CB,NA,(not associated),-53,7
76:9C:D1:AE:E0:94,NA,(not associated),-57,7
76:FC:84:8A:2C:48,NA,(not associated),-61,7
7E:22:CE:70:D3:ED,NA,(not associated),-67,7
7E:7F:82:CA:F4:0B,NA,(not associated),-55,7
7E:D7:0E:64:19:AF,NA,(not associated),-59,7
7E:E6:C4:FC:22:96,NA,(not associated),-61,7
7E:EA:BC:59:1A:4C,NA,(not associated),-57,7
82:1B:60:81:75:03,NA,(not associated),-53,7
82:2F:F8:C1:89:B1,NA,(not associated),-49,7
82:6B:97:06:F5:23,NA,(not associated),-55,7
82:86:28:A5:94:3E,NA,(not associated),-63,7
82:B2:B2:20:3E:EC,NA,(not associated),-45,7
86:44:58:72:7F:BA,NA,(not associated),-61,7
86:6B:2B:F0:B1:DF,NA,(not associated),-57,7
8A:57:D8:B2:92:76,NA,(not associated),-51,7
8A:85:78:2C:F0:21,NA,(not associated),-49,7
8A:8B:16:62:5E:93,NA,(not associated),-39,7
8E:56:AE:CF:7C:E6,NA,(not associated),-45,7
8E:5B:65:0B:30:41,NA,(not associated),-45,7
8E:D5:98:08:56:82,NA,(not associated),-51,7
8E:FB:EE:98:34:F8,NA,(not associated),-53,7
92:08:5A:1A:A7:AC,NA,(not associated),-57,7
92:5E:3F:96:7A:05,NA,(not associated),-53,7
92:73:AE:38:33:7A,NA,(not associated),-47,7
92:97:18:1B:86:97,NA,(not associated),-53,7
96:3F:3A:E3:83:2F,NA,(not associated),-51,7
96:40:03:02:AF:C4,NA,(not associated),-57,7
96:68:C9:57:19:C7,NA,(not associated),-47,7
96:F0:5D:F1:80:64,NA,(not associated),-51,7
9A:2F:68:5D:1E:57,NA,(not associated),-51,7
9E:29:EA:E9:70:20,NA,E8:28:C1:DC:B2:50,-61,7
9E:50:A1:D3:20:6E,NA,(not associated),-55,7
9E:C7:4C:7A:56:95,NA,(not associated),-57,7
9E:EB:55:A4:52:5E,NA,(not associated),-53,7
A2:05:68:CE:87:24,NA,(not associated),-57,7
A2:09:48:34:84:5E,NA,(not associated),-53,7
A2:6C:67:83:DD:B1,NA,(not associated),-65,7
A2:95:D8:84:1D:B1,NA,(not associated),-53,7
A6:38:05:F2:2F:3B,NA,(not associated),-55,7
A6:EC:3C:AB:BA:10,NA,(not associated),-49,7
AA:25:93:1D:D9:C5,NA,(not associated),-53,7
AA:62:BC:EA:07:46,NA,(not associated),-57,7
AA:DB:4C:95:E6:F7,NA,(not associated),-55,7
AE:25:4A:C4:CF:51,NA,(not associated),-37,7
AE:55:84:A9:6C:55,NA,(not associated),-59,7
AE:87:A5:F0:6F:02,NA,(not associated),-65,7
AE:8B:D5:E7:51:82,NA,(not associated),-49,7
AE:96:CE:F6:D4:23,NA,(not associated),-61,7
AE:AD:E1:1E:79:AE,NA,(not associated),-53,7
AE:FD:6D:7C:AC:BC,NA,(not associated),-55,7
B6:4D:80:87:12:F1,NA,(not associated),-53,7
BA:3A:40:BD:BE:3C,NA,(not associated),-55,7
BA:9F:EC:69:FA:9B,NA,(not associated),-51,7
BA:A5:9D:30:7E:D3,NA,(not associated),-59,7
BA:C5:F2:E0:15:3F,NA,(not associated),-47,7
BA:DD:9F:08:F9:E0,NA,(not associated),-59,7
BA:EC:44:92:1E:3B,NA,(not associated),-53,7
BA:FA:D5:05:D8:AE,NA,(not associated),-59,7
BA:FB:D5:DC:D4:E0,NA,(not associated),-57,7
BC:F1:71:D4:E5:2C,Intel Corporate,E8:28:C1:DC:0B:B0,-75,7
BE:D2:70:86:4B:21,NA,(not associated),-55,7
C2:02:41:D8:2D:8B,NA,(not associated),-57,7
C2:AC:8D:31:59:04,NA,(not associated),-53,7
C2:FD:C5:7E:19:09,NA,(not associated),-55,7
C6:24:02:E7:6F:B1,NA,(not associated),-55,7
C6:50:CB:BE:AB:00,NA,(not associated),-65,7
C6:5C:E4:4D:32:B9,NA,(not associated),-75,7
C6:D1:B7:D2:B5:D2,NA,(not associated),-47,7
CA:4E:CA:45:ED:2C,NA,(not associated),-53,7
CA:CB:32:95:C3:58,NA,(not associated),-53,7
CA:CC:08:13:ED:35,NA,(not associated),-61,7
CE:6A:1F:CD:3C:0F,NA,(not associated),-43,7
D2:0B:96:3D:72:D6,NA,(not associated),-43,7
D2:1D:5C:23:05:21,NA,(not associated),-49,7
D2:E4:25:2B:6B:72,NA,(not associated),-55,7
D2:F2:CB:58:D9:67,NA,(not associated),-53,7
D6:51:C1:76:64:A4,NA,(not associated),-53,7
DA:56:55:44:36:7A,NA,(not associated),-45,7
DA:CB:B4:C4:8F:D2,NA,(not associated),-63,7
DA:D4:39:12:A7:7B,NA,(not associated),-51,7
E6:50:CF:C5:29:1C,NA,(not associated),-51,7
E6:B1:A5:E1:66:8A,NA,(not associated),-53,7
EA:31:B2:49:02:46,NA,(not associated),-71,7
EA:39:3C:70:F1:7E,NA,(not associated),-43,7
EA:58:10:5D:04:4E,NA,(not associated),-53,7
EA:5D:E5:10:BD:18,NA,(not associated),-55,7
EA:72:76:76:D5:D5,NA,(not associated),-49,7
EA:73:27:12:B3:CB,NA,(not associated),-59,7
EA:7C:37:64:A2:18,NA,00:25:00:FF:94:73,-70,7
EE:68:6C:E4:B9:51,NA,(not associated),-57,7
EE:8C:41:8F:72:68,NA,(not associated),-63,7
F2:8A:DB:36:96:98,NA,(not associated),-57,7
F2:C2:CC:EB:6E:CF,NA,(not associated),-53,7
F6:92:98:F6:6A:F1,NA,(not associated),-69,7
F6:E9:04:C8:71:4F,NA,(not associated),-59,7
FA:4A:96:04:33:10,NA,(not associated),-59,7
FA:78:11:85:CE:FC,NA,(not associated),-59,7
FE:2D:C9:6C:F4:0D,NA,(not associated),-61,7
FE:F2:D5:5A:00:56,NA,(not associated),-51,7
02:41:E7:08:D9:E9,NA,(not associated),-49,6
02:42:B1:00:77:2E,NA,(not associated),-61,6
02:45:73:F2:9B:72,NA,(not associated),-49,6
02:48:9F:77:45:9A,NA,(not associated),-55,6
02:4B:62:53:8D:B9,NA,(not associated),-59,6
02:8B:92:EC:71:52,NA,(not associated),-63,6
02:E3:0B:6D:72:76,NA,(not associated),-45,6
02:F8:E0:20:65:6D,NA,(not associated),-61,6
04:B1:A1:F4:18:DF,"Samsung Electronics Co.,Ltd",(not associated),-55,6
06:B3:FC:02:76:7F,NA,(not associated),-53,6
06:E5:45:73:42:D1,NA,(not associated),-49,6
0E:41:7D:40:9B:FD,NA,(not associated),-63,6
0E:C1:20:82:AB:5B,NA,(not associated),-61,6
0E:EE:9C:C4:68:82,NA,(not associated),-61,6
0E:EF:92:45:92:45,NA,(not associated),-39,6
0E:EF:92:9F:E2:90,NA,(not associated),-51,6
0E:EF:92:C9:D5:F8,NA,(not associated),-43,6
0E:FF:C1:8F:B2:D7,NA,(not associated),-65,6
12:83:3A:9D:29:34,NA,(not associated),-53,6
12:BF:1A:10:19:30,NA,(not associated),-59,6
12:FE:03:3E:C5:7A,NA,(not associated),-53,6
16:02:57:1E:8A:8D,NA,(not associated),-51,6
16:1C:D5:4F:6B:7D,NA,(not associated),-53,6
16:23:7A:BE:8E:AC,NA,(not associated),-53,6
16:85:69:9E:1A:5F,NA,(not associated),-61,6
16:C8:FC:C5:F7:E5,NA,(not associated),-59,6
1A:40:76:6B:16:0C,NA,(not associated),-51,6
1A:97:9E:8A:B5:47,NA,(not associated),-63,6
1A:B6:EC:FA:42:6C,NA,(not associated),-53,6
1A:F3:C7:FC:36:C8,NA,(not associated),-53,6
1C:BF:C0:2D:7D:C9,"CHONGQING FUGUI ELECTRONICS CO.,LTD.",(not associated),-67,6
1E:4A:1F:38:A4:7B,NA,(not associated),-49,6
1E:6F:4C:5F:DD:DA,NA,(not associated),-57,6
1E:6F:AF:39:C4:3A,NA,(not associated),-63,6
1E:D7:8E:F5:39:38,NA,(not associated),-75,6
22:A8:EC:BB:63:3F,NA,(not associated),-51,6
22:B2:3E:84:6E:98,NA,(not associated),-53,6
22:C0:ED:CE:14:4B,NA,(not associated),-39,6
22:C6:C4:91:DB:39,NA,(not associated),-55,6
22:E7:3A:F6:C7:0B,NA,(not associated),-43,6
26:01:A0:F9:31:8A,NA,(not associated),-59,6
26:3C:34:D4:C5:C4,NA,(not associated),-53,6
26:40:8B:4A:5C:81,NA,(not associated),-61,6
26:5B:99:5C:D7:AD,NA,(not associated),-63,6
26:84:53:65:FB:0B,NA,(not associated),-51,6
26:A3:AC:8D:A5:3B,NA,(not associated),-55,6
26:A5:A8:2E:31:6A,NA,(not associated),-49,6
26:ED:03:63:CE:7D,NA,(not associated),-49,6
2A:04:55:55:CA:79,NA,(not associated),-27,6
2A:07:8D:82:BF:8B,NA,(not associated),-47,6
2A:60:9F:CD:17:B5,NA,(not associated),-57,6
2A:8D:B1:95:F8:16,NA,(not associated),-63,6
2A:CF:30:90:BC:7E,NA,(not associated),-49,6
2A:DF:98:50:32:3F,NA,(not associated),-65,6
2E:3B:55:7E:CF:D1,NA,(not associated),-53,6
2E:45:41:C9:55:CF,NA,(not associated),-43,6
2E:77:62:3F:10:C3,NA,(not associated),-57,6
2E:81:00:BA:8F:04,NA,(not associated),-65,6
2E:86:C1:32:4F:19,NA,(not associated),-51,6
32:55:E4:61:20:F4,NA,(not associated),-59,6
32:6C:18:74:ED:A5,NA,(not associated),-53,6
32:6F:A5:0B:0B:39,NA,(not associated),-53,6
36:12:03:AC:41:3E,NA,(not associated),-63,6
36:21:05:1E:D7:60,NA,(not associated),-63,6
36:54:AF:3D:FE:C0,NA,(not associated),-49,6
36:DF:6C:37:87:B3,NA,(not associated),-51,6
36:EC:E7:6D:E8:B4,NA,(not associated),-63,6
3A:11:ED:38:62:D1,NA,(not associated),-51,6
3A:5F:2D:C9:5B:5D,NA,(not associated),-53,6
3A:C2:60:12:79:18,NA,(not associated),-59,6
3A:CB:31:B0:C9:E2,NA,(not associated),-61,6
3A:DE:36:E2:CD:C8,NA,(not associated),-51,6
3E:63:E6:12:7E:59,NA,(not associated),-51,6
3E:75:D3:8A:71:F5,NA,(not associated),-61,6
3E:80:71:81:98:53,NA,(not associated),-41,6
3E:F9:22:97:AB:04,NA,(not associated),-57,6
42:F8:D0:F9:7D:F4,NA,(not associated),-57,6
46:05:E1:C9:BE:E4,NA,(not associated),-45,6
46:7D:4E:63:98:A7,NA,(not associated),-45,6
4A:01:69:48:56:92,NA,(not associated),-63,6
4A:27:2D:A2:5F:2B,NA,(not associated),-45,6
4A:40:4E:F6:AD:F0,NA,(not associated),-67,6
4A:B4:E6:77:5D:A6,NA,(not associated),-51,6
4E:0B:39:9F:92:6A,NA,(not associated),-63,6
4E:20:0E:D1:3B:3F,NA,(not associated),-49,6
4E:9A:9E:3D:7E:1A,NA,(not associated),-65,6
4E:BD:6A:DC:6B:7A,NA,(not associated),-59,6
52:0D:84:9E:FB:21,NA,(not associated),-51,6
56:60:14:8B:9A:8E,NA,(not associated),-69,6
56:7A:24:A3:9A:27,NA,(not associated),-55,6
56:AB:6C:C5:C0:B4,NA,(not associated),-53,6
5A:A4:FE:62:77:C6,NA,(not associated),-49,6
5A:B2:FE:B5:BA:E6,NA,(not associated),-57,6
5E:08:76:60:74:70,NA,(not associated),-59,6
5E:CA:36:70:0F:BD,NA,(not associated),-57,6
5E:FF:F9:B2:EB:E3,NA,(not associated),-55,6
62:6E:96:34:89:93,NA,(not associated),-65,6
62:E1:E1:E2:FE:18,NA,(not associated),-55,6
66:52:A1:37:28:69,NA,(not associated),-59,6
66:64:E2:93:36:FD,NA,(not associated),-59,6
66:A6:9F:10:1F:BB,NA,(not associated),-61,6
66:E7:1E:A7:F9:C2,NA,(not associated),-55,6
66:FD:73:D4:A2:7D,NA,(not associated),-57,6
6A:00:2D:88:58:38,NA,(not associated),-57,6
6A:37:6B:3F:CD:65,NA,(not associated),-63,6
6A:E4:65:2D:9B:B3,NA,(not associated),-55,6
6E:2D:2B:21:7C:92,NA,(not associated),-67,6
6E:37:5A:2A:B8:93,NA,(not associated),-59,6
6E:6C:93:AC:59:34,NA,(not associated),-57,6
6E:7B:C4:D0:3F:C4,NA,(not associated),-55,6
6E:7E:6D:23:24:34,NA,(not associated),-39,6
6E:8E:D9:62:5C:7D,NA,(not associated),-53,6
6E:96:52:22:CB:F8,NA,(not associated),-57,6
6E:B1:6B:AE:D5:44,NA,(not associated),-57,6
6E:BD:F7:2A:95:83,NA,(not associated),-63,6
6E:C8:54:88:DF:45,NA,(not associated),-55,6
72:64:A1:2F:4B:38,NA,(not associated),-47,6
72:6F:2D:B5:FE:01,NA,(not associated),-43,6
72:84:A8:4E:A2:2A,NA,(not associated),-51,6
72:98:2A:31:EC:18,NA,(not associated),-41,6
72:B3:C3:66:7D:BB,NA,(not associated),-51,6
72:D5:14:DA:C1:9B,NA,(not associated),-61,6
72:DE:75:30:C7:9F,NA,(not associated),-51,6
72:E9:E3:3D:9C:E2,NA,(not associated),-53,6
76:7C:38:C0:36:ED,NA,(not associated),-59,6
76:80:D6:C2:CA:56,NA,(not associated),-53,6
76:8D:1F:C6:3D:1B,NA,(not associated),-61,6
76:BF:5D:D3:DC:60,NA,(not associated),-57,6
76:CE:ED:7F:1B:78,NA,(not associated),-63,6
76:DF:FF:E4:37:9D,NA,(not associated),-69,6
7A:57:5B:82:C4:CA,NA,(not associated),-53,6
7A:BA:F0:29:3E:5A,NA,(not associated),-39,6
7A:BC:B0:F1:B1:F1,NA,(not associated),-55,6
7E:0A:E9:75:58:A9,NA,(not associated),-65,6
7E:18:32:1F:82:66,NA,(not associated),-55,6
82:7A:90:AA:0E:6E,NA,(not associated),-49,6
82:E8:50:7E:FC:76,NA,(not associated),-55,6
82:FE:4E:9C:1C:66,NA,(not associated),-55,6
86:13:7A:76:98:30,NA,(not associated),-51,6
86:3F:38:00:36:69,NA,(not associated),-69,6
86:58:BB:3E:50:1C,NA,(not associated),-51,6
86:5D:F1:9A:CF:F4,NA,00:25:00:FF:94:73,-66,6
86:71:57:3B:86:9C,NA,(not associated),-53,6
86:85:CF:F7:1A:43,NA,(not associated),-57,6
8A:1A:2F:01:47:7C,NA,(not associated),-59,6
8A:1F:10:BD:17:BC,NA,(not associated),-47,6
8A:95:F0:AB:45:0A,NA,(not associated),-55,6
8A:B8:EA:51:61:B8,NA,(not associated),-57,6
8C:55:4A:DF:86:94,Intel Corporate,(not associated),-71,6
8E:34:24:1E:FD:7A,NA,(not associated),-53,6
8E:5F:23:69:81:EB,NA,(not associated),-63,6
8E:AB:CC:B3:7B:0A,NA,(not associated),-57,6
8E:ED:EB:E9:8E:2F,NA,(not associated),-59,6
92:02:1B:9A:E6:C1,NA,(not associated),-63,6
92:41:66:70:A4:12,NA,(not associated),-51,6
92:83:81:BA:F0:6B,NA,(not associated),-53,6
92:8C:E0:EC:0C:23,NA,(not associated),-53,6
92:AD:23:D0:77:D9,NA,(not associated),-55,6
92:AF:E0:0B:A7:10,NA,(not associated),-59,6
92:EB:7A:60:0C:E5,NA,(not associated),-63,6
96:45:2C:3B:EE:10,NA,(not associated),-57,6
96:5D:6C:91:1A:36,NA,(not associated),-57,6
96:C5:4C:47:F4:DC,NA,(not associated),-69,6
96:E2:11:0E:07:C6,NA,(not associated),-59,6
96:ED:67:A0:FD:C0,NA,(not associated),-57,6
9A:10:72:33:0C:96,NA,(not associated),-53,6
9A:2F:1F:F2:86:A0,NA,(not associated),-57,6
9A:6E:B2:41:09:94,NA,(not associated),-55,6
9A:8B:21:79:46:7B,NA,(not associated),-59,6
9A:FD:94:1C:66:A9,NA,(not associated),-57,6
9E:26:D6:08:6E:89,NA,(not associated),-51,6
9E:3E:93:9D:D0:4E,NA,(not associated),-65,6
9E:5B:DE:BA:52:91,NA,(not associated),-57,6
9E:90:24:90:1B:6E,NA,(not associated),-51,6
9E:C0:18:4E:F4:58,NA,(not associated),-63,6
A2:08:0F:A5:5D:AB,NA,(not associated),-55,6
A2:92:73:46:DF:5B,NA,(not associated),-55,6
A2:D4:67:90:86:25,NA,(not associated),-53,6
A4:02:B9:73:2D:A0,Intel Corporate,(not associated),-67,6
A6:43:AC:B4:B9:EB,NA,(not associated),-55,6
A6:57:BC:8F:94:0C,NA,(not associated),-51,6
A6:BD:2C:84:B8:C8,NA,(not associated),-74,6
A6:CD:D7:AE:18:0B,NA,(not associated),-55,6
A6:D7:86:19:66:CF,NA,(not associated),-53,6
AA:2E:3B:EB:AF:BB,NA,(not associated),-61,6
AA:B5:6E:02:6F:DE,NA,(not associated),-53,6
AE:13:54:F9:EE:96,NA,(not associated),-61,6
AE:35:E1:AF:01:14,NA,(not associated),-57,6
AE:8E:39:49:18:7C,NA,(not associated),-53,6
AE:E4:E6:FE:85:05,NA,(not associated),-55,6
B2:2F:39:81:AD:DC,NA,(not associated),-80,6
B2:65:5D:DF:00:54,NA,(not associated),-57,6
B2:87:B3:97:FC:46,NA,(not associated),-55,6
B2:E4:46:AF:60:40,NA,(not associated),-55,6
B6:01:E0:3F:FE:26,NA,(not associated),-55,6
B6:B3:4D:81:F2:E2,NA,(not associated),-53,6
B6:D7:A2:5E:AF:AD,NA,(not associated),-35,6
BA:2C:61:7F:3E:0D,NA,(not associated),-47,6
BA:5D:D6:A4:43:D6,NA,(not associated),-63,6
BA:8B:FE:DF:56:D4,NA,(not associated),-53,6
BA:9C:D5:26:B3:1E,NA,(not associated),-53,6
BA:BD:C4:BD:12:A3,NA,(not associated),-51,6
BA:BE:43:50:52:8B,NA,(not associated),-55,6
BE:26:18:3B:31:8E,NA,(not associated),-63,6
BE:2A:41:37:15:52,NA,(not associated),-59,6
BE:4E:42:D0:BC:F1,NA,(not associated),-55,6
BE:68:FB:51:65:F0,NA,(not associated),-64,6
BE:F4:61:5A:6A:73,NA,(not associated),-61,6
C2:04:EF:65:05:E7,NA,(not associated),-43,6
C2:30:32:F7:09:9D,NA,(not associated),-51,6
C2:4F:20:F1:A2:EF,NA,(not associated),-59,6
C2:5A:9B:9B:74:17,NA,(not associated),-55,6
C2:70:BF:2F:95:52,NA,(not associated),-51,6
C2:88:40:63:BE:C5,NA,(not associated),-31,6
C6:77:25:75:D8:92,NA,(not associated),-57,6
C6:A7:77:06:52:7D,NA,(not associated),-55,6
C6:A8:A2:44:E1:E6,NA,(not associated),-55,6
CA:68:EE:2D:6C:75,NA,(not associated),-61,6
CA:6A:72:0A:16:56,NA,(not associated),-57,6
CA:9C:CD:DD:0D:DC,NA,(not associated),-43,6
CA:A6:5D:55:EB:80,NA,(not associated),-57,6
CA:C1:2B:20:1B:85,NA,(not associated),-55,6
CA:E6:DB:64:24:4B,NA,(not associated),-49,6
CE:3D:3C:B9:1B:EF,NA,(not associated),-31,6
CE:40:F4:E5:22:94,NA,(not associated),-53,6
CE:7F:49:FF:A9:01,NA,(not associated),-61,6
CE:98:95:65:BE:E9,NA,(not associated),-69,6
CE:A1:8D:69:D2:3A,NA,(not associated),-71,6
CE:E7:6A:C6:E0:F8,NA,(not associated),-67,6
D2:3D:7F:A9:34:C5,NA,(not associated),-63,6
D2:A5:53:AE:74:A1,NA,(not associated),-51,6
D2:BF:E3:B2:1D:DE,NA,(not associated),-59,6
D2:DC:56:66:87:CE,NA,(not associated),-43,6
D6:33:3B:37:85:BC,NA,(not associated),-57,6
D6:7C:7D:61:3B:3C,NA,(not associated),-57,6
D6:C4:D5:B2:CA:E2,NA,(not associated),-61,6
DA:25:F1:AE:E0:A0,NA,(not associated),-57,6
DA:43:2B:89:76:EE,NA,(not associated),-53,6
DA:45:20:87:7F:A3,NA,(not associated),-51,6
DA:87:E5:16:43:FD,NA,(not associated),-57,6
DA:A1:19:79:D2:04,NA,(not associated),-61,6
DA:A1:19:BC:EF:CC,NA,(not associated),-63,6
DC:CC:E6:7B:9B:FC,"Samsung Electronics Co.,Ltd",(not associated),-53,6
DE:15:D0:60:C2:FB,NA,(not associated),-41,6
DE:45:51:17:EB:8A,NA,(not associated),-59,6
DE:EC:76:8A:75:49,NA,(not associated),-53,6
E2:0B:82:2D:BF:DC,NA,(not associated),-67,6
E2:4D:63:C8:B8:63,NA,(not associated),-55,6
E2:4F:6C:8F:05:D4,NA,(not associated),-55,6
E6:45:97:ED:58:1C,NA,(not associated),-47,6
E6:4B:DC:DA:8C:8F,NA,(not associated),-65,6
E6:92:82:52:6D:A6,NA,(not associated),-49,6
E6:AC:CB:FF:22:E7,NA,(not associated),-27,6
E6:D1:79:3C:8F:D8,NA,(not associated),-53,6
EA:00:8D:FB:05:4E,NA,(not associated),-61,6
EA:29:42:70:89:E0,NA,(not associated),-51,6
EA:29:8E:BA:EA:04,NA,(not associated),-57,6
EA:96:E6:0A:96:8C,NA,(not associated),-63,6
EA:9E:8F:E1:B2:64,NA,(not associated),-47,6
EA:B2:11:EC:57:D5,NA,(not associated),-27,6
EA:DD:88:5C:C5:2E,NA,(not associated),-59,6
EE:05:E6:29:6F:A0,NA,(not associated),-59,6
EE:1F:56:B0:CE:38,NA,(not associated),-55,6
EE:44:38:C5:CA:91,NA,(not associated),-59,6
EE:62:EC:1B:5D:0C,NA,00:25:00:FF:94:73,-67,6
EE:80:C1:11:72:E1,NA,(not associated),-63,6
EE:A4:FD:C1:7C:CA,NA,(not associated),-57,6
F2:64:0B:C0:87:3A,NA,(not associated),-55,6
F2:90:CC:1E:6A:53,NA,(not associated),-53,6
F2:C9:82:6F:3F:3F,NA,(not associated),-51,6
F6:23:23:F3:F7:F1,NA,(not associated),-49,6
F6:2F:8A:ED:E4:3D,NA,(not associated),-49,6
F6:3E:5B:90:F7:AC,NA,(not associated),-45,6
F6:7B:04:7C:48:F6,NA,(not associated),-55,6
F6:A6:58:E9:8E:5C,NA,(not associated),-53,6
F6:A6:F4:DE:97:67,NA,(not associated),-59,6
F6:AD:F7:C7:03:3A,NA,(not associated),-61,6
F6:B7:AA:FF:D6:CC,NA,(not associated),-53,6
FA:A5:53:FE:48:F7,NA,(not associated),-57,6
FA:AC:AC:80:01:69,NA,(not associated),-51,6
FA:E0:FC:65:95:7E,NA,(not associated),-61,6
FE:41:FA:72:5C:5C,NA,(not associated),-61,6
FE:41:FA:A4:AA:1E,NA,(not associated),-61,6
FE:41:FA:D9:D3:5F,NA,(not associated),-57,6
FE:49:CD:78:47:9D,NA,(not associated),-43,6
FE:E1:A6:81:8A:9C,NA,(not associated),-57,6
02:45:72:03:4F:BB,NA,(not associated),-59,5
02:6F:1D:10:20:B5,NA,(not associated),-57,5
02:AF:78:4E:71:F3,NA,(not associated),-43,5
02:B2:DF:F6:70:B0,NA,(not associated),-59,5
06:02:3C:F1:F8:A9,NA,(not associated),-57,5
06:0F:77:22:FE:13,NA,(not associated),-43,5
06:25:A6:81:BB:5C,NA,(not associated),-47,5
06:5E:63:2A:A7:FE,NA,(not associated),-55,5
06:65:45:64:F7:C1,NA,(not associated),-41,5
06:AA:F5:4F:BF:44,NA,(not associated),-61,5
06:B5:6F:2C:5C:DB,NA,(not associated),-53,5
06:B9:5C:F0:EB:21,NA,(not associated),-53,5
06:BF:58:D9:AE:C1,NA,(not associated),-59,5
0A:00:65:60:B7:F0,NA,(not associated),-65,5
0A:36:3E:D4:66:8E,NA,(not associated),-57,5
0A:43:FC:B6:0B:B9,NA,(not associated),-59,5
0A:5F:F6:AB:22:2F,NA,(not associated),-84,5
0A:76:32:9D:AC:81,NA,(not associated),-57,5
0A:A2:88:32:62:98,NA,(not associated),-63,5
0A:B1:95:6D:5A:F8,NA,(not associated),-57,5
0A:CC:7C:86:3D:CA,NA,(not associated),-61,5
0E:0D:CE:23:9D:57,NA,(not associated),-35,5
0E:3A:1A:24:81:C0,NA,(not associated),-57,5
0E:71:D9:05:F5:91,NA,(not associated),-47,5
0E:7C:E5:35:61:4D,NA,(not associated),-59,5
0E:A9:03:9F:BF:CE,NA,(not associated),-51,5
0E:BD:B1:E1:93:1E,NA,(not associated),-47,5
0E:C6:76:A4:5D:D2,NA,(not associated),-57,5
0E:CE:CE:C9:25:65,NA,(not associated),-57,5
0E:EF:92:05:5C:11,NA,(not associated),-47,5
0E:EF:92:23:69:12,NA,(not associated),-41,5
0E:EF:92:9F:D7:DB,NA,(not associated),-47,5
12:02:D2:80:4F:82,NA,(not associated),-57,5
12:34:F1:95:BC:51,NA,(not associated),-49,5
12:66:4F:E4:25:33,NA,(not associated),-63,5
12:6B:EB:62:73:27,NA,(not associated),-57,5
12:6D:F8:6E:4B:18,NA,(not associated),-53,5
12:A9:F5:4F:77:B8,NA,(not associated),-51,5
12:C5:C6:5B:47:60,NA,(not associated),-57,5
12:EA:A0:8D:83:C0,NA,(not associated),-53,5
12:EA:A1:27:3F:16,NA,(not associated),-55,5
16:3B:F4:FD:E6:50,NA,(not associated),-69,5
16:3D:E2:69:94:82,NA,(not associated),-55,5
16:5B:2F:0C:21:4D,NA,(not associated),-59,5
16:66:FD:73:0E:90,NA,(not associated),-53,5
16:6E:56:7E:BB:0D,NA,(not associated),-57,5
16:B8:EC:68:B0:C9,NA,(not associated),-61,5
16:BD:05:95:7E:99,NA,(not associated),-53,5
16:F8:C6:8E:E6:96,NA,(not associated),-65,5
16:FA:21:22:C0:82,NA,(not associated),-63,5
1A:0E:D2:27:72:98,NA,(not associated),-55,5
1A:34:5E:7D:FB:82,NA,(not associated),-55,5
1A:7E:C2:2F:06:B0,NA,(not associated),-63,5
1A:87:40:27:C5:CD,NA,(not associated),-55,5
1A:A6:15:66:FD:19,NA,(not associated),-59,5
1A:BA:1B:13:8F:57,NA,(not associated),-59,5
1A:D2:34:71:40:1C,NA,(not associated),-59,5
1E:00:9E:DE:BB:42,NA,(not associated),-53,5
1E:44:9F:57:DE:E9,NA,(not associated),-55,5
1E:82:5D:E7:49:12,NA,(not associated),-37,5
1E:95:89:3A:88:AB,NA,(not associated),-55,5
1E:98:FE:78:EB:B5,NA,(not associated),-39,5
1E:A7:B9:FA:C9:46,NA,(not associated),-53,5
1E:AB:E6:90:EB:AA,NA,(not associated),-45,5
1E:D7:EC:8D:8E:06,NA,(not associated),-57,5
20:F4:78:D2:34:FF,Xiaomi Communications Co Ltd,12:48:F9:CF:58:8E,-67,5
22:2F:41:5D:4F:36,NA,(not associated),-51,5
22:4D:14:3C:51:CA,NA,(not associated),-51,5
22:AA:04:1C:1D:6C,NA,(not associated),-59,5
22:D1:BF:86:A5:1E,NA,(not associated),-59,5
22:E3:6E:86:FF:85,NA,(not associated),-57,5
22:F8:92:F0:3E:C7,NA,(not associated),-57,5
26:2C:A6:55:51:80,NA,(not associated),-51,5
26:A5:06:0D:AF:94,NA,(not associated),-57,5
2A:17:C8:F5:82:B8,NA,(not associated),-59,5
2A:93:57:B2:C6:E6,NA,(not associated),-59,5
2A:B9:A6:19:A9:09,NA,(not associated),-49,5
2A:C3:B9:8C:AC:82,NA,(not associated),-63,5
2A:C5:1A:60:9E:7D,NA,(not associated),-55,5
2E:32:15:16:0D:1B,NA,(not associated),-51,5
2E:33:A1:65:0E:1C,NA,(not associated),-47,5
2E:59:74:E3:64:01,NA,(not associated),-59,5
2E:5B:6D:3C:7F:7B,NA,(not associated),-47,5
2E:64:C9:E8:8F:53,NA,(not associated),-61,5
2E:7D:03:7B:76:C7,NA,(not associated),-49,5
2E:AC:06:B6:6D:62,NA,(not associated),-61,5
2E:C8:2F:A5:63:4F,NA,(not associated),-53,5
2E:D2:FA:A9:70:9E,NA,(not associated),-41,5
2E:D7:95:5C:37:87,NA,(not associated),-51,5
32:26:35:08:24:58,NA,(not associated),-67,5
32:31:43:86:17:D7,NA,(not associated),-61,5
32:64:DF:86:C3:31,NA,(not associated),-53,5
32:73:65:C8:71:F3,NA,(not associated),-59,5
32:A5:41:8A:DE:5E,NA,(not associated),-57,5
32:CE:8D:5B:F0:64,NA,(not associated),-45,5
32:D0:02:8E:90:CD,NA,(not associated),-61,5
32:D1:89:28:07:D0,NA,(not associated),-59,5
32:E8:A3:84:E6:7E,NA,(not associated),-59,5
36:2E:78:D9:33:44,NA,(not associated),-57,5
36:35:63:05:F9:23,NA,(not associated),-61,5
36:54:D0:07:4E:E5,NA,(not associated),-55,5
36:58:A5:5A:A9:5F,NA,(not associated),-55,5
36:5C:7E:46:A4:D2,NA,(not associated),-55,5
36:BB:77:9D:FF:8C,NA,(not associated),-55,5
36:D0:0C:89:91:AA,NA,(not associated),-57,5
36:D0:2A:A9:D0:6B,NA,(not associated),-57,5
36:F6:66:CB:54:31,NA,(not associated),-69,5
36:FD:62:27:9B:71,NA,(not associated),-59,5
3A:02:66:73:2D:78,NA,(not associated),-59,5
3A:79:78:83:4D:2C,NA,(not associated),-47,5
3A:95:0A:17:22:C4,NA,(not associated),-57,5
3A:A2:50:61:E1:DC,NA,(not associated),-49,5
3A:B8:09:C8:D0:6B,NA,(not associated),-53,5
3E:02:16:1C:8E:96,NA,(not associated),-55,5
3E:04:44:15:4F:5A,NA,(not associated),-57,5
3E:0C:57:A2:BF:03,NA,(not associated),-61,5
3E:3C:91:57:82:06,NA,(not associated),-53,5
3E:53:8B:35:E6:7D,NA,(not associated),-55,5
3E:67:0F:70:E8:EA,NA,(not associated),-61,5
3E:7E:A1:F4:B2:30,NA,(not associated),-57,5
3E:92:D1:2E:9A:D1,NA,(not associated),-65,5
3E:D4:D8:5F:20:36,NA,(not associated),-51,5
3E:DC:93:92:C5:2A,NA,(not associated),-53,5
42:39:A9:8B:1C:9F,NA,(not associated),-59,5
42:66:07:91:57:7C,NA,(not associated),-53,5
42:78:C5:53:D3:15,NA,(not associated),-55,5
42:83:43:DE:5A:A6,NA,(not associated),-43,5
42:D1:5B:5C:F7:8A,NA,(not associated),-51,5
42:E9:28:CA:1C:D9,NA,(not associated),-57,5
46:09:D8:31:27:D5,NA,(not associated),-57,5
46:27:A4:1E:26:F8,NA,(not associated),-65,5
46:35:9C:FA:1C:18,NA,(not associated),-51,5
46:56:6C:5E:AD:C3,NA,(not associated),-51,5
46:D4:6A:62:D7:E7,NA,(not associated),-59,5
46:DC:3E:92:E7:57,NA,(not associated),-51,5
4A:46:A2:E2:EF:AA,NA,(not associated),-53,5
4A:87:D4:83:8A:3F,NA,(not associated),-51,5
4A:F4:29:65:44:E7,NA,(not associated),-45,5
4E:05:30:03:97:F4,NA,(not associated),-55,5
4E:12:5D:D9:86:D8,NA,(not associated),-49,5
4E:29:48:BC:A8:4C,NA,(not associated),-49,5
4E:67:A9:58:C6:4A,NA,E8:28:C1:DC:C8:32,-1,5
4E:86:3D:DB:54:AD,NA,(not associated),-37,5
4E:C6:87:47:07:8A,NA,(not associated),-47,5
4E:CE:C3:D3:41:42,NA,(not associated),-45,5
52:19:D7:02:D6:78,NA,(not associated),-55,5
52:21:E1:46:1C:67,NA,(not associated),-53,5
52:32:92:4B:D3:46,NA,(not associated),-41,5
52:69:54:3F:72:E6,NA,(not associated),-51,5
56:05:9F:EB:CA:B4,NA,(not associated),-53,5
56:0C:59:AE:F3:1D,NA,86:DF:BF:E4:2F:23,-71,5
56:59:30:D8:C4:EF,NA,(not associated),-41,5
56:60:DD:23:40:21,NA,(not associated),-55,5
56:82:C8:90:E2:4B,NA,(not associated),-57,5
56:DE:D6:8C:25:E8,NA,(not associated),-55,5
5A:0C:9B:72:07:BE,NA,(not associated),-59,5
5A:10:F9:F9:B9:AA,NA,(not associated),-51,5
5A:4F:2C:8C:DC:1A,NA,(not associated),-61,5
5A:61:83:06:21:FE,NA,(not associated),-57,5
5A:9B:1A:AD:10:98,NA,(not associated),-53,5
5A:C8:FA:53:7A:19,NA,(not associated),-55,5
5A:CC:18:04:DB:2B,NA,(not associated),-53,5
5A:F9:11:06:C8:6C,NA,(not associated),-59,5
5E:20:95:F4:EF:6E,NA,(not associated),-57,5
5E:28:64:F0:79:61,NA,(not associated),-53,5
5E:34:03:D9:23:91,NA,(not associated),-73,5
5E:41:66:B4:BA:0C,NA,(not associated),-47,5
5E:68:71:39:88:78,NA,(not associated),-45,5
5E:89:D2:5D:41:09,NA,(not associated),-53,5
5E:A6:FE:49:98:7F,NA,(not associated),-61,5
5E:A7:3B:3C:E5:0E,NA,(not associated),-65,5
5E:D0:6C:96:36:5F,NA,(not associated),-61,5
5E:EB:4A:53:C6:D8,NA,(not associated),-85,5
62:06:39:4C:D1:C7,NA,(not associated),-55,5
62:13:D8:13:46:46,NA,(not associated),-55,5
62:43:79:4F:9F:25,NA,(not associated),-51,5
62:77:A7:E0:7F:FE,NA,(not associated),-57,5
62:84:20:95:FB:A5,NA,(not associated),-55,5
62:A3:EA:CF:D8:72,NA,(not associated),-59,5
66:1A:93:A9:E6:AF,NA,(not associated),-57,5
66:43:FF:78:CD:B8,NA,(not associated),-55,5
66:4F:95:6F:E5:BB,NA,(not associated),-51,5
66:89:FA:9A:76:3F,NA,(not associated),-49,5
6A:01:D9:A5:D6:2F,NA,(not associated),-49,5
6A:15:57:AB:8D:37,NA,(not associated),-51,5
6A:3C:EA:69:C9:66,NA,(not associated),-55,5
6A:3F:9E:40:70:00,NA,(not associated),-57,5
6A:65:2A:F0:03:45,NA,(not associated),-55,5
6A:7B:2C:A9:F2:EE,NA,(not associated),-59,5
6A:A2:4A:1E:2C:F0,NA,(not associated),-63,5
6A:C8:F3:B0:89:40,NA,(not associated),-57,5
6A:EF:20:92:58:B2,NA,(not associated),-55,5
6A:FA:DC:B6:3D:EC,NA,(not associated),-57,5
6E:10:75:8C:2D:01,NA,(not associated),-67,5
6E:1A:57:94:C8:F9,NA,(not associated),-55,5
6E:8E:BD:93:B2:59,NA,(not associated),-61,5
6E:AA:DE:D9:14:D8,NA,(not associated),-53,5
6E:AB:18:62:01:21,NA,(not associated),-55,5
6E:BD:8A:DB:4D:D0,NA,(not associated),-55,5
6E:CA:08:BC:AE:EE,NA,(not associated),-53,5
6E:DE:DB:D5:89:20,NA,(not associated),-47,5
6E:EC:0C:AA:7B:C4,NA,(not associated),-65,5
72:00:88:B6:C2:40,NA,(not associated),-45,5
72:0A:DB:A5:21:DA,NA,(not associated),-51,5
72:56:2A:2E:3B:E4,NA,(not associated),-59,5
72:BB:63:63:D9:C5,NA,(not associated),-51,5
72:BF:9E:56:F3:FB,NA,(not associated),-81,5
76:54:3E:F8:9A:D3,NA,(not associated),-61,5
76:B8:E0:89:83:50,NA,(not associated),-49,5
76:DB:1F:86:3E:26,NA,(not associated),-51,5
76:E0:7D:C9:07:D8,NA,(not associated),-63,5
7A:0B:BF:A4:D7:2D,NA,(not associated),-57,5
7A:13:F2:C6:F6:9B,NA,(not associated),-61,5
7A:1B:5D:C0:EB:4E,NA,(not associated),-55,5
7A:1B:E4:AE:11:00,NA,(not associated),-53,5
7A:51:76:19:D5:9D,NA,(not associated),-69,5
7A:73:E8:EA:D0:8F,NA,(not associated),-39,5
7A:95:7B:B6:08:FA,NA,(not associated),-59,5
7A:BB:73:B6:72:B8,NA,(not associated),-51,5
7A:C5:01:A9:78:8D,NA,(not associated),-59,5
7A:EC:20:F7:9F:03,NA,(not associated),-53,5
7A:F5:89:5D:C5:2A,NA,CE:B3:FF:84:45:FC,-83,5
7E:2C:FA:6C:77:26,NA,(not associated),-49,5
7E:5A:6E:9F:DC:15,NA,(not associated),-67,5
7E:66:3F:B2:69:2A,NA,(not associated),-53,5
7E:6A:66:49:0F:78,NA,(not associated),-53,5
7E:94:41:5C:4B:D1,NA,(not associated),-55,5
7E:EC:ED:3C:CB:10,NA,(not associated),-57,5
82:06:39:94:59:01,NA,(not associated),-65,5
82:1D:6F:C9:78:E1,NA,(not associated),-53,5
82:67:FC:AD:71:EC,NA,(not associated),-55,5
82:A4:A2:B2:64:08,NA,(not associated),-51,5
82:C2:EA:8F:BE:90,NA,(not associated),-59,5
82:C6:F9:D3:81:00,NA,(not associated),-51,5
82:D9:60:7F:31:1E,NA,(not associated),-55,5
82:F0:6A:C7:DA:25,NA,(not associated),-57,5
86:37:1C:6C:AA:66,NA,(not associated),-47,5
86:A9:1C:58:36:9B,NA,(not associated),-61,5
86:D0:37:7A:EC:BF,NA,(not associated),-49,5
8A:5D:D0:7F:DB:1F,NA,(not associated),-53,5
8A:90:A4:AA:17:61,NA,(not associated),-63,5
8A:C2:29:64:93:C6,NA,(not associated),-53,5
8A:D4:31:65:E0:D1,NA,(not associated),-51,5
8A:E5:2C:70:FA:69,NA,(not associated),-55,5
8A:F9:E7:BE:1A:70,NA,(not associated),-51,5
8A:FE:3D:93:EA:AB,NA,(not associated),-51,5
8C:55:4A:DF:0D:A4,Intel Corporate,(not associated),-69,5
8E:05:C1:C1:CE:F6,NA,(not associated),-55,5
8E:05:C7:8F:54:09,NA,(not associated),-47,5
8E:A6:65:5D:51:FB,NA,(not associated),-59,5
8E:B5:F4:13:91:32,NA,(not associated),-59,5
8E:C1:5E:57:C0:A1,NA,(not associated),-55,5
8E:F7:79:F2:8C:F8,NA,(not associated),-65,5
92:32:2B:F3:26:DD,NA,(not associated),-47,5
92:37:B5:D0:E4:59,NA,(not associated),-57,5
92:51:AD:2C:74:2A,NA,(not associated),-51,5
92:5D:AE:26:E2:B7,NA,(not associated),-53,5
92:73:FF:51:BA:3D,NA,(not associated),-51,5
92:AE:49:5A:B7:85,NA,(not associated),-55,5
92:EB:6B:AC:0C:F3,NA,(not associated),-57,5
92:F3:FC:85:BB:50,NA,(not associated),-59,5
96:23:33:D7:24:23,NA,(not associated),-53,5
96:64:81:EA:71:A4,NA,(not associated),-51,5
96:8B:E1:95:12:F1,NA,(not associated),-57,5
96:8D:D3:A4:0E:FE,NA,(not associated),-67,5
96:A4:40:1E:FA:2D,NA,(not associated),-51,5
96:E8:8F:04:84:BA,NA,(not associated),-63,5
9A:07:4B:97:EE:66,NA,(not associated),-61,5
9A:2C:C3:69:A2:86,NA,(not associated),-63,5
9A:77:1C:DF:05:53,NA,(not associated),-61,5
9A:B3:BB:B5:2C:30,NA,(not associated),-63,5
9A:ED:A7:13:0B:96,NA,(not associated),-53,5
9A:F1:9A:F7:A8:0B,NA,(not associated),-59,5
9E:23:13:4E:7D:44,NA,(not associated),-57,5
9E:36:B1:63:B5:59,NA,(not associated),-57,5
9E:4F:55:EA:6F:2D,NA,(not associated),-49,5
9E:75:26:12:75:C0,NA,(not associated),-59,5
9E:75:E7:B4:33:6F,NA,(not associated),-55,5
9E:AC:4C:C0:9A:E9,NA,(not associated),-57,5
9E:C2:6E:0A:0F:5E,NA,(not associated),-57,5
9E:C4:69:B2:B7:A3,NA,(not associated),-67,5
9E:D2:DC:37:09:75,NA,(not associated),-63,5
9E:FB:32:DC:22:71,NA,(not associated),-71,5
A2:12:24:C1:A6:AE,NA,(not associated),-59,5
A2:3C:13:C9:AB:2F,NA,(not associated),-55,5
A2:64:F2:54:67:B1,NA,(not associated),-61,5
A2:A6:19:58:4C:03,NA,(not associated),-63,5
A2:AA:4F:96:54:50,NA,(not associated),-55,5
A2:CE:E2:E0:EF:5D,NA,(not associated),-53,5
A2:F8:B6:64:8F:3D,NA,(not associated),-55,5
A4:02:B9:73:2F:76,Intel Corporate,(not associated),-73,5
A6:05:15:00:E1:E0,NA,(not associated),-57,5
A6:46:D8:FD:A7:99,NA,(not associated),-73,5
A6:50:5E:1F:AB:7A,NA,(not associated),-61,5
A6:CE:5F:AF:D2:79,NA,(not associated),-39,5
A6:FE:25:E2:06:EB,NA,(not associated),-61,5
AA:01:E4:E8:E2:BF,NA,(not associated),-55,5
AA:3B:72:59:AE:FB,NA,(not associated),-53,5
AA:47:80:A6:20:93,NA,(not associated),-43,5
AA:58:CE:38:86:1A,NA,(not associated),-63,5
AA:F2:CF:43:5F:1E,NA,(not associated),-67,5
AE:2C:29:83:9D:53,NA,(not associated),-55,5
AE:3D:A1:25:B0:3C,NA,(not associated),-61,5
AE:58:44:72:68:F6,NA,(not associated),-55,5
AE:9D:21:A7:73:74,NA,(not associated),-65,5
AE:B2:46:2A:D7:B3,NA,(not associated),-39,5
AE:BE:92:A7:F5:22,NA,(not associated),-63,5
AE:EE:4B:32:1D:D5,NA,(not associated),-55,5
B2:12:2A:9B:E4:63,NA,(not associated),-53,5
B2:20:FB:7C:4C:95,NA,(not associated),-51,5
B2:62:50:5F:FB:56,NA,(not associated),-69,5
B2:64:22:14:77:B1,NA,(not associated),-45,5
B6:31:AE:1D:09:4E,NA,(not associated),-61,5
B6:7C:31:57:DE:CF,NA,(not associated),-57,5
B6:A0:7D:60:7E:46,NA,(not associated),-47,5
B6:A3:8B:D3:ED:B0,NA,(not associated),-67,5
B6:B4:D5:ED:C3:41,NA,(not associated),-63,5
B6:BB:91:CD:48:23,NA,(not associated),-61,5
B6:C6:8B:22:DA:13,NA,(not associated),-57,5
B6:F4:36:36:8F:C0,NA,(not associated),-67,5
B6:F9:72:11:4D:6F,NA,(not associated),-65,5
BA:36:AA:39:BB:79,NA,(not associated),-55,5
BA:41:47:59:21:89,NA,(not associated),-59,5
BA:48:53:0B:85:0B,NA,(not associated),-51,5
BA:93:06:9E:E2:01,NA,(not associated),-61,5
BA:A0:98:16:AC:CA,NA,(not associated),-51,5
BA:C2:C7:9B:E8:C0,NA,(not associated),-57,5
BC:7A:BF:0A:78:5E,"Samsung Electronics Co.,Ltd",(not associated),-67,5
BE:13:24:27:FC:C3,NA,E8:28:C1:DC:C8:30,-1,5
BE:3D:A5:5F:15:55,NA,(not associated),-49,5
BE:79:3F:5D:C0:E3,NA,(not associated),-61,5
BE:98:BD:E9:BA:BA,NA,(not associated),-55,5
C2:46:5D:E5:D7:1A,NA,(not associated),-59,5
C2:4F:E2:9D:D7:EE,NA,(not associated),-47,5
C2:52:FF:B5:8E:09,NA,(not associated),-55,5
C2:57:14:19:DC:86,NA,(not associated),-47,5
C2:B8:10:B9:E6:55,NA,(not associated),-67,5
C2:DE:E7:3B:95:9C,NA,(not associated),-51,5
C6:0A:16:59:8D:EE,NA,(not associated),-51,5
C6:17:5C:B3:47:3D,NA,(not associated),-61,5
C6:7F:F1:B2:9B:B8,NA,(not associated),-61,5
C6:99:31:5D:43:90,NA,(not associated),-57,5
C6:9B:13:35:B3:5B,NA,(not associated),-51,5
C6:BD:74:BF:81:8A,NA,(not associated),-45,5
C6:C4:D9:BC:E6:A4,NA,(not associated),-51,5
C6:D4:DC:58:5D:A7,NA,(not associated),-53,5
CA:03:AB:A1:78:04,NA,(not associated),-35,5
CA:2C:95:31:61:06,NA,(not associated),-65,5
CA:48:51:4C:46:8B,NA,(not associated),-49,5
CA:6E:B5:C3:EC:35,NA,(not associated),-57,5
CA:CE:1D:AF:61:FE,NA,(not associated),-61,5
CA:E1:26:00:53:0A,NA,(not associated),-45,5
CE:06:63:14:D3:98,NA,(not associated),-51,5
CE:36:54:E3:19:7E,NA,(not associated),-69,5
CE:5D:82:A3:77:13,NA,(not associated),-47,5
CE:89:B1:0E:4E:DA,NA,(not associated),-63,5
CE:EE:C6:46:42:01,NA,(not associated),-55,5
D2:9B:CE:5A:61:94,NA,(not associated),-57,5
D2:CF:29:92:58:56,NA,(not associated),-61,5
D2:E5:7B:F2:ED:62,NA,(not associated),-67,5
D6:6D:13:B3:04:C4,NA,(not associated),-53,5
D6:80:C9:23:3A:21,NA,(not associated),-55,5
D6:AF:59:E3:46:23,NA,(not associated),-55,5
D6:B4:6B:CB:42:45,NA,(not associated),-47,5
D6:DE:EE:D5:78:4A,NA,(not associated),-67,5
D6:E3:24:84:DD:F4,NA,(not associated),-39,5
DA:1F:7E:E7:36:3F,NA,(not associated),-61,5
DA:77:73:A8:98:B7,NA,(not associated),-53,5
DA:9D:7D:EA:08:88,NA,(not associated),-61,5
DA:A1:19:55:9F:E0,NA,(not associated),-67,5
DA:A1:19:C7:42:D1,NA,(not associated),-67,5
DA:A1:19:D3:2F:4F,NA,(not associated),-67,5
DA:AF:8C:E3:9B:27,NA,(not associated),-51,5
DA:FD:8B:70:3B:63,NA,(not associated),-57,5
DE:47:2F:77:C2:3E,NA,(not associated),-59,5
DE:6E:FC:88:3C:9B,NA,(not associated),-45,5
DE:91:BE:0F:0C:65,NA,(not associated),-61,5
DE:C7:5C:5E:5B:94,NA,(not associated),-55,5
DE:D2:B3:4D:FD:93,NA,(not associated),-51,5
E2:0D:61:43:06:48,NA,(not associated),-53,5
E2:3B:8E:4E:FB:44,NA,(not associated),-59,5
E2:5D:39:60:F3:C3,NA,(not associated),-73,5
E2:7F:A8:2E:A0:D1,NA,(not associated),-57,5
E2:DD:43:13:D9:7F,NA,(not associated),-55,5
E6:51:EE:B9:E3:43,NA,(not associated),-47,5
E6:56:F6:97:11:32,NA,(not associated),-59,5
E6:5D:3E:E1:A9:2C,NA,(not associated),-51,5
E6:5D:E6:A5:A3:F3,NA,(not associated),-43,5
E6:84:66:22:CA:E0,NA,(not associated),-53,5
E6:D7:47:CD:AC:70,NA,(not associated),-61,5
EA:55:70:46:8A:57,NA,(not associated),-57,5
EA:8A:62:5C:5E:89,NA,(not associated),-55,5
EA:F5:EC:3F:BB:7A,NA,(not associated),-57,5
EE:1D:14:F2:ED:44,NA,(not associated),-59,5
EE:1D:A4:7D:A8:A8,NA,(not associated),-76,5
EE:37:96:99:BA:62,NA,(not associated),-61,5
EE:39:31:86:F7:75,NA,(not associated),-65,5
EE:65:60:EF:57:6A,NA,(not associated),-55,5
EE:7D:2E:BC:09:AA,NA,(not associated),-59,5
F2:63:62:F3:48:C2,NA,(not associated),-55,5
F2:6C:3B:DC:EF:2A,NA,(not associated),-59,5
F2:AF:F9:05:8E:EF,NA,(not associated),-59,5
F2:FF:C9:A0:1F:A8,NA,(not associated),-57,5
F6:51:E3:9C:1E:82,NA,(not associated),-55,5
F6:52:59:15:B8:9A,NA,(not associated),-57,5
F6:7C:8B:EF:53:BC,NA,(not associated),-61,5
F6:9A:DA:D6:D7:70,NA,(not associated),-53,5
F6:9C:E3:46:1C:E8,NA,(not associated),-63,5
F6:A8:1D:DF:51:E3,NA,(not associated),-59,5
F6:E7:DE:76:7D:EE,NA,(not associated),-63,5
F6:EB:53:E9:39:06,NA,(not associated),-55,5
FA:17:29:A5:FA:F7,NA,(not associated),-41,5
FA:1E:10:A3:28:DE,NA,(not associated),-59,5
FA:33:D4:DE:39:80,NA,(not associated),-49,5
FA:52:72:30:71:B8,NA,(not associated),-51,5
FA:59:0A:1B:86:F3,NA,(not associated),-55,5
FA:64:E7:83:EA:66,NA,(not associated),-53,5
FA:6C:C0:7C:CF:36,NA,(not associated),-67,5
FA:90:0E:36:E7:C2,NA,(not associated),-59,5
FA:A4:4A:9B:48:C4,NA,(not associated),-59,5
FE:41:FA:4A:5A:52,NA,(not associated),-65,5
FE:41:FA:84:14:18,NA,(not associated),-55,5
FE:66:40:4C:5E:53,NA,(not associated),-49,5
FE:6D:6B:3A:04:01,NA,(not associated),-59,5
FE:74:75:23:8C:27,NA,(not associated),-57,5
FE:83:76:DF:10:0D,NA,(not associated),-59,5
FE:A1:C8:30:FD:FD,NA,(not associated),-59,5
FE:B6:70:5E:44:E5,NA,(not associated),-57,5
FE:B9:BE:25:1D:98,NA,(not associated),-67,5
FE:FE:C2:5F:BA:80,NA,(not associated),-57,5
00:98:8C:CE:8E:45,NA,(not associated),-65,4
02:1D:E6:1E:FB:1C,NA,(not associated),-63,4
02:32:DC:56:5C:82,NA,(not associated),-84,4
02:43:6A:C1:EB:92,NA,(not associated),-59,4
02:5C:91:70:42:F8,NA,(not associated),-51,4
02:63:04:FD:C3:FC,NA,(not associated),-51,4
02:6D:01:94:0B:39,NA,(not associated),-41,4
02:7C:9F:B8:C0:7D,NA,(not associated),-59,4
02:85:A7:03:71:D2,NA,(not associated),-67,4
02:B7:F4:FC:83:EA,NA,(not associated),-59,4
02:BD:BB:20:7C:15,NA,(not associated),-55,4
02:E4:E9:0C:98:95,NA,(not associated),-59,4
06:31:A6:DC:8B:56,NA,(not associated),-53,4
06:3D:64:A7:AD:98,NA,(not associated),-47,4
06:55:F8:70:2A:57,NA,(not associated),-51,4
06:58:68:E7:EF:3A,NA,(not associated),-61,4
06:71:18:0C:9D:6F,NA,(not associated),-59,4
06:94:7D:56:9F:4F,NA,(not associated),-53,4
06:A0:A3:5C:B2:ED,NA,(not associated),-59,4
06:BE:8C:1B:51:0F,NA,(not associated),-61,4
06:D9:8D:6D:EC:67,NA,(not associated),-53,4
06:F5:49:37:70:AF,NA,(not associated),-61,4
06:FB:25:72:70:9A,NA,(not associated),-61,4
0A:0E:46:9F:2E:C5,NA,(not associated),-76,4
0A:1B:D9:F0:3A:48,NA,(not associated),-63,4
0A:2B:1F:D4:48:76,NA,(not associated),-33,4
0A:45:12:28:74:37,NA,(not associated),-53,4
0A:64:0F:65:72:6F,NA,(not associated),-61,4
0A:69:22:46:CF:FB,NA,(not associated),-61,4
0A:A7:18:31:1A:6F,NA,(not associated),-55,4
0A:C4:47:51:EC:04,NA,(not associated),-69,4
0A:E8:69:4D:E3:3F,NA,1E:C2:8E:D8:30:91,-71,4
0A:E9:B8:BB:AF:61,NA,(not associated),-55,4
0A:F4:F4:A0:82:72,NA,(not associated),-51,4
0E:16:83:13:D7:52,NA,(not associated),-61,4
0E:17:C3:34:49:93,NA,(not associated),-65,4
0E:33:F2:90:E9:B1,NA,(not associated),-77,4
0E:65:9B:68:D6:9B,NA,(not associated),-55,4
0E:7A:9D:95:F1:0F,NA,(not associated),-61,4
0E:C4:9A:EA:9D:A8,NA,(not associated),-63,4
0E:CF:BC:5D:08:6E,NA,00:25:00:FF:94:73,-66,4
0E:E8:98:C4:6B:09,NA,(not associated),-51,4
0E:EF:92:36:46:80,NA,(not associated),-45,4
0E:EF:92:41:78:7D,NA,(not associated),-53,4
0E:EF:92:8B:99:3E,NA,(not associated),-55,4
0E:EF:92:9B:9A:9B,NA,(not associated),-47,4
0E:EF:92:A0:97:96,NA,(not associated),-53,4
0E:EF:92:B1:7C:8D,NA,(not associated),-43,4
0E:EF:92:B2:67:B5,NA,(not associated),-45,4
0E:EF:92:C3:EE:EE,NA,(not associated),-53,4
0E:EF:92:C6:8B:9B,NA,(not associated),-45,4
0E:EF:92:C6:CC:C5,NA,(not associated),-49,4
0E:EF:92:D9:93:EA,NA,(not associated),-55,4
0E:F3:52:08:70:D3,NA,(not associated),-57,4
12:08:54:94:59:DA,NA,(not associated),-61,4
12:21:05:2C:5B:27,NA,(not associated),-53,4
12:49:85:05:77:39,NA,(not associated),-61,4
12:5C:F0:E1:03:F9,NA,(not associated),-57,4
12:7F:6F:7C:9B:6F,NA,(not associated),-59,4
12:81:0D:7D:F3:57,NA,(not associated),-59,4
12:87:F2:29:C6:D2,NA,(not associated),-33,4
12:C5:D7:81:85:03,NA,(not associated),-59,4
12:E1:1E:A0:DE:39,NA,(not associated),-39,4
12:EB:87:0F:64:92,NA,(not associated),-57,4
12:F3:8A:0C:20:47,NA,(not associated),-51,4
16:08:4E:6A:FF:46,NA,(not associated),-51,4
16:24:DD:40:1A:16,NA,(not associated),-59,4
16:41:39:13:A4:67,NA,(not associated),-63,4
16:57:8D:B3:54:F5,NA,(not associated),-55,4
16:58:E9:5F:A7:F9,NA,(not associated),-57,4
16:80:1F:C3:B6:2B,NA,(not associated),-65,4
16:93:F9:4E:0B:97,NA,(not associated),-39,4
16:BA:E4:B6:98:8D,NA,(not associated),-59,4
16:E7:21:37:CA:2A,NA,(not associated),-59,4
16:EB:BB:BF:54:9D,NA,(not associated),-57,4
16:F0:43:6D:4E:94,NA,(not associated),-63,4
1A:0D:A0:C8:5F:3C,NA,(not associated),-55,4
1A:0F:3A:A7:41:BD,NA,(not associated),-53,4
1A:1D:0E:92:36:66,NA,(not associated),-57,4
1A:1E:B0:2C:C9:15,NA,(not associated),-65,4
1A:2D:C4:C3:C1:BD,NA,(not associated),-57,4
1A:7F:A5:4F:E3:29,NA,(not associated),-59,4
1A:83:0A:6A:43:82,NA,(not associated),-63,4
1A:8D:8A:41:DB:BD,NA,(not associated),-63,4
1A:A8:2B:0D:E2:4E,NA,(not associated),-45,4
1A:B1:34:CF:F6:9F,NA,(not associated),-51,4
1A:D1:EF:99:0F:D4,NA,(not associated),-51,4
1E:60:BD:AA:17:62,NA,(not associated),-55,4
1E:69:DB:7A:79:B8,NA,(not associated),-47,4
1E:74:BC:5C:70:8D,NA,(not associated),-59,4
1E:7C:5E:EC:A3:ED,NA,(not associated),-57,4
1E:83:84:EE:AF:80,NA,(not associated),-57,4
1E:88:85:87:69:B5,NA,(not associated),-57,4
1E:8E:E1:66:33:F9,NA,(not associated),-53,4
1E:9B:54:F5:7D:B9,NA,(not associated),-55,4
1E:E7:02:64:6B:A2,NA,(not associated),-57,4
22:67:F1:5D:0A:CC,NA,(not associated),-55,4
22:99:06:0F:D8:7D,NA,(not associated),-57,4
22:AE:77:23:25:18,NA,(not associated),-85,4
22:AF:85:D8:A9:57,NA,(not associated),-61,4
22:B9:10:BC:D9:D7,NA,(not associated),-57,4
22:E9:C4:D9:AC:C2,NA,(not associated),-57,4
26:1A:C7:1E:C3:97,NA,(not associated),-57,4
26:69:45:09:BC:40,NA,(not associated),-41,4
26:7F:5D:2A:18:51,NA,(not associated),-43,4
26:8E:9F:04:7E:7D,NA,(not associated),-61,4
26:A9:13:E4:26:42,NA,(not associated),-57,4
26:AE:BF:B6:30:6B,NA,(not associated),-67,4
26:C3:EF:1C:83:BF,NA,(not associated),-51,4
2A:05:01:96:ED:8B,NA,(not associated),-55,4
2A:0A:AB:E8:05:96,NA,(not associated),-59,4
2A:18:8A:AC:73:40,NA,(not associated),-55,4
2A:2A:B8:4D:00:0C,NA,(not associated),-55,4
2A:34:4E:CC:91:0C,NA,(not associated),-51,4
2A:70:BB:E6:73:2F,NA,(not associated),-51,4
2A:70:BE:62:38:59,NA,(not associated),-47,4
2A:73:BF:FB:1F:A3,NA,(not associated),-55,4
2E:00:B2:90:F6:4C,NA,(not associated),-57,4
2E:0A:FF:33:9E:7C,NA,(not associated),-55,4
2E:13:E3:30:F6:A6,NA,(not associated),-79,4
2E:17:B2:EC:86:5A,NA,(not associated),-55,4
2E:23:C7:CE:19:9B,NA,(not associated),-53,4
2E:25:69:BD:1F:B9,NA,(not associated),-45,4
2E:54:4E:F8:34:89,NA,(not associated),-67,4
2E:7B:F0:5E:39:1B,NA,(not associated),-53,4
2E:E2:EE:1D:10:57,NA,(not associated),-47,4
32:04:3D:F6:78:FD,NA,(not associated),-61,4
32:26:95:73:58:61,NA,(not associated),-61,4
32:53:26:58:DD:02,NA,(not associated),-57,4
32:57:AD:89:6F:85,NA,(not associated),-57,4
32:5A:FA:6A:7C:BF,NA,(not associated),-55,4
32:76:81:67:4B:B4,NA,(not associated),-57,4
32:F2:35:87:FB:84,NA,(not associated),-63,4
36:05:51:07:44:49,NA,(not associated),-67,4
36:50:24:06:F7:CB,NA,(not associated),-57,4
36:58:10:47:D0:7A,NA,(not associated),-51,4
36:74:B5:AF:22:63,NA,(not associated),-57,4
36:79:B5:D2:3E:9F,NA,(not associated),-43,4
36:90:BD:13:2F:58,NA,(not associated),-39,4
36:E0:D9:3B:B5:1A,NA,(not associated),-59,4
3A:08:56:25:9C:D1,NA,(not associated),-55,4
3A:66:36:F7:87:CC,NA,(not associated),-61,4
3A:67:C1:91:E0:3B,NA,(not associated),-49,4
3A:82:E4:BC:F3:83,NA,(not associated),-57,4
3A:A4:A6:A5:5E:83,NA,(not associated),-59,4
3A:AE:3A:D7:87:29,NA,(not associated),-65,4
3A:D2:96:AB:75:28,NA,(not associated),-59,4
3A:EF:BD:16:F3:F1,NA,(not associated),-59,4
3A:F0:81:03:61:32,NA,(not associated),-55,4
3E:0D:26:B1:D6:57,NA,(not associated),-55,4
3E:2F:4C:A5:5A:C9,NA,(not associated),-59,4
3E:46:E7:7E:54:6B,NA,(not associated),-63,4
3E:59:F4:BF:0C:B8,NA,(not associated),-47,4
3E:5E:A5:D2:BE:DB,NA,(not associated),-57,4
3E:99:F7:6D:F8:EB,NA,(not associated),-63,4
3E:C5:92:58:E0:AF,NA,00:25:00:FF:94:73,-74,4
3E:C9:1E:E9:BF:0C,NA,(not associated),-55,4
3E:EF:B4:C8:03:6D,NA,(not associated),-53,4
3E:FD:54:DB:8F:F9,NA,(not associated),-55,4
42:07:DE:C4:8D:3B,NA,(not associated),-49,4
42:08:13:98:25:B7,NA,(not associated),-57,4
42:0F:F9:F1:3C:5F,NA,(not associated),-53,4
42:1B:F8:7E:9F:0B,NA,(not associated),-53,4
42:1F:31:B1:81:C5,NA,(not associated),-63,4
42:2E:B5:B1:1D:F4,NA,(not associated),-53,4
42:2F:D7:2F:70:BF,NA,(not associated),-63,4
42:8C:18:94:CD:44,NA,(not associated),-55,4
42:91:FA:08:54:28,NA,00:25:00:FF:94:73,-79,4
42:B8:28:DB:42:F0,NA,(not associated),-63,4
42:B8:DE:95:44:07,NA,(not associated),-59,4
42:CB:E3:6A:0F:B6,NA,(not associated),-53,4
42:F0:E5:80:48:E3,NA,(not associated),-49,4
46:07:84:ED:9F:A4,NA,(not associated),-49,4
46:36:84:A2:1C:A1,NA,(not associated),-65,4
46:3D:F5:1D:5B:6E,NA,(not associated),-55,4
46:52:2E:F7:23:7F,NA,(not associated),-59,4
46:68:FF:85:E7:A5,NA,(not associated),-63,4
46:72:8E:B7:7F:89,NA,(not associated),-53,4
46:76:E0:91:A9:A1,NA,(not associated),-61,4
46:B0:A6:90:13:BA,NA,(not associated),-53,4
46:C4:48:DB:0B:1C,NA,(not associated),-53,4
46:CA:72:8E:6F:B1,NA,(not associated),-53,4
4A:08:34:36:3A:A1,NA,(not associated),-63,4
4A:0B:C5:12:2E:A6,NA,(not associated),-57,4
4A:4A:69:88:AA:B5,NA,(not associated),-55,4
4A:8A:8E:6B:B3:3C,NA,(not associated),-53,4
4A:AE:81:A0:40:6D,NA,(not associated),-37,4
4A:B3:FF:C6:B3:4E,NA,(not associated),-53,4
4A:F2:98:B1:69:BF,NA,(not associated),-53,4
4E:26:5A:DC:D6:4A,NA,(not associated),-49,4
4E:5E:7E:A4:F8:3C,NA,(not associated),-55,4
4E:6D:F2:3C:BE:4F,NA,(not associated),-55,4
4E:7A:19:44:F2:91,NA,(not associated),-51,4
4E:85:44:81:BB:C8,NA,(not associated),-61,4
4E:BB:17:36:8E:4C,NA,(not associated),-67,4
4E:C4:11:FB:65:5D,NA,(not associated),-53,4
4E:E1:79:D8:EB:D5,NA,(not associated),-63,4
4E:E3:93:B9:4E:4D,NA,(not associated),-59,4
52:11:53:24:2E:D7,NA,(not associated),-49,4
52:1E:AC:B7:CB:99,NA,(not associated),-59,4
52:22:D5:02:83:BB,NA,(not associated),-49,4
52:2D:31:BC:91:CD,NA,(not associated),-59,4
52:31:38:D0:D8:7D,NA,(not associated),-47,4
52:34:FC:BE:F2:C4,NA,(not associated),-49,4
52:36:8C:D3:8D:B3,NA,(not associated),-45,4
52:3F:13:E4:4C:D6,NA,(not associated),-65,4
52:44:D6:F0:4C:FE,NA,(not associated),-55,4
52:51:5E:10:9E:A9,NA,(not associated),-37,4
52:95:AF:91:E9:6A,NA,(not associated),-53,4
52:BA:44:66:7C:CE,NA,(not associated),-55,4
52:CC:1E:17:33:7E,NA,(not associated),-55,4
52:FB:38:B0:56:8B,NA,(not associated),-65,4
52:FD:7C:E5:FF:55,NA,(not associated),-55,4
56:12:45:E7:E1:22,NA,(not associated),-39,4
56:1C:34:89:69:85,NA,(not associated),-57,4
56:2F:53:56:68:D0,NA,(not associated),-49,4
56:3B:AF:A9:FD:AB,NA,(not associated),-53,4
56:4A:69:F3:0B:9B,NA,(not associated),-53,4
56:52:05:CC:5A:1A,NA,(not associated),-49,4
56:56:67:A5:71:68,NA,(not associated),-61,4
56:84:83:4F:91:CD,NA,(not associated),-51,4
56:EA:B1:82:70:72,NA,(not associated),-65,4
5A:28:7B:DF:94:F3,NA,(not associated),-69,4
5A:2A:5F:44:5E:68,NA,(not associated),-55,4
5A:31:3F:00:F6:30,NA,(not associated),-57,4
5A:31:42:AD:22:45,NA,(not associated),-47,4
5A:3C:D3:EA:25:BF,NA,(not associated),-49,4
5A:50:00:DA:BD:2B,NA,(not associated),-57,4
5A:50:68:44:C4:91,NA,(not associated),-59,4
5A:5E:67:7F:B8:E4,NA,(not associated),-55,4
5A:64:CA:55:12:56,NA,(not associated),-55,4
5A:70:5D:33:A3:C3,NA,(not associated),-59,4
5A:FB:62:35:15:E6,NA,(not associated),-45,4
5E:05:E5:8F:0E:EA,NA,(not associated),-53,4
5E:3B:00:F7:6B:04,NA,(not associated),-63,4
5E:C2:D9:E3:11:96,NA,(not associated),-51,4
5E:D3:38:79:20:57,NA,(not associated),-57,4
5E:F8:30:BB:FC:C5,NA,(not associated),-59,4
62:14:AE:14:2B:69,NA,(not associated),-67,4
62:5A:C6:E0:4B:8E,NA,(not associated),-59,4
62:5E:61:CC:4C:FE,NA,(not associated),-51,4
62:94:DA:00:C4:93,NA,(not associated),-61,4
62:98:DD:C7:2A:CE,NA,(not associated),-61,4
62:E7:19:0A:8D:24,NA,(not associated),-55,4
62:F0:89:AF:F7:27,NA,(not associated),-47,4
66:0D:D0:9A:9B:63,NA,(not associated),-45,4
66:16:71:E7:B5:BF,NA,(not associated),-63,4
66:1A:9A:45:62:8D,NA,00:25:00:FF:94:73,-72,4
66:55:84:01:CF:2B,NA,(not associated),-51,4
66:65:39:A1:D1:A2,NA,(not associated),-65,4
66:6F:34:4A:BB:8B,NA,(not associated),-61,4
66:74:57:C7:F1:57,NA,(not associated),-53,4
66:88:B4:5A:04:BC,NA,(not associated),-61,4
66:9F:11:59:7E:79,NA,(not associated),-51,4
66:A0:32:6D:54:A4,NA,(not associated),-67,4
66:A4:F8:57:31:67,NA,(not associated),-61,4
66:C4:CD:E8:D3:AD,NA,(not associated),-53,4
66:DB:5B:39:7A:F9,NA,(not associated),-51,4
66:FA:50:D1:CC:EA,NA,(not associated),-59,4
6A:33:B1:A6:D1:9D,NA,(not associated),-53,4
6A:4D:E6:8A:6B:32,NA,(not associated),-55,4
6A:62:8C:1F:88:48,NA,(not associated),-47,4
6A:A4:1F:07:1A:2D,NA,(not associated),-53,4
6A:B6:9D:23:72:6C,NA,(not associated),-59,4
6A:D1:82:C2:E9:BE,NA,(not associated),-55,4
6E:00:19:B6:23:60,NA,(not associated),-57,4
6E:01:0E:81:A4:74,NA,(not associated),-53,4
6E:07:CF:C7:0D:98,NA,(not associated),-53,4
6E:40:7E:EC:92:31,NA,(not associated),-59,4
6E:40:E2:F6:A0:BF,NA,(not associated),-65,4
6E:4E:0E:76:FB:41,NA,(not associated),-61,4
6E:65:0E:D1:87:DB,NA,(not associated),-53,4
6E:67:94:0C:DC:4A,NA,(not associated),-83,4
6E:7D:AC:CB:6A:B4,NA,(not associated),-67,4
6E:83:F8:6E:BD:3C,NA,(not associated),-55,4
6E:98:C6:91:EA:43,NA,(not associated),-57,4
6E:9A:6E:24:DE:53,NA,(not associated),-57,4
6E:AC:34:41:AF:5F,NA,(not associated),-49,4
6E:B2:68:E4:2B:00,NA,(not associated),-59,4
6E:C9:86:A9:B9:FD,NA,(not associated),-59,4
6E:CF:67:1C:0E:8A,NA,(not associated),-65,4
6E:EE:E8:F8:61:E0,NA,(not associated),-61,4
6E:FB:3E:29:3D:95,NA,(not associated),-57,4
72:06:CB:B8:63:5E,NA,(not associated),-53,4
72:14:9B:99:A6:58,NA,(not associated),-63,4
72:31:06:9B:30:2E,NA,(not associated),-55,4
72:5E:C5:B5:F6:1D,NA,(not associated),-53,4
72:6F:49:D1:FE:33,NA,(not associated),-65,4
72:82:6A:44:F9:67,NA,(not associated),-47,4
72:99:3A:D8:DB:48,NA,(not associated),-53,4
72:AC:77:E8:D8:FC,NA,(not associated),-85,4
72:B0:15:0D:80:0F,NA,(not associated),-59,4
72:D8:8D:B3:E0:21,NA,(not associated),-53,4
72:F1:7E:B0:4B:9A,NA,(not associated),-47,4
76:0F:EB:29:FE:C5,NA,(not associated),-53,4
76:2C:9A:68:D2:8A,NA,(not associated),-55,4
76:76:F3:06:B7:61,NA,(not associated),-61,4
76:77:F3:C7:F5:91,NA,(not associated),-61,4
76:96:DF:B2:2A:A0,NA,(not associated),-53,4
76:DA:85:DC:F2:38,NA,(not associated),-49,4
7A:3D:DE:3F:EF:56,NA,(not associated),-51,4
7A:49:7E:46:AA:C8,NA,(not associated),-61,4
7A:9D:21:64:9B:F4,NA,(not associated),-63,4
7A:AD:DA:8A:A9:78,NA,(not associated),-59,4
7A:FA:17:79:C3:CE,NA,(not associated),-51,4
7E:57:85:1E:3E:FF,NA,(not associated),-61,4
7E:5A:2F:D4:4C:F0,NA,(not associated),-43,4
7E:6C:56:3D:EB:C1,NA,(not associated),-57,4
7E:9B:E7:F5:76:F3,NA,(not associated),-53,4
7E:B7:5E:34:A1:A6,NA,(not associated),-67,4
7E:BE:D6:D3:47:2E,NA,(not associated),-55,4
7E:F0:29:FC:87:74,NA,(not associated),-59,4
7E:F0:6B:EA:19:6E,NA,(not associated),-51,4
82:04:63:6F:D9:97,NA,(not associated),-63,4
82:12:84:A5:FB:1A,NA,(not associated),-59,4
82:2C:74:44:2F:3B,NA,(not associated),-55,4
82:81:04:1A:98:44,NA,(not associated),-59,4
82:85:F8:EB:9C:D4,NA,00:25:00:FF:94:73,-64,4
82:91:D3:A1:B3:A1,NA,(not associated),-49,4
82:C3:DE:CD:83:04,NA,(not associated),-43,4
82:D3:A0:B3:3F:F0,NA,(not associated),-57,4
82:D5:A0:C7:22:12,NA,(not associated),-69,4
82:F8:41:58:D9:18,NA,(not associated),-49,4
86:10:89:0F:73:4D,NA,(not associated),-55,4
86:1D:E3:4F:24:F9,NA,(not associated),-65,4
86:3F:F2:3C:57:BB,NA,(not associated),-65,4
86:41:10:7E:89:0A,NA,(not associated),-53,4
86:8B:54:8F:A9:62,NA,(not associated),-57,4
86:B4:A8:09:69:97,NA,(not associated),-53,4
86:B7:60:AE:3A:0B,NA,(not associated),-61,4
86:D6:3A:7E:FB:DD,NA,(not associated),-51,4
8A:12:8E:69:CA:6E,NA,(not associated),-61,4
8A:27:53:AC:BB:67,NA,(not associated),-81,4
8A:47:60:A6:9C:F1,NA,(not associated),-53,4
8A:5E:6A:15:85:82,NA,(not associated),-61,4
8A:7F:CF:EF:1B:EC,NA,(not associated),-51,4
8A:9A:B8:A1:15:96,NA,(not associated),-51,4
8A:9B:10:58:D6:61,NA,(not associated),-51,4
8A:A9:63:A3:D6:B2,NA,(not associated),-57,4
8A:DA:F5:B7:CC:06,NA,(not associated),-67,4
8A:DE:13:67:F5:C5,NA,(not associated),-49,4
8E:0C:0A:56:27:85,NA,(not associated),-53,4
8E:15:BC:51:57:7E,NA,(not associated),-49,4
8E:30:C2:E1:15:CC,NA,(not associated),-65,4
8E:38:76:2B:F9:E7,NA,(not associated),-61,4
8E:41:32:C2:20:10,NA,(not associated),-51,4
8E:62:B0:23:1B:19,NA,(not associated),-55,4
8E:65:FE:18:7A:39,NA,(not associated),-57,4
8E:B4:D8:74:0D:C9,NA,(not associated),-59,4
8E:BC:70:F6:76:E0,NA,(not associated),-55,4
8E:F8:D5:64:E6:06,NA,(not associated),-57,4
92:17:A3:59:A4:8B,NA,(not associated),-51,4
92:38:6C:3D:0A:F7,NA,(not associated),-53,4
92:3D:D7:17:5B:AA,NA,(not associated),-55,4
92:40:8A:79:6B:72,NA,(not associated),-59,4
92:8D:14:E8:EC:91,NA,(not associated),-55,4
92:B3:7D:5E:51:06,NA,(not associated),-57,4
92:B3:D7:4D:13:2B,NA,(not associated),-43,4
92:B5:20:5F:9A:82,NA,(not associated),-53,4
92:B6:34:FC:AB:22,NA,(not associated),-65,4
92:B6:46:8E:BA:05,NA,(not associated),-67,4
92:E5:E9:1C:9C:6D,NA,(not associated),-51,4
96:01:7F:CD:C8:70,NA,(not associated),-47,4
96:0A:49:5A:FA:61,NA,(not associated),-57,4
96:10:8C:EE:F5:42,NA,(not associated),-61,4
96:19:A2:49:DB:6A,NA,(not associated),-53,4
96:21:42:1C:99:66,NA,(not associated),-55,4
96:35:2D:3D:85:E6,NA,(not associated),-65,4
96:63:DB:46:FB:41,NA,(not associated),-53,4
96:75:C6:54:E3:5B,NA,(not associated),-53,4
96:80:28:E9:4C:B0,NA,(not associated),-49,4
96:81:EE:2E:EE:CF,NA,(not associated),-47,4
96:87:A0:1D:05:99,NA,(not associated),-61,4
96:C7:1A:C5:E5:DA,NA,(not associated),-55,4
96:EF:DE:3C:89:AC,NA,(not associated),-51,4
9A:30:D2:06:89:B2,NA,(not associated),-67,4
9A:37:E3:E5:08:3F,NA,(not associated),-53,4
9A:53:A7:2B:D8:1A,NA,(not associated),-51,4
9A:67:7A:56:6F:CB,NA,(not associated),-55,4
9A:98:34:D6:7C:25,NA,(not associated),-55,4
9A:A7:0A:CA:72:32,NA,(not associated),-49,4
9A:A9:46:A8:53:92,NA,(not associated),-43,4
9A:AB:4C:FB:0A:78,NA,(not associated),-51,4
9A:B5:40:2E:EA:CC,NA,(not associated),-57,4
9A:BA:0D:1B:41:90,NA,(not associated),-47,4
9A:BF:5A:A6:5A:29,NA,(not associated),-55,4
9A:C8:8C:2A:00:04,NA,(not associated),-65,4
9A:F3:D1:82:50:2E,NA,(not associated),-51,4
9A:FA:DA:D3:54:06,NA,(not associated),-53,4
9E:69:A1:2F:3B:01,NA,(not associated),-51,4
9E:6C:4A:60:88:FC,NA,(not associated),-55,4
9E:6E:CF:D8:0B:23,NA,(not associated),-51,4
9E:AE:48:9D:FC:56,NA,(not associated),-47,4
9E:B5:1A:BF:7D:CC,NA,(not associated),-49,4
9E:E5:D0:0E:DC:71,NA,(not associated),-47,4
A2:08:C3:F5:4A:38,NA,(not associated),-57,4
A2:17:22:54:2D:90,NA,(not associated),-55,4
A2:1B:20:B1:AD:A2,NA,(not associated),-57,4
A2:2B:63:01:E7:21,NA,(not associated),-55,4
A2:2E:1E:F0:B0:77,NA,(not associated),-53,4
A2:36:B5:CE:A5:F2,NA,(not associated),-69,4
A2:56:3D:C1:A6:79,NA,(not associated),-61,4
A2:AC:48:01:D9:51,NA,(not associated),-51,4
A2:C4:73:AE:1D:E0,NA,(not associated),-65,4
A2:EA:72:83:43:A2,NA,(not associated),-61,4
A2:ED:78:9A:AC:AF,NA,(not associated),-51,4
A2:ED:80:F5:56:62,NA,(not associated),-63,4
A4:02:B9:73:81:7E,Intel Corporate,(not associated),-65,4
A6:2D:13:D2:55:7D,NA,(not associated),-53,4
A6:6A:EF:4E:88:7B,NA,(not associated),-53,4
A6:A8:09:49:46:2F,NA,(not associated),-57,4
A6:B0:5C:9C:20:24,NA,(not associated),-61,4
A6:B1:0D:CE:01:70,NA,(not associated),-47,4
A6:CF:3C:75:33:DE,NA,(not associated),-57,4
AA:2C:05:37:DE:39,NA,(not associated),-57,4
AA:46:91:9A:4C:1C,NA,(not associated),-69,4
AA:5C:E5:36:AA:22,NA,(not associated),-51,4
AA:70:6D:BB:68:D7,NA,(not associated),-57,4
AA:C2:8C:EF:63:86,NA,(not associated),-51,4
AA:E9:85:26:7C:00,NA,(not associated),-47,4
AE:01:B3:E1:0F:D8,NA,(not associated),-61,4
AE:21:AC:A8:DA:C5,NA,(not associated),-53,4
AE:2C:25:21:25:C1,NA,(not associated),-61,4
AE:72:C6:C3:9C:42,NA,(not associated),-55,4
AE:7C:F9:AD:89:54,NA,(not associated),-71,4
AE:F0:99:EC:64:F4,NA,(not associated),-55,4
AE:F3:65:D6:2B:3E,NA,(not associated),-61,4
AE:FB:15:C8:8F:79,NA,(not associated),-63,4
B2:12:7F:EF:40:C8,NA,(not associated),-59,4
B2:43:A9:C5:EF:CF,NA,(not associated),-63,4
B2:50:2F:AF:8C:DC,NA,(not associated),-53,4
B2:61:08:F7:61:A7,NA,(not associated),-55,4
B2:74:8F:DB:42:87,NA,(not associated),-51,4
B2:7C:EE:83:23:A3,NA,(not associated),-61,4
B2:94:64:B5:D0:64,NA,(not associated),-67,4
B2:BE:9A:87:44:0F,NA,(not associated),-47,4
B2:C8:86:2C:34:FC,NA,(not associated),-51,4
B2:D8:10:DA:92:4E,NA,(not associated),-53,4
B2:EA:1B:4C:CA:A1,NA,(not associated),-63,4
B2:EF:58:3F:1E:3C,NA,(not associated),-55,4
B2:F2:0B:B3:86:1D,NA,(not associated),-41,4
B6:2D:29:12:DB:A5,NA,(not associated),-63,4
B6:30:F1:C4:DF:5E,NA,(not associated),-61,4
B6:35:B2:94:99:64,NA,(not associated),-65,4
B6:4B:55:A0:80:BE,NA,(not associated),-67,4
B6:DC:93:00:22:0A,NA,(not associated),-61,4
B6:EB:BF:76:91:4B,NA,(not associated),-53,4
B6:EC:3A:FD:50:C8,NA,(not associated),-59,4
B6:EF:3D:EF:85:9D,NA,(not associated),-57,4
B6:FF:51:C3:BE:FC,NA,(not associated),-49,4
BA:17:FC:26:05:5B,NA,(not associated),-69,4
BA:24:11:A4:70:A2,NA,(not associated),-67,4
BA:88:0F:A7:EC:D8,NA,(not associated),-59,4
BA:8F:F5:A9:F8:04,NA,(not associated),-53,4
BA:92:B1:44:C8:B9,NA,(not associated),-47,4
BA:BB:8B:84:08:A0,NA,(not associated),-47,4
BA:C2:6B:D4:BE:40,NA,(not associated),-53,4
BA:CC:37:98:1A:47,NA,(not associated),-53,4
BE:23:95:87:0C:C9,NA,(not associated),-55,4
BE:48:FD:72:65:35,NA,(not associated),-59,4
BE:88:2F:B2:DB:03,NA,(not associated),-63,4
BE:BC:AF:F9:4A:80,NA,(not associated),-39,4
BE:E0:8A:76:17:86,NA,(not associated),-61,4
BE:F9:83:C3:9E:1A,NA,(not associated),-49,4
C2:0A:15:DF:66:78,NA,(not associated),-61,4
C2:28:E2:67:3E:DD,NA,(not associated),-51,4
C2:44:7B:AE:FA:C9,NA,(not associated),-51,4
C2:56:72:1A:71:B6,NA,(not associated),-55,4
C2:63:A8:16:F6:52,NA,82:CD:7D:04:17:3B,-67,4
C2:68:3F:40:3E:05,NA,00:25:00:FF:94:73,-67,4
C2:75:FE:FC:C8:11,NA,(not associated),-67,4
C2:82:DB:AA:F7:93,NA,(not associated),-53,4
C2:92:C5:9A:CD:6A,NA,(not associated),-59,4
C2:A8:B5:E9:E1:D5,NA,(not associated),-49,4
C2:AF:28:BA:CD:8F,NA,(not associated),-67,4
C2:E1:EB:73:D2:22,NA,(not associated),-69,4
C2:F8:D7:17:88:2B,NA,(not associated),-55,4
C2:FA:80:E9:8A:CD,NA,(not associated),-55,4
C6:0B:6F:9F:76:A9,NA,(not associated),-57,4
C6:24:A6:30:AB:B7,NA,(not associated),-61,4
C6:37:FE:CF:D3:FC,NA,(not associated),-53,4
C6:3A:EC:D8:50:23,NA,(not associated),-53,4
C6:8C:22:A6:A6:99,NA,(not associated),-69,4
C6:AF:04:96:D5:88,NA,(not associated),-47,4
C6:CB:56:A2:77:28,NA,(not associated),-53,4
C6:DB:7B:FC:CF:4D,NA,(not associated),-57,4
C6:EF:52:AD:55:F4,NA,(not associated),-59,4
CA:12:08:A9:8A:01,NA,(not associated),-49,4
CA:13:93:F0:07:07,NA,(not associated),-61,4
CA:19:1E:E1:FC:7D,NA,(not associated),-55,4
CA:43:A8:28:E6:0B,NA,(not associated),-55,4
CA:57:8C:BE:98:C9,NA,(not associated),-55,4
CA:7F:53:89:3F:42,NA,(not associated),-53,4
CA:8D:40:84:3E:1C,NA,(not associated),-51,4
CA:8E:4E:E0:7D:3B,NA,(not associated),-55,4
CA:91:4E:B2:76:87,NA,(not associated),-53,4
CA:96:C6:BA:F8:A3,NA,(not associated),-51,4
CA:CE:2B:2F:F5:6D,NA,(not associated),-63,4
CE:0E:2C:37:E7:15,NA,(not associated),-51,4
CE:1D:29:8A:6C:24,NA,(not associated),-61,4
CE:40:ED:F9:A2:FE,NA,(not associated),-59,4
CE:48:23:37:CC:4D,NA,(not associated),-55,4
CE:54:46:32:23:22,NA,(not associated),-55,4
CE:61:86:05:27:46,NA,(not associated),-57,4
CE:75:1E:A4:83:79,NA,(not associated),-59,4
CE:A4:4E:FA:F1:FA,NA,(not associated),-53,4
CE:B1:7E:99:95:F6,NA,(not associated),-51,4
D2:07:C0:F2:27:41,NA,(not associated),-45,4
D2:34:A1:3D:27:AA,NA,(not associated),-55,4
D2:70:A3:9A:A8:8D,NA,(not associated),-53,4
D2:92:E7:64:15:6C,NA,(not associated),-80,4
D2:A4:8B:AB:E7:FD,NA,(not associated),-55,4
D2:C9:B0:D7:0E:E7,NA,(not associated),-51,4
D2:C9:E7:F6:D0:55,NA,(not associated),-65,4
D6:25:67:3B:75:B1,NA,(not associated),-59,4
D6:48:6F:DA:C3:5A,NA,(not associated),-65,4
D6:86:23:51:97:C9,NA,(not associated),-63,4
D6:98:55:3B:6D:26,NA,(not associated),-63,4
D6:CF:92:3D:56:75,NA,(not associated),-61,4
DA:17:19:31:5A:43,NA,(not associated),-49,4
DA:49:93:70:EC:13,NA,(not associated),-57,4
DA:64:92:5A:43:67,NA,(not associated),-55,4
DA:A1:19:96:F8:42,NA,(not associated),-65,4
DA:A5:42:34:7D:A1,NA,(not associated),-45,4
DA:AE:EB:04:8A:24,NA,(not associated),-41,4
DA:CC:8F:CF:B6:5D,NA,(not associated),-63,4
DA:CE:3A:67:47:EB,NA,(not associated),-51,4
DA:E3:7C:1C:7A:C4,NA,(not associated),-55,4
DA:FB:E9:81:CC:DB,NA,(not associated),-59,4
DA:FC:2E:80:3F:15,NA,(not associated),-57,4
DE:04:0C:82:BD:1A,NA,(not associated),-53,4
DE:29:74:4F:6B:22,NA,(not associated),-47,4
DE:2A:5E:9E:80:38,NA,(not associated),-61,4
DE:41:E9:76:F3:B3,NA,(not associated),-53,4
DE:44:2C:3D:C2:21,NA,(not associated),-55,4
DE:98:6F:57:09:AE,NA,(not associated),-57,4
DE:9F:51:5A:E0:C4,NA,(not associated),-55,4
DE:AB:9C:4D:D1:FD,NA,(not associated),-65,4
DE:D1:1E:07:87:58,NA,(not associated),-53,4
DE:D1:C6:DE:7F:08,NA,(not associated),-61,4
DE:ED:59:C0:61:6A,NA,(not associated),-61,4
E2:04:01:71:C5:2A,NA,(not associated),-43,4
E2:1A:74:08:64:14,NA,(not associated),-61,4
E2:49:06:74:2C:9B,NA,(not associated),-55,4
E2:5B:9B:C3:81:84,NA,(not associated),-51,4
E2:5E:62:A6:E5:9E,NA,(not associated),-47,4
E2:84:4E:32:4A:2E,NA,(not associated),-49,4
E2:95:55:0C:5D:4D,NA,(not associated),-41,4
E2:A9:8C:D9:97:85,NA,(not associated),-55,4
E2:C6:31:F6:65:BF,NA,(not associated),-55,4
E2:CC:F8:97:96:85,NA,(not associated),-51,4
E2:CD:97:77:2F:73,NA,(not associated),-59,4
E6:23:3A:04:93:68,NA,(not associated),-51,4
E6:2A:51:8E:A7:5E,NA,(not associated),-57,4
E6:5F:06:80:E3:7C,NA,(not associated),-57,4
E6:78:2C:CF:57:BF,NA,(not associated),-59,4
E6:EC:2C:83:8C:1A,NA,(not associated),-55,4
E6:EF:16:EA:9A:A5,NA,(not associated),-53,4
E6:FA:B7:05:AD:B1,NA,(not associated),-49,4
EA:2F:13:5D:03:34,NA,(not associated),-55,4
EA:37:73:5C:80:5E,NA,(not associated),-55,4
EA:3F:C7:41:B0:E5,NA,(not associated),-51,4
EA:47:1A:21:A5:DA,NA,(not associated),-59,4
EA:7F:9C:C1:FC:8C,NA,(not associated),-57,4
EA:94:8E:C2:BC:92,NA,(not associated),-57,4
EA:9A:5B:B7:87:FF,NA,(not associated),-49,4
EA:A1:F9:89:CD:F2,NA,(not associated),-59,4
EA:D9:03:B3:0C:07,NA,(not associated),-59,4
EA:F6:AF:11:80:38,NA,(not associated),-61,4
EA:FF:B7:D1:2C:76,NA,(not associated),-51,4
EE:0E:90:F4:1A:62,NA,(not associated),-61,4
EE:5A:FD:CF:79:AA,NA,(not associated),-43,4
EE:99:94:90:72:8E,NA,(not associated),-61,4
EE:C4:3C:7C:F7:F2,NA,(not associated),-57,4
EE:DB:36:7A:FF:4E,NA,(not associated),-53,4
EE:F8:95:19:64:C0,NA,(not associated),-55,4
F2:0D:7A:5F:C8:B6,NA,(not associated),-57,4
F2:0D:BF:71:30:04,NA,(not associated),-69,4
F2:1A:42:CF:8C:25,NA,(not associated),-55,4
F2:20:E6:07:FE:F1,NA,(not associated),-53,4
F2:54:BF:C6:23:03,NA,(not associated),-59,4
F2:87:8E:C9:AA:A8,NA,(not associated),-61,4
F2:8C:B2:32:40:9A,NA,(not associated),-51,4
F2:8F:18:3A:2D:E2,NA,(not associated),-67,4
F2:A4:BE:61:C6:EF,NA,(not associated),-61,4
F2:B4:C2:E4:77:4E,NA,(not associated),-45,4
F2:C1:96:67:CF:0F,NA,(not associated),-59,4
F2:D7:62:7B:F5:CB,NA,(not associated),-57,4
F2:D8:EE:26:3C:C6,NA,(not associated),-55,4
F2:F3:0D:97:EC:1E,NA,(not associated),-49,4
F6:13:58:18:EC:CD,NA,(not associated),-53,4
F6:2F:85:C6:44:B5,NA,(not associated),-59,4
F6:9D:F0:0F:40:2E,NA,(not associated),-63,4
F6:DA:95:2C:84:09,NA,(not associated),-43,4
F6:F9:84:AE:C4:31,NA,(not associated),-57,4
F6:FE:FB:72:CD:C5,NA,(not associated),-69,4
FA:1F:7A:CA:E6:96,NA,(not associated),-51,4
FA:24:DF:18:4C:04,NA,(not associated),-55,4
FA:26:7D:03:2A:65,NA,(not associated),-49,4
FA:32:E7:E2:15:F8,NA,(not associated),-57,4
FA:44:02:AC:5E:64,NA,(not associated),-49,4
FA:50:A8:6F:13:8A,NA,(not associated),-82,4
FA:79:9D:65:7C:53,NA,(not associated),-51,4
FA:7F:0E:F7:07:2C,NA,(not associated),-55,4
FA:81:02:F3:E4:59,NA,(not associated),-55,4
FA:99:89:1E:8D:59,NA,(not associated),-53,4
FA:9B:3B:D9:A0:C5,NA,(not associated),-47,4
FA:B6:DC:10:63:FC,NA,(not associated),-57,4
FA:FE:34:3C:F5:E3,NA,(not associated),-63,4
FE:41:B6:7C:1C:6E,NA,(not associated),-55,4
FE:41:FA:4B:D7:E7,NA,(not associated),-63,4
FE:41:FA:5C:65:F0,NA,(not associated),-65,4
FE:41:FA:66:58:E4,NA,(not associated),-59,4
FE:41:FA:7D:03:6F,NA,(not associated),-67,4
FE:41:FA:86:13:0E,NA,(not associated),-55,4
FE:41:FA:BA:CA:CE,NA,(not associated),-63,4
FE:4C:C8:D9:D2:F3,NA,(not associated),-53,4
FE:6A:FC:65:45:DA,NA,(not associated),-51,4
FE:CB:A8:01:BA:B9,NA,(not associated),-57,4
00:0C:E7:A8:D6:73,MediaTek Inc,(not associated),-67,3
02:1E:C1:46:DC:16,NA,(not associated),-59,3
02:46:21:E8:B1:75,NA,(not associated),-59,3
02:AF:62:FE:26:3A,NA,(not associated),-57,3
02:B0:86:74:B1:87,NA,(not associated),-69,3
04:33:85:71:86:B2,"Nanchang BlackShark Co.,Ltd.",(not associated),-63,3
06:09:0C:3A:E3:C8,NA,(not associated),-51,3
06:15:6F:BC:9E:04,NA,(not associated),-53,3
06:21:DB:F0:12:18,NA,(not associated),-63,3
06:5F:2D:BC:24:22,NA,(not associated),-53,3
06:9A:12:A1:E4:7B,NA,(not associated),-59,3
06:9D:ED:29:D2:5B,NA,(not associated),-55,3
06:B2:A7:AB:0F:16,NA,(not associated),-49,3
06:B7:9A:2F:FE:25,NA,(not associated),-65,3
06:DB:76:F2:17:AB,NA,(not associated),-47,3
06:FB:EF:A6:11:FC,NA,(not associated),-53,3
06:FE:B7:BD:82:FC,NA,(not associated),-51,3
0A:10:61:24:47:50,NA,(not associated),-59,3
0A:2D:19:F4:43:41,NA,(not associated),-61,3
0A:63:32:3E:AC:6A,NA,(not associated),-51,3
0A:75:A9:0C:A4:5E,NA,(not associated),-65,3
0A:77:A3:89:D1:37,NA,(not associated),-57,3
0A:92:11:10:60:E1,NA,(not associated),-85,3
0A:A1:73:F6:FF:47,NA,(not associated),-61,3
0A:B2:9A:6E:D3:D6,NA,(not associated),-55,3
0A:E5:55:E4:42:09,NA,(not associated),-49,3
0E:08:3A:D5:F7:04,NA,(not associated),-57,3
0E:14:80:58:FC:C1,NA,(not associated),-61,3
0E:4B:94:8B:35:1D,NA,(not associated),-67,3
0E:53:A0:F8:26:85,NA,(not associated),-63,3
0E:78:8C:94:32:9B,NA,(not associated),-29,3
0E:8C:2B:E9:CA:7D,NA,(not associated),-67,3
0E:A3:0F:C8:44:18,NA,(not associated),-49,3
0E:B8:D4:CA:1D:4D,NA,(not associated),-63,3
0E:C8:AA:F6:52:64,NA,(not associated),-51,3
0E:C8:EE:81:D3:7D,NA,(not associated),-59,3
0E:CC:53:8B:81:85,NA,(not associated),-63,3
0E:EF:92:24:2B:54,NA,(not associated),-43,3
0E:EF:92:44:40:FE,NA,(not associated),-51,3
10:51:07:FF:1E:46,Intel Corporate,(not associated),-83,3
10:51:07:FF:29:0E,Intel Corporate,(not associated),-73,3
12:1F:D9:E1:46:0E,NA,(not associated),-59,3
12:46:66:33:8E:7B,NA,(not associated),-67,3
12:51:9E:90:DE:A9,NA,(not associated),-43,3
12:51:A1:9C:BC:8E,NA,(not associated),-63,3
12:82:67:93:06:3A,NA,(not associated),-27,3
12:93:20:2A:E9:B6,NA,(not associated),-57,3
12:AA:4D:C4:7D:32,NA,(not associated),-57,3
12:B7:19:3C:E0:00,NA,00:25:00:FF:94:73,-68,3
12:B7:1B:2D:6A:CC,NA,(not associated),-63,3
12:BA:FF:56:22:FE,NA,(not associated),-61,3
12:C5:0E:F1:59:37,NA,(not associated),-61,3
12:CF:4E:CE:4E:A7,NA,(not associated),-43,3
12:D8:2D:E0:78:95,NA,(not associated),-67,3
16:20:39:C5:00:72,NA,(not associated),-55,3
16:47:CD:03:BF:44,NA,(not associated),-51,3
16:67:EA:6C:00:C6,NA,(not associated),-51,3
16:69:23:A1:79:B2,NA,(not associated),-57,3
16:9A:22:2E:54:DA,NA,(not associated),-59,3
16:A1:AB:5D:06:64,NA,(not associated),-41,3
16:CF:F4:4B:75:AC,NA,(not associated),-57,3
16:FA:3E:A6:9E:AE,NA,(not associated),-59,3
1A:1E:AC:48:21:27,NA,(not associated),-57,3
1A:28:FB:D8:EE:B9,NA,(not associated),-55,3
1A:30:9B:06:FB:86,NA,(not associated),-69,3
1A:3D:B0:8A:2F:6D,NA,(not associated),-47,3
1A:77:B4:FD:EA:64,NA,(not associated),-55,3
1A:87:40:77:99:3F,NA,(not associated),-63,3
1A:89:85:64:5B:35,NA,(not associated),-63,3
1A:9F:D0:AD:DD:82,NA,(not associated),-73,3
1A:BB:7B:C7:BB:44,NA,(not associated),-49,3
1A:D1:77:51:CA:D7,NA,(not associated),-45,3
1A:F0:4C:57:1F:20,NA,(not associated),-57,3
1E:09:AF:4E:DC:37,NA,(not associated),-61,3
1E:2F:17:48:B1:5A,NA,(not associated),-63,3
1E:39:9F:2E:A6:9F,NA,(not associated),-49,3
1E:56:98:9B:C5:4A,NA,(not associated),-69,3
1E:77:E4:35:2A:EB,NA,(not associated),-55,3
1E:87:C7:F3:34:47,NA,(not associated),-59,3
1E:8E:C4:B6:95:28,NA,(not associated),-57,3
1E:B3:54:15:1C:56,NA,(not associated),-63,3
1E:EC:1A:C9:E3:92,NA,(not associated),-63,3
1E:F3:64:AF:30:F6,NA,(not associated),-59,3
22:04:F1:F8:EE:9B,NA,(not associated),-47,3
22:15:7C:EB:2E:D8,NA,(not associated),-59,3
22:18:D6:74:50:C8,NA,(not associated),-59,3
22:1B:F7:33:00:06,NA,(not associated),-27,3
22:28:42:1E:E9:82,NA,(not associated),-61,3
22:29:69:02:FB:5A,NA,(not associated),-51,3
22:31:9B:E4:59:4E,NA,(not associated),-51,3
22:38:3C:44:9B:47,NA,(not associated),-53,3
22:7B:FB:1F:BA:B4,NA,(not associated),-47,3
22:90:48:27:37:BB,NA,(not associated),-47,3
22:93:FE:1E:02:A4,NA,(not associated),-47,3
22:96:4E:E3:BB:C0,NA,(not associated),-43,3
22:A3:12:A2:B5:4B,NA,(not associated),-63,3
22:BC:4B:C9:90:8B,NA,(not associated),-65,3
22:CA:0A:F2:E6:6E,NA,(not associated),-55,3
22:DA:AB:2F:9E:9E,NA,(not associated),-55,3
22:E4:70:75:38:5E,NA,(not associated),-59,3
22:EE:D9:90:3F:D1,NA,(not associated),-55,3
22:FC:8A:00:67:7C,NA,(not associated),-67,3
26:02:07:48:86:A1,NA,(not associated),-53,3
26:35:50:01:24:30,NA,(not associated),-69,3
26:48:AB:1A:90:61,NA,(not associated),-55,3
26:4A:54:90:BA:98,NA,(not associated),-61,3
26:58:67:4F:C3:1E,NA,(not associated),-57,3
26:76:8D:28:41:CC,NA,(not associated),-63,3
26:94:AB:57:DE:19,NA,(not associated),-49,3
26:A2:CC:F7:F3:EB,NA,(not associated),-59,3
26:D6:84:90:BB:B0,NA,(not associated),-57,3
26:D9:99:EF:99:40,NA,(not associated),-55,3
26:E3:70:BF:31:86,NA,(not associated),-61,3
2A:2F:DE:6E:7F:3C,NA,(not associated),-55,3
2A:3A:E7:74:8A:AF,NA,(not associated),-61,3
2A:49:50:1A:7D:DF,NA,(not associated),-59,3
2A:50:15:7D:1A:5B,NA,(not associated),-59,3
2A:54:17:EC:1B:F9,NA,(not associated),-57,3
2A:8F:D9:76:A1:A4,NA,(not associated),-65,3
2A:A0:4B:C5:A5:B7,NA,(not associated),-57,3
2A:A3:10:C6:88:E7,NA,(not associated),-53,3
2A:A7:B6:DC:57:25,NA,(not associated),-57,3
2A:AD:9E:58:41:27,NA,(not associated),-57,3
2A:B1:7E:76:BC:6D,NA,(not associated),-65,3
2A:B4:67:5D:88:27,NA,(not associated),-63,3
2A:BA:45:0B:B5:E3,NA,(not associated),-63,3
2A:C1:00:18:B9:78,NA,(not associated),-61,3
2A:D6:D6:57:16:8A,NA,(not associated),-47,3
2A:DD:88:96:68:F1,NA,(not associated),-53,3
2A:E9:32:F5:26:1F,NA,(not associated),-65,3
2A:EE:08:E1:3A:60,NA,(not associated),-61,3
2E:03:54:BF:11:EA,NA,(not associated),-57,3
2E:04:F4:FD:21:43,NA,(not associated),-55,3
2E:13:1C:93:E0:86,NA,(not associated),-53,3
2E:25:BD:41:DB:B5,NA,(not associated),-51,3
2E:3A:32:75:61:9D,NA,(not associated),-57,3
2E:4D:4A:02:63:5A,NA,(not associated),-53,3
2E:67:72:6F:9B:C3,NA,(not associated),-61,3
2E:8F:D9:39:F4:10,NA,(not associated),-59,3
2E:96:24:DC:87:0D,NA,(not associated),-43,3
2E:96:36:F3:AF:D6,NA,(not associated),-53,3
2E:B4:EF:21:ED:D2,NA,(not associated),-67,3
2E:E0:C3:0B:15:D4,NA,00:25:00:FF:94:73,-67,3
2E:EC:73:D6:3B:0D,NA,(not associated),-65,3
32:1E:CB:DF:CC:D2,NA,(not associated),-67,3
32:24:A2:D4:77:71,NA,(not associated),-43,3
32:7B:D4:97:CC:28,NA,(not associated),-51,3
32:86:41:31:93:4F,NA,(not associated),-59,3
32:8A:38:1E:4E:98,NA,(not associated),-55,3
32:9C:40:88:62:28,NA,(not associated),-53,3
32:AB:1E:55:93:39,NA,(not associated),-47,3
32:C0:B2:E1:2D:9B,NA,(not associated),-59,3
32:CE:FD:B3:34:F5,NA,(not associated),-37,3
32:E8:0A:32:98:71,NA,(not associated),-67,3
32:EC:4C:8D:09:E1,NA,(not associated),-67,3
32:F4:A0:EF:74:67,NA,(not associated),-67,3
32:F7:84:7D:B7:F4,NA,(not associated),-45,3
36:0E:34:EA:B5:08,NA,(not associated),-55,3
36:68:69:76:28:B6,NA,(not associated),-59,3
36:72:0F:B8:C4:5A,NA,(not associated),-57,3
36:85:7F:31:C9:12,NA,(not associated),-57,3
36:A5:9A:73:E6:20,NA,(not associated),-59,3
3A:40:9F:17:86:95,NA,(not associated),-45,3
3A:5C:16:3C:06:2F,NA,(not associated),-59,3
3A:86:C9:5B:84:A3,NA,(not associated),-57,3
3A:94:B3:B4:24:5B,NA,(not associated),-59,3
3A:E2:31:B3:97:A3,NA,(not associated),-53,3
3E:1B:F8:F5:1C:52,NA,(not associated),-71,3
3E:38:38:91:24:1F,NA,(not associated),-51,3
3E:50:29:89:12:43,NA,(not associated),-51,3
3E:5D:C6:32:3E:5F,NA,(not associated),-65,3
3E:76:75:8A:24:A7,NA,(not associated),-49,3
3E:7B:B3:2E:C5:41,NA,(not associated),-53,3
3E:91:B5:DD:F5:71,NA,(not associated),-55,3
3E:92:4A:A7:46:99,NA,(not associated),-80,3
3E:BD:E0:AF:52:B8,NA,(not associated),-51,3
3E:C1:B0:83:2E:17,NA,(not associated),-55,3
3E:C9:93:15:C7:6A,NA,(not associated),-61,3
3E:CA:CD:7F:49:5A,NA,(not associated),-43,3
3E:CB:33:36:6A:70,NA,(not associated),-55,3
3E:D3:7E:CD:D2:4C,NA,(not associated),-43,3
3E:EB:7C:9C:C8:B8,NA,(not associated),-59,3
3E:EC:08:A4:18:00,NA,(not associated),-61,3
3E:FF:B0:F4:F5:F6,NA,(not associated),-57,3
42:09:38:0E:AC:2E,NA,(not associated),-69,3
42:15:00:03:DB:9F,NA,(not associated),-53,3
42:1F:F6:BB:85:BD,NA,(not associated),-49,3
42:39:3C:54:A3:91,NA,(not associated),-61,3
42:4B:5E:96:3A:90,NA,(not associated),-27,3
42:50:C5:EE:C2:A4,NA,(not associated),-55,3
42:5F:D1:02:BF:3F,NA,(not associated),-49,3
42:8B:57:50:93:0A,NA,(not associated),-27,3
42:B4:D7:B8:DC:27,NA,(not associated),-65,3
42:CB:01:4F:2D:BE,NA,(not associated),-55,3
42:E0:D2:15:B4:5F,NA,(not associated),-55,3
46:0B:D8:1E:08:6B,NA,(not associated),-55,3
46:1C:1B:DA:B0:A9,NA,(not associated),-55,3
46:21:5D:06:9A:5A,NA,(not associated),-27,3
46:36:35:C6:71:13,NA,(not associated),-55,3
46:52:06:47:86:34,NA,(not associated),-49,3
46:5C:87:D4:49:11,NA,(not associated),-65,3
46:61:69:B9:00:0A,NA,(not associated),-53,3
46:62:8C:90:A4:B5,NA,(not associated),-51,3
46:E6:62:94:51:CC,NA,(not associated),-65,3
46:EF:4A:1D:DB:9B,NA,(not associated),-67,3
4A:19:A2:31:D3:A9,NA,(not associated),-47,3
4A:1D:EA:55:22:EA,NA,(not associated),-59,3
4A:47:D4:18:1C:66,NA,(not associated),-67,3
4A:53:85:EE:01:7F,NA,(not associated),-55,3
4A:6E:DE:F7:1E:7D,NA,(not associated),-69,3
4A:89:89:F3:86:82,NA,(not associated),-86,3
4A:99:AE:47:AA:F1,NA,(not associated),-53,3
4A:9B:2A:D2:F8:E6,NA,(not associated),-53,3
4A:C3:42:D1:0F:28,NA,(not associated),-65,3
4A:C7:E4:DE:EA:34,NA,(not associated),-61,3
4A:FE:49:F0:7B:DD,NA,(not associated),-55,3
4E:06:9D:CB:59:B6,NA,(not associated),-53,3
4E:25:60:6D:8F:F9,NA,(not associated),-69,3
4E:29:84:09:3B:C7,NA,(not associated),-69,3
4E:4F:1B:73:CD:1F,NA,(not associated),-63,3
4E:73:B0:82:97:D0,NA,(not associated),-63,3
4E:8A:DD:EA:75:59,NA,(not associated),-57,3
4E:B5:E1:37:32:43,NA,(not associated),-55,3
4E:C1:37:62:51:3C,NA,(not associated),-65,3
4E:C2:DE:9B:32:36,NA,(not associated),-63,3
4E:CC:2F:D1:E9:16,NA,(not associated),-59,3
4E:D5:4A:37:BD:9B,NA,(not associated),-35,3
4E:DA:29:DE:F2:58,NA,(not associated),-57,3
50:DA:D6:D1:03:AD,Xiaomi Communications Co Ltd,(not associated),-67,3
52:05:7F:70:E4:32,NA,(not associated),-49,3
52:06:23:BB:FA:05,NA,E8:28:C1:DC:C6:B2,-1,3
52:15:9F:37:2A:60,NA,(not associated),-55,3
52:24:76:0A:FA:78,NA,(not associated),-59,3
52:33:F6:FC:CA:74,NA,(not associated),-53,3
52:91:6D:BE:14:AA,NA,(not associated),-67,3
52:98:39:AF:EA:1A,NA,(not associated),-73,3
52:C8:73:FE:4C:EE,NA,(not associated),-45,3
52:F9:8E:18:AE:91,NA,(not associated),-49,3
54:71:DD:FE:12:68,"Huawei Device Co., Ltd.",E0:D9:E3:49:04:40,-67,3
56:01:F3:D1:C2:86,NA,(not associated),-53,3
56:31:B9:8B:8D:27,NA,(not associated),-57,3
56:8A:12:2D:56:D4,NA,(not associated),-51,3
56:9F:3A:26:92:47,NA,(not associated),-43,3
56:AC:14:10:97:05,NA,(not associated),-51,3
56:CA:FD:DC:72:77,NA,(not associated),-55,3
56:D3:DA:B8:43:98,NA,(not associated),-55,3
56:D6:61:27:1B:78,NA,(not associated),-55,3
56:E9:AF:C6:3A:B6,NA,(not associated),-51,3
5A:0A:03:23:CF:D2,NA,(not associated),-53,3
5A:1B:4D:8D:B1:99,NA,(not associated),-53,3
5A:38:B9:D1:21:68,NA,(not associated),-61,3
5A:3B:B5:A6:4F:D7,NA,(not associated),-43,3
5A:56:45:F3:CD:8F,NA,(not associated),-61,3
5A:A3:EF:2A:01:69,NA,(not associated),-51,3
5A:A4:D5:5F:30:88,NA,(not associated),-53,3
5A:AB:CF:12:D2:88,NA,(not associated),-45,3
5A:AB:CF:42:CC:43,NA,(not associated),-57,3
5A:AB:CF:62:67:5F,NA,(not associated),-51,3
5A:AB:CF:9C:99:1A,NA,(not associated),-59,3
5A:B7:9D:6F:04:0E,NA,(not associated),-47,3
5A:BC:F2:73:1C:B2,NA,(not associated),-67,3
5A:C8:2E:29:D4:8E,NA,(not associated),-61,3
5A:CE:6F:79:83:CD,NA,(not associated),-47,3
5A:DE:A1:AA:3C:E2,NA,(not associated),-59,3
5A:F1:D2:90:BC:FB,NA,(not associated),-49,3
5A:F7:BB:9F:26:A7,NA,(not associated),-57,3
5E:1D:EC:4D:0D:89,NA,(not associated),-53,3
5E:21:19:60:7E:89,NA,(not associated),-53,3
5E:31:6D:56:EC:5A,NA,(not associated),-55,3
5E:75:CE:07:4C:58,NA,(not associated),-59,3
5E:7B:A5:3B:2C:0F,NA,(not associated),-59,3
5E:C3:9A:9A:DD:05,NA,(not associated),-45,3
5E:C7:C0:E4:D7:D4,NA,(not associated),-77,3
5E:CA:CC:A0:53:73,NA,(not associated),-55,3
5E:E7:49:A7:42:DA,NA,(not associated),-53,3
5E:EC:08:4E:0E:34,NA,(not associated),-65,3
62:13:F9:84:56:3D,NA,(not associated),-53,3
62:1F:B6:A6:3B:CD,NA,(not associated),-57,3
62:2C:71:71:74:8C,NA,(not associated),-45,3
62:32:4F:54:21:37,NA,(not associated),-47,3
62:36:70:6B:DD:F4,NA,(not associated),-45,3
62:4A:B2:63:58:70,NA,(not associated),-55,3
62:50:7F:F2:26:BB,NA,(not associated),-49,3
62:59:7A:D8:1B:3B,NA,(not associated),-55,3
62:77:AB:5E:35:9C,NA,(not associated),-67,3
62:7F:EB:B5:36:45,NA,(not associated),-71,3
62:84:F1:2C:78:B2,NA,(not associated),-61,3
62:8B:4B:8A:B8:D6,NA,(not associated),-51,3
62:AC:E0:81:58:26,NA,(not associated),-53,3
62:BE:14:09:AD:1B,NA,(not associated),-61,3
62:C9:04:9F:3D:8F,NA,(not associated),-55,3
62:CA:8B:EE:24:5D,NA,(not associated),-59,3
62:DF:A8:4E:A5:E7,NA,(not associated),-53,3
62:F8:40:65:D1:15,NA,(not associated),-41,3
66:10:49:EC:24:0A,NA,(not associated),-49,3
66:10:89:F8:64:9A,NA,(not associated),-51,3
66:1F:D1:DD:69:BF,NA,(not associated),-57,3
66:23:51:7D:66:5C,NA,(not associated),-55,3
66:28:B0:E6:58:3A,NA,(not associated),-55,3
66:3F:4B:B2:BB:D0,NA,(not associated),-61,3
66:43:37:14:BD:6D,NA,(not associated),-83,3
66:B2:59:AA:52:4A,NA,(not associated),-57,3
66:D3:71:AE:91:42,NA,(not associated),-57,3
66:E9:05:18:9F:6D,NA,(not associated),-45,3
6A:24:EE:3C:85:A0,NA,(not associated),-45,3
6A:34:5E:0B:83:45,NA,(not associated),-59,3
6A:8B:CC:E6:DF:CA,NA,(not associated),-63,3
6A:A5:A9:EF:D9:4C,NA,(not associated),-55,3
6A:B6:E0:6E:60:61,NA,(not associated),-63,3
6A:E8:68:F5:B6:5C,NA,(not associated),-41,3
6E:1A:62:E3:38:D6,NA,(not associated),-53,3
6E:35:BE:2F:74:0C,NA,(not associated),-61,3
6E:3A:37:8C:29:40,NA,(not associated),-55,3
6E:50:2E:E9:D0:C8,NA,(not associated),-45,3
6E:52:C5:52:19:D6,NA,(not associated),-82,3
6E:59:6E:1E:3C:64,NA,(not associated),-55,3
6E:74:BC:51:E7:8D,NA,(not associated),-53,3
6E:7B:F3:AF:3D:85,NA,(not associated),-65,3
6E:A9:FA:B6:6A:F6,NA,(not associated),-71,3
6E:DD:CD:AA:19:BC,NA,(not associated),-49,3
72:03:7B:FC:08:7F,NA,(not associated),-53,3
72:12:25:90:0C:0C,NA,(not associated),-76,3
72:2B:F7:B9:1C:D7,NA,(not associated),-82,3
72:39:BC:A4:A9:71,NA,(not associated),-69,3
72:54:82:0C:34:FC,NA,(not associated),-49,3
72:5C:A0:61:00:2F,NA,(not associated),-67,3
72:68:85:39:9C:90,NA,(not associated),-51,3
72:BB:5E:6D:0B:39,NA,(not associated),-51,3
72:CE:89:8D:DB:C5,NA,(not associated),-63,3
72:D4:AE:57:D6:EB,NA,(not associated),-61,3
72:D6:2A:87:73:AF,NA,(not associated),-57,3
72:E1:3E:D3:E7:3E,NA,(not associated),-67,3
72:E4:D7:49:B6:C3,NA,(not associated),-47,3
72:FE:1F:E1:24:BB,NA,(not associated),-67,3
74:4C:A1:70:CE:F7,Liteon Technology Corporation,E8:28:C1:DC:FF:F2,-71,3
76:2B:57:73:BE:39,NA,(not associated),-81,3
76:7E:6A:DA:5B:F4,NA,(not associated),-65,3
76:89:8A:A9:7C:43,NA,(not associated),-51,3
76:E7:B1:3E:AD:DB,NA,(not associated),-55,3
76:FE:D6:28:9F:82,NA,(not associated),-61,3
7A:0B:A8:A2:61:07,NA,(not associated),-41,3
7A:15:3F:21:CA:F8,NA,(not associated),-53,3
7A:19:2B:99:E4:05,NA,(not associated),-47,3
7A:35:6D:EB:34:82,NA,(not associated),-57,3
7A:39:46:E9:78:B8,NA,(not associated),-65,3
7A:3F:32:D3:54:2B,NA,(not associated),-59,3
7A:41:AC:C9:9C:98,NA,(not associated),-51,3
7A:41:EF:11:BA:DD,NA,(not associated),-79,3
7A:BE:A9:0C:11:E5,NA,(not associated),-67,3
7A:CE:DD:1E:E4:A1,NA,(not associated),-53,3
7E:10:48:94:BC:D3,NA,(not associated),-53,3
7E:18:C4:4D:E7:70,NA,(not associated),-53,3
7E:44:47:C2:3B:BB,NA,(not associated),-53,3
7E:4C:B6:0B:9B:BB,NA,(not associated),-84,3
7E:62:F6:10:FC:0D,NA,(not associated),-57,3
7E:75:23:E7:5C:37,NA,(not associated),-67,3
7E:87:67:51:3F:B7,NA,(not associated),-65,3
7E:A3:1F:AA:36:92,NA,00:03:7F:10:17:56,-71,3
7E:A9:2A:6A:20:FF,NA,(not associated),-63,3
7E:B0:B0:00:C4:38,NA,(not associated),-63,3
7E:B3:98:F5:24:B3,NA,(not associated),-45,3
82:00:5D:F3:A4:DF,NA,(not associated),-61,3
82:05:14:C3:EF:42,NA,(not associated),-55,3
82:0D:B2:8E:97:98,NA,(not associated),-61,3
82:29:F1:3D:3A:0C,NA,(not associated),-53,3
82:2E:27:3E:DB:8E,NA,(not associated),-63,3
82:30:1B:0E:F3:15,NA,(not associated),-43,3
82:41:85:1A:EA:D7,NA,(not associated),-57,3
82:5C:98:65:65:B0,NA,(not associated),-61,3
82:60:04:44:0C:61,NA,(not associated),-59,3
82:65:FB:6D:00:C8,NA,(not associated),-53,3
82:73:6C:3D:1A:A1,NA,(not associated),-51,3
82:83:AA:72:D3:00,NA,(not associated),-45,3
82:84:3F:DF:A6:B5,NA,(not associated),-61,3
82:A0:23:0A:35:68,NA,(not associated),-53,3
82:E6:FC:20:E0:68,NA,(not associated),-65,3
82:EC:27:26:26:FF,NA,(not associated),-51,3
82:F1:89:75:03:80,NA,(not associated),-65,3
86:21:6E:9A:36:33,NA,(not associated),-35,3
86:26:2A:0F:3D:1C,NA,(not associated),-61,3
86:2F:14:F4:B3:B0,NA,(not associated),-65,3
86:31:0D:6A:F2:09,NA,(not associated),-57,3
86:3D:7D:8D:F9:22,NA,(not associated),-55,3
86:3D:D3:08:4E:00,NA,(not associated),-59,3
86:5D:56:C6:2A:F4,NA,(not associated),-59,3
86:72:4D:8C:18:82,NA,(not associated),-53,3
86:82:AE:E6:B7:4E,NA,(not associated),-59,3
86:84:19:AE:62:E8,NA,(not associated),-53,3
86:8C:A0:0D:07:03,NA,(not associated),-51,3
86:95:4C:8E:DC:8C,NA,(not associated),-55,3
86:9B:FC:83:F3:A6,NA,(not associated),-51,3
86:B9:5C:9D:C1:11,NA,(not associated),-61,3
86:BB:F1:4E:E4:57,NA,(not associated),-65,3
86:DB:5E:B0:AC:79,NA,(not associated),-51,3
86:F9:18:06:49:98,NA,(not associated),-63,3
86:FB:4F:C2:94:29,NA,(not associated),-67,3
8A:04:1E:B3:74:1B,NA,(not associated),-61,3
8A:12:22:8A:66:A9,NA,(not associated),-59,3
8A:1E:03:4E:29:9D,NA,(not associated),-57,3
8A:27:3E:50:33:06,NA,(not associated),-29,3
8A:3E:29:7F:1A:4D,NA,(not associated),-63,3
8A:4D:E6:14:DE:F5,NA,(not associated),-45,3
8A:51:33:06:DC:F4,NA,(not associated),-63,3
8A:6D:1B:F9:BF:BE,NA,(not associated),-69,3
8A:A4:65:65:8B:56,NA,(not associated),-53,3
8A:AC:13:E8:55:88,NA,(not associated),-59,3
8A:CA:05:3E:98:8F,NA,(not associated),-51,3
8A:D0:35:2E:7C:2B,NA,(not associated),-39,3
8A:D6:32:18:91:0C,NA,(not associated),-55,3
8A:DC:EF:95:7C:87,NA,00:25:00:FF:94:73,-68,3
8A:FB:A7:86:5B:1B,NA,(not associated),-59,3
8E:05:B2:62:B7:6E,NA,(not associated),-61,3
8E:5D:C4:4D:5A:DD,NA,(not associated),-59,3
8E:5E:D1:D8:E5:37,NA,(not associated),-71,3
8E:69:7C:60:61:4A,NA,(not associated),-53,3
8E:96:52:E2:C5:9F,NA,(not associated),-63,3
8E:B9:5D:88:E4:10,NA,(not associated),-67,3
8E:C7:77:FC:FE:00,NA,(not associated),-61,3
8E:CD:73:53:21:92,NA,(not associated),-53,3
8E:D0:8C:EE:5C:97,NA,(not associated),-63,3
8E:D3:42:53:36:62,NA,(not associated),-47,3
8E:EA:DF:84:80:9E,NA,(not associated),-59,3
8E:FA:1D:51:D6:45,NA,(not associated),-53,3
92:33:17:B3:6E:D5,NA,(not associated),-57,3
92:39:91:F4:8F:C6,NA,(not associated),-57,3
92:50:A8:FF:07:03,NA,(not associated),-51,3
92:84:02:75:17:11,NA,(not associated),-41,3
92:97:32:A1:31:47,NA,(not associated),-59,3
92:A7:B5:CF:32:F4,NA,(not associated),-57,3
92:AB:D9:26:E5:FA,NA,(not associated),-61,3
92:C9:DF:4F:33:FA,NA,(not associated),-55,3
92:DA:8E:01:C2:09,NA,(not associated),-53,3
96:04:AA:BE:42:47,NA,(not associated),-59,3
96:0E:24:E1:F2:BB,NA,(not associated),-61,3
96:2A:17:A4:FD:DF,NA,(not associated),-59,3
96:45:86:6C:BC:BC,NA,(not associated),-59,3
96:4A:5B:12:16:B3,NA,(not associated),-51,3
96:75:15:B4:94:34,NA,(not associated),-45,3
96:DE:71:A3:69:D3,NA,(not associated),-59,3
9A:11:B8:14:27:E3,NA,(not associated),-53,3
9A:22:71:AE:AF:23,NA,(not associated),-47,3
9A:50:0D:E0:B5:DC,NA,(not associated),-59,3
9A:72:17:70:DE:B6,NA,(not associated),-59,3
9A:90:07:9D:CC:94,NA,(not associated),-57,3
9A:D2:16:1B:6C:B0,NA,(not associated),-45,3
9A:E9:3B:E4:C4:44,NA,(not associated),-51,3
9A:EE:77:75:34:0E,NA,(not associated),-67,3
9A:F4:32:59:EE:B0,NA,(not associated),-63,3
9E:08:21:0E:F0:DE,NA,(not associated),-55,3
9E:2C:5A:E1:ED:4B,NA,(not associated),-57,3
9E:2C:C2:E7:06:66,NA,(not associated),-53,3
9E:38:1B:56:15:A1,NA,(not associated),-61,3
9E:41:03:7D:D9:7A,NA,(not associated),-51,3
9E:71:22:2C:AB:21,NA,(not associated),-59,3
9E:71:83:79:90:A7,NA,(not associated),-63,3
9E:C0:AE:42:5C:AB,NA,(not associated),-55,3
9E:C4:2D:51:84:2B,NA,(not associated),-45,3
9E:C6:9F:71:B4:B1,NA,(not associated),-29,3
9E:CD:6D:FC:69:72,NA,(not associated),-63,3
9E:D4:41:4B:57:B6,NA,(not associated),-65,3
9E:EB:86:27:2C:EA,NA,(not associated),-51,3
A2:00:99:36:60:8B,NA,(not associated),-57,3
A2:08:9B:F4:44:FD,NA,(not associated),-57,3
A2:16:F4:F2:B8:FF,NA,(not associated),-51,3
A2:2B:51:A8:98:07,NA,(not associated),-61,3
A2:39:1B:4F:E6:C5,NA,(not associated),-59,3
A2:3C:8F:B8:4E:CB,NA,(not associated),-55,3
A2:5A:57:2D:04:27,NA,(not associated),-45,3
A2:90:35:C5:DE:F0,NA,(not associated),-73,3
A2:99:C0:C0:23:42,NA,(not associated),-55,3
A2:B7:27:1D:33:AB,NA,(not associated),-61,3
A2:C5:97:14:AE:55,NA,(not associated),-57,3
A2:C9:A1:44:D8:D1,NA,(not associated),-55,3
A2:DA:70:7B:F8:62,NA,(not associated),-63,3
A2:E8:65:5D:1F:E3,NA,(not associated),-61,3
A2:F3:50:DF:B8:A4,NA,(not associated),-57,3
A4:02:B9:73:2D:C8,Intel Corporate,(not associated),-65,3
A6:16:42:4F:39:0B,NA,(not associated),-65,3
A6:29:52:13:53:6E,NA,(not associated),-59,3
A6:34:D0:6D:E6:A6,NA,(not associated),-57,3
A6:3B:6C:33:E0:DD,NA,(not associated),-51,3
A6:41:34:60:BC:66,NA,(not associated),-45,3
A6:62:07:0D:DD:E4,NA,00:25:00:FF:94:73,-69,3
A6:78:42:3B:DD:85,NA,(not associated),-63,3
A6:81:A0:C6:78:2D,NA,(not associated),-57,3
A6:83:4F:8A:B5:58,NA,(not associated),-55,3
A6:85:B7:6A:CC:B5,NA,(not associated),-55,3
A6:B0:42:83:03:80,NA,(not associated),-59,3
A6:B6:29:B7:22:11,NA,(not associated),-51,3
A6:D2:F5:CE:D6:9B,NA,(not associated),-55,3
A6:E9:A6:56:42:48,NA,(not associated),-61,3
A6:FF:3F:08:CB:CD,NA,(not associated),-59,3
AA:26:95:47:72:07,NA,(not associated),-63,3
AA:34:40:83:F0:C6,NA,(not associated),-61,3
AA:65:39:3C:DB:43,NA,(not associated),-59,3
AA:81:53:81:97:18,NA,(not associated),-53,3
AA:95:E1:6F:9E:00,NA,(not associated),-55,3
AA:99:DB:05:8F:FA,NA,(not associated),-45,3
AA:AD:80:A5:C1:D4,NA,(not associated),-55,3
AA:C5:1C:51:D2:B0,NA,(not associated),-63,3
AA:D1:3C:1E:54:7F,NA,(not associated),-63,3
AA:EA:8E:52:ED:64,NA,(not associated),-55,3
AE:2B:86:A2:1A:8A,NA,(not associated),-55,3
AE:31:07:2D:F0:CC,NA,(not associated),-45,3
AE:3A:09:76:CC:F7,NA,(not associated),-55,3
AE:5B:00:7D:1D:3D,NA,(not associated),-53,3
AE:AB:83:D5:25:55,NA,(not associated),-67,3
AE:B5:FB:4A:6A:D9,NA,(not associated),-33,3
AE:F1:81:C9:91:E6,NA,(not associated),-51,3
B2:1A:5B:5F:AB:D4,NA,(not associated),-51,3
B2:25:58:2A:D3:BD,NA,(not associated),-57,3
B2:3A:E3:74:86:A5,NA,(not associated),-59,3
B2:48:BE:6A:72:D9,NA,(not associated),-61,3
B2:4C:86:F7:A5:A7,NA,(not associated),-69,3
B2:7D:72:7F:5D:5C,NA,(not associated),-57,3
B2:92:2A:70:A2:99,NA,(not associated),-61,3
B2:9B:98:5C:F2:94,NA,(not associated),-59,3
B2:A5:AF:0A:C6:5E,NA,(not associated),-63,3
B2:AC:50:2D:CD:E4,NA,(not associated),-53,3
B2:B9:A8:FD:9E:00,NA,(not associated),-57,3
B2:E3:2A:7E:CA:1C,NA,(not associated),-55,3
B6:2B:D2:BA:4B:32,NA,(not associated),-53,3
B6:36:A4:F1:89:51,NA,(not associated),-55,3
B6:4C:7F:49:9C:27,NA,(not associated),-57,3
B6:5E:D5:D3:B9:8E,NA,(not associated),-41,3
B6:61:43:D7:E0:1B,NA,(not associated),-67,3
B6:6C:97:DA:B9:EF,NA,(not associated),-61,3
B6:7C:95:23:9A:C2,NA,(not associated),-63,3
B6:90:49:98:FE:B5,NA,(not associated),-57,3
B6:C4:DD:5D:52:21,NA,(not associated),-69,3
B6:CA:05:18:12:45,NA,(not associated),-57,3
B6:EC:7E:ED:30:D4,NA,(not associated),-61,3
B6:ED:26:C7:88:95,NA,(not associated),-59,3
BA:08:12:3C:99:A5,NA,(not associated),-59,3
BA:08:C4:EB:31:41,NA,(not associated),-63,3
BA:1B:08:F2:41:E4,NA,(not associated),-43,3
BA:51:14:EC:F0:27,NA,(not associated),-53,3
BA:5F:01:05:95:49,NA,(not associated),-45,3
BA:7B:D9:3A:63:3C,NA,(not associated),-57,3
BA:97:70:91:1E:90,NA,(not associated),-49,3
BA:A2:1D:66:0A:ED,NA,(not associated),-51,3
BA:AE:FC:9D:37:A7,NA,(not associated),-67,3
BA:C4:EB:9F:0D:3E,NA,(not associated),-65,3
BA:C7:02:B8:FA:A3,NA,(not associated),-47,3
BA:DE:47:EE:E6:54,NA,(not associated),-59,3
BA:FB:A3:E1:7C:DA,NA,(not associated),-67,3
BE:11:9F:18:59:0C,NA,(not associated),-45,3
BE:16:4B:E2:23:40,NA,(not associated),-61,3
BE:27:76:C5:5A:CE,NA,(not associated),-63,3
BE:31:FA:F4:D6:FE,NA,(not associated),-57,3
BE:33:11:32:7B:29,NA,(not associated),-49,3
BE:39:F9:CD:0F:7E,NA,(not associated),-55,3
BE:50:ED:0A:F5:63,NA,(not associated),-55,3
BE:58:AB:A2:3A:CB,NA,(not associated),-57,3
BE:59:AC:1D:A5:7C,NA,(not associated),-53,3
BE:67:21:D9:B9:85,NA,(not associated),-55,3
BE:69:94:F0:23:87,NA,(not associated),-61,3
BE:6E:C8:E0:37:10,NA,(not associated),-57,3
BE:AA:3C:40:21:E8,NA,00:25:00:FF:94:73,-70,3
BE:CE:53:38:F6:3B,NA,(not associated),-55,3
BE:D5:E2:62:6C:7B,NA,(not associated),-63,3
BE:DD:D1:AF:E8:E6,NA,(not associated),-61,3
BE:DE:9F:F2:B8:19,NA,(not associated),-55,3
BE:EE:C8:A0:61:22,NA,(not associated),-59,3
BE:EF:F2:F5:0A:A4,NA,(not associated),-63,3
BE:F0:C1:F0:51:C1,NA,(not associated),-59,3
BE:F0:F1:77:54:CD,NA,(not associated),-51,3
BE:F1:15:F5:68:02,NA,(not associated),-69,3
BE:FE:1D:1E:97:E9,NA,(not associated),-59,3
C2:10:4E:3A:BF:7E,NA,(not associated),-51,3
C2:12:75:CB:36:67,NA,(not associated),-63,3
C2:31:6C:47:DA:2A,NA,(not associated),-53,3
C2:3D:28:3A:2C:45,NA,(not associated),-53,3
C2:41:C1:68:E0:C8,NA,(not associated),-39,3
C2:52:01:5D:BC:4A,NA,(not associated),-51,3
C2:66:27:90:95:D8,NA,(not associated),-53,3
C2:66:2F:64:3C:E0,NA,(not associated),-55,3
C2:70:23:C1:93:09,NA,(not associated),-51,3
C2:8C:A8:B2:F7:4F,NA,(not associated),-67,3
C2:A4:BB:E5:33:28,NA,(not associated),-63,3
C2:A7:D8:51:F5:5B,NA,(not associated),-53,3
C2:D9:B9:36:47:FB,NA,(not associated),-57,3
C2:DA:6D:FC:61:CB,NA,(not associated),-51,3
C2:F6:FE:4A:8C:D7,NA,(not associated),-55,3
C6:0E:AB:E7:FA:1B,NA,(not associated),-61,3
C6:73:8F:7C:F7:05,NA,(not associated),-55,3
C6:84:60:63:A6:74,NA,(not associated),-59,3
C6:93:79:8A:F2:C4,NA,(not associated),-57,3
C6:CE:23:3A:21:F7,NA,(not associated),-59,3
C6:D6:FA:73:A7:FA,NA,(not associated),-57,3
C6:D9:DD:7D:A8:60,NA,(not associated),-55,3
C6:DD:5D:B5:EC:3B,NA,(not associated),-61,3
C6:DE:99:F3:88:DD,NA,(not associated),-51,3
C6:EF:3B:40:12:0C,NA,(not associated),-55,3
C6:FE:C4:2E:1E:EA,NA,(not associated),-51,3
CA:24:48:E6:68:D5,NA,(not associated),-53,3
CA:31:9A:39:59:BA,NA,(not associated),-63,3
CA:4C:8D:98:63:4B,NA,(not associated),-78,3
CA:62:30:F2:CC:C4,NA,(not associated),-53,3
CA:63:FF:A0:BF:E1,NA,(not associated),-57,3
CA:66:50:24:34:A3,NA,(not associated),-67,3
CA:A0:8A:C0:1C:1A,NA,(not associated),-63,3
CA:A7:21:3A:DF:50,NA,(not associated),-59,3
CA:A9:6F:57:E4:3D,NA,(not associated),-61,3
CA:BE:59:5C:28:3A,NA,(not associated),-61,3
CA:D0:7D:ED:DF:F0,NA,(not associated),-65,3
CA:F7:F5:06:A8:2D,NA,(not associated),-65,3
CE:04:C8:3E:74:7C,NA,(not associated),-53,3
CE:3A:A8:55:0D:C2,NA,(not associated),-55,3
CE:54:97:9A:E9:3F,NA,(not associated),-84,3
CE:56:E7:B5:76:D9,NA,(not associated),-55,3
CE:7B:D3:75:BB:51,NA,(not associated),-55,3
CE:8D:7F:04:93:60,NA,(not associated),-49,3
CE:98:4B:06:B5:F1,NA,(not associated),-41,3
CE:9A:4D:0F:B5:DA,NA,(not associated),-61,3
CE:AE:B9:D6:B7:1E,NA,(not associated),-59,3
CE:BE:FF:A0:FD:56,NA,(not associated),-57,3
CE:CD:D5:06:F1:33,NA,(not associated),-53,3
CE:E7:B0:5E:55:15,NA,(not associated),-49,3
CE:EB:FF:D9:E3:43,NA,(not associated),-59,3
CE:EC:43:80:06:7D,NA,(not associated),-61,3
CE:FD:ED:B0:83:0E,NA,(not associated),-57,3
D2:7D:CB:5A:A8:D9,NA,(not associated),-49,3
D2:AB:2D:2F:E5:B0,NA,(not associated),-67,3
D2:C2:BC:80:D4:7C,NA,(not associated),-41,3
D2:C8:2D:BE:E0:62,NA,(not associated),-61,3
D2:E2:6E:F3:08:FC,NA,(not associated),-55,3
D6:0C:DE:9A:79:09,NA,(not associated),-65,3
D6:1D:60:05:66:E5,NA,(not associated),-55,3
D6:5B:BD:ED:E5:AB,NA,(not associated),-61,3
D6:69:EA:29:82:78,NA,(not associated),-47,3
D6:72:21:EE:20:EF,NA,(not associated),-61,3
D6:9B:F2:31:00:61,NA,(not associated),-61,3
D6:D2:C5:B4:A4:E1,NA,(not associated),-49,3
D6:D4:09:11:09:07,NA,(not associated),-49,3
D6:DD:3B:C8:18:9A,NA,00:25:00:FF:94:73,-71,3
DA:02:03:5D:4B:44,NA,(not associated),-61,3
DA:14:EE:0F:1F:14,NA,(not associated),-49,3
DA:2D:FE:8E:E0:ED,NA,(not associated),-63,3
DA:5E:82:13:94:AD,NA,(not associated),-53,3
DA:64:9A:65:4C:14,NA,(not associated),-63,3
DA:74:3F:59:AB:94,NA,(not associated),-69,3
DA:8C:EA:FD:DF:8C,NA,(not associated),-37,3
DA:A0:2F:22:FD:EB,NA,(not associated),-67,3
DA:A1:19:18:3F:E7,NA,(not associated),-65,3
DA:A1:19:75:84:01,NA,(not associated),-61,3
DA:B3:20:2B:75:3F,NA,(not associated),-65,3
DA:BC:C2:9C:DE:EA,NA,(not associated),-53,3
DA:D0:DD:5A:64:15,NA,(not associated),-61,3
DE:00:27:85:5D:9B,NA,(not associated),-51,3
DE:0F:F1:0D:76:B7,NA,(not associated),-55,3
DE:11:3C:D0:3C:4C,NA,(not associated),-55,3
DE:11:B0:3B:84:17,NA,(not associated),-55,3
DE:13:6E:96:75:F8,NA,(not associated),-47,3
DE:1C:0F:2F:2A:94,NA,(not associated),-51,3
DE:28:04:E5:14:39,NA,(not associated),-63,3
DE:A5:ED:92:CA:E6,NA,(not associated),-59,3
DE:A9:24:63:89:DE,NA,(not associated),-41,3
DE:DF:38:88:E9:F9,NA,00:25:00:FF:94:73,-68,3
DE:EC:6E:B8:C2:2F,NA,(not associated),-53,3
E2:11:37:19:E3:B4,NA,(not associated),-76,3
E2:2B:1D:86:24:93,NA,(not associated),-69,3
E2:63:F0:BA:B9:9F,NA,(not associated),-49,3
E2:B3:77:D7:1A:9A,NA,(not associated),-63,3
E2:C0:54:3C:52:7B,NA,(not associated),-51,3
E2:CC:F8:52:60:60,NA,(not associated),-67,3
E2:D0:4F:FA:80:4C,NA,(not associated),-65,3
E2:DE:42:BD:D3:F9,NA,(not associated),-61,3
E4:0E:EE:E6:67:D1,"HUAWEI TECHNOLOGIES CO.,LTD",E8:28:C1:DD:04:50,-1,3
E6:18:DD:31:41:41,NA,(not associated),-59,3
E6:2A:65:84:F8:06,NA,(not associated),-53,3
E6:2B:CF:16:EE:B6,NA,(not associated),-65,3
E6:2D:EB:78:3C:89,NA,(not associated),-61,3
E6:3D:1C:09:A5:CA,NA,(not associated),-49,3
E6:4D:9F:48:72:9C,NA,(not associated),-63,3
E6:6C:0C:3D:01:C4,NA,(not associated),-65,3
E6:79:28:5A:78:B1,NA,(not associated),-53,3
E6:7B:D8:76:A2:09,NA,(not associated),-51,3
E6:90:7F:5F:45:4B,NA,(not associated),-61,3
E6:96:5B:29:C9:72,NA,(not associated),-63,3
E6:AD:4E:16:67:A0,NA,(not associated),-61,3
E6:AF:1E:F2:AD:36,NA,(not associated),-71,3
E6:D0:82:48:CF:CB,NA,(not associated),-61,3
E6:DB:A6:46:D2:52,NA,(not associated),-63,3
E6:F7:FF:03:00:BA,NA,(not associated),-53,3
E8:88:43:C8:37:EC,Xiaomi Communications Co Ltd,(not associated),-67,3
EA:06:46:58:3D:95,NA,(not associated),-59,3
EA:10:2E:D4:24:8C,NA,(not associated),-59,3
EA:18:8D:16:87:43,NA,(not associated),-57,3
EA:3E:11:BB:CF:2A,NA,(not associated),-59,3
EA:48:B6:44:64:B6,NA,(not associated),-49,3
EA:4A:77:19:E9:E0,NA,(not associated),-51,3
EA:5B:06:69:DC:A2,NA,(not associated),-59,3
EA:66:BB:AA:6F:0D,NA,(not associated),-51,3
EA:6B:7B:81:11:D9,NA,(not associated),-55,3
EA:6E:16:FE:D7:35,NA,(not associated),-71,3
EA:7F:2F:96:2E:6E,NA,(not associated),-55,3
EA:9D:8C:A0:6D:23,NA,(not associated),-57,3
EA:C6:08:78:1E:DD,NA,(not associated),-57,3
EA:E0:C7:90:26:40,NA,(not associated),-39,3
EA:E7:49:4C:10:1D,NA,(not associated),-61,3
EC:2E:98:51:03:9B,AzureWave Technology Inc.,(not associated),-73,3
EE:05:FB:3A:7E:C3,NA,(not associated),-59,3
EE:1C:51:FA:CB:78,NA,(not associated),-53,3
EE:1C:EB:21:DF:B8,NA,(not associated),-39,3
EE:22:F8:AA:2C:0C,NA,(not associated),-61,3
EE:28:4E:84:FB:08,NA,(not associated),-65,3
EE:52:F2:3F:09:EA,NA,(not associated),-53,3
EE:53:E0:9B:9D:17,NA,(not associated),-69,3
EE:54:30:97:C3:EB,NA,(not associated),-69,3
EE:5F:A4:C7:9F:BB,NA,(not associated),-51,3
EE:85:38:39:F0:5C,NA,(not associated),-59,3
EE:A4:F8:6E:F6:CB,NA,(not associated),-57,3
EE:A6:E0:CC:6A:57,NA,(not associated),-55,3
EE:C8:C8:B4:FB:BB,NA,(not associated),-63,3
EE:CD:04:DB:17:88,NA,(not associated),-61,3
EE:CE:07:EC:CE:14,NA,(not associated),-49,3
EE:FF:5F:ED:0B:B3,NA,(not associated),-59,3
F2:17:BA:8B:D6:B3,NA,(not associated),-55,3
F2:47:4D:FF:2F:6C,NA,(not associated),-65,3
F2:66:1E:45:F6:2D,NA,(not associated),-57,3
F2:69:00:66:B8:AA,NA,(not associated),-63,3
F2:6F:A5:F3:37:35,NA,(not associated),-51,3
F2:AD:C7:A9:AE:F0,NA,(not associated),-61,3
F2:BC:FA:AE:BF:0E,NA,(not associated),-55,3
F4:02:28:FD:36:F9,SAMSUNG ELECTRO-MECHANICS(THAILAND),E8:28:C1:DC:C6:B2,-69,3
F6:34:FA:F5:15:4E,NA,(not associated),-57,3
F6:44:61:DF:94:9D,NA,(not associated),-59,3
F6:50:82:DD:67:D5,NA,(not associated),-59,3
F6:62:9C:C6:0B:D4,NA,(not associated),-53,3
F6:69:B5:38:1C:CA,NA,(not associated),-35,3
F6:7D:BA:A8:57:87,NA,(not associated),-49,3
F6:7F:0B:12:EE:83,NA,(not associated),-63,3
F6:8F:85:83:31:0B,NA,(not associated),-59,3
F6:9F:1C:D0:2E:0B,NA,(not associated),-47,3
F6:E4:D5:A2:55:F3,NA,(not associated),-65,3
FA:21:D6:40:4E:7A,NA,(not associated),-57,3
FA:29:34:E3:38:1A,NA,(not associated),-55,3
FA:2C:E9:11:FB:B3,NA,(not associated),-53,3
FA:43:BC:DD:D4:B2,NA,(not associated),-57,3
FA:45:B9:05:08:5F,NA,(not associated),-47,3
FA:4D:65:AC:B2:33,NA,(not associated),-59,3
FA:54:60:5F:6A:8E,NA,(not associated),-57,3
FA:5B:79:66:AF:F2,NA,(not associated),-61,3
FA:6B:35:B6:1C:7E,NA,(not associated),-59,3
FA:8A:72:BC:9A:E8,NA,(not associated),-53,3
FA:A1:72:30:1C:AB,NA,(not associated),-45,3
FA:AC:72:14:54:FB,NA,(not associated),-57,3
FA:C4:45:C2:F5:E3,NA,(not associated),-53,3
FA:D4:4E:83:A9:26,NA,(not associated),-63,3
FA:D5:FD:55:70:9D,NA,(not associated),-53,3
FA:E1:B1:E0:94:BF,NA,(not associated),-67,3
FA:E3:0D:A8:6D:86,NA,(not associated),-57,3
FE:11:3B:DA:1F:19,NA,(not associated),-57,3
FE:1D:86:F9:D0:6B,NA,(not associated),-65,3
FE:3B:AD:1C:65:E7,NA,(not associated),-63,3
FE:40:A9:81:9A:15,NA,(not associated),-63,3
FE:41:FA:5E:EC:D8,NA,(not associated),-61,3
FE:41:FA:6C:EF:FA,NA,(not associated),-59,3
FE:55:A5:51:A5:89,NA,(not associated),-55,3
FE:96:48:EA:ED:77,NA,(not associated),-55,3
FE:B7:C9:48:B3:87,NA,(not associated),-49,3
FE:BE:50:8A:D9:09,NA,(not associated),-63,3
FE:D2:74:DC:1B:90,NA,(not associated),-55,3
FE:D4:02:EC:90:D7,NA,(not associated),-67,3
FE:E2:04:93:6C:F2,NA,(not associated),-47,3
FE:ED:FF:84:E0:35,NA,(not associated),-61,3
FE:EE:B5:A0:9C:E3,NA,(not associated),-65,3
FE:F0:F6:1E:AD:53,NA,(not associated),-51,3
02:06:99:D5:ED:B5,NA,(not associated),-43,2
02:06:FF:88:06:B8,NA,(not associated),-59,2
02:0E:97:52:F3:C4,NA,(not associated),-49,2
02:0F:DE:49:09:9D,NA,(not associated),-55,2
02:12:A2:79:3E:EE,NA,(not associated),-61,2
02:13:D5:F9:7C:9E,NA,(not associated),-69,2
02:14:0E:BD:EF:83,NA,(not associated),-39,2
02:1C:0E:E3:6C:42,NA,(not associated),-49,2
02:1E:1C:55:E1:E4,NA,(not associated),-49,2
02:20:41:D8:A4:A3,NA,(not associated),-43,2
02:26:29:09:0A:31,NA,(not associated),-61,2
02:35:6A:C2:72:7F,NA,(not associated),-53,2
02:35:E9:C2:44:5F,NA,(not associated),-88,2
02:3A:47:9D:1A:09,NA,(not associated),-57,2
02:3A:E4:4B:11:87,NA,(not associated),-39,2
02:3C:5A:4E:60:7D,NA,(not associated),-61,2
02:3D:40:00:4E:CC,NA,(not associated),-65,2
02:3E:4C:17:DA:3C,NA,(not associated),-43,2
02:49:68:41:C5:52,NA,(not associated),-59,2
02:53:C9:40:9E:D4,NA,(not associated),-55,2
02:54:C7:3B:CE:64,NA,(not associated),-53,2
02:55:5D:56:AA:E5,NA,(not associated),-57,2
02:5F:41:99:83:41,NA,(not associated),-51,2
02:67:48:66:48:73,NA,(not associated),-39,2
02:67:B3:4B:0B:E6,NA,(not associated),-55,2
02:67:B7:F7:5C:C8,NA,(not associated),-59,2
02:79:A2:8D:78:0B,NA,(not associated),-53,2
02:81:04:83:36:8C,NA,(not associated),-57,2
02:82:AD:5D:A5:DD,NA,(not associated),-61,2
02:87:57:FA:F4:FF,NA,(not associated),-53,2
02:87:7D:99:19:99,NA,(not associated),-65,2
02:89:77:74:E4:0E,NA,(not associated),-39,2
02:90:6D:9F:3E:C0,NA,(not associated),-53,2
02:96:CF:55:99:A1,NA,(not associated),-57,2
02:98:0F:44:C6:DD,NA,(not associated),-33,2
02:9F:5B:BA:76:DB,NA,(not associated),-59,2
02:A0:63:57:A8:C4,NA,(not associated),-64,2
02:A1:8F:6C:D5:83,NA,(not associated),-55,2
02:A6:CA:67:3A:64,NA,(not associated),-45,2
02:A8:31:A0:0A:F6,NA,(not associated),-63,2
02:AA:2D:2B:01:B9,NA,(not associated),-53,2
02:AB:99:D4:39:9F,NA,(not associated),-55,2
02:B3:9C:C0:81:9A,NA,(not associated),-63,2
02:BC:2E:34:F4:F8,NA,(not associated),-41,2
02:C9:D8:50:8C:F6,NA,(not associated),-51,2
02:CE:A4:8B:11:9D,NA,(not associated),-41,2
02:D3:14:2E:E1:51,NA,(not associated),-61,2
02:D5:91:05:E3:1C,NA,(not associated),-61,2
02:D7:EC:A6:AF:10,NA,(not associated),-49,2
02:E1:C7:3F:A2:3F,NA,(not associated),-43,2
02:F2:1D:98:63:B5,NA,(not associated),-59,2
02:F7:11:1F:76:6D,NA,(not associated),-61,2
02:F7:C1:FC:DB:A9,NA,(not associated),-47,2
02:FF:1B:DE:9E:D8,NA,(not associated),-49,2
04:BA:8D:AB:72:D7,"Samsung Electronics Co.,Ltd",(not associated),-67,2
06:04:93:C9:87:20,NA,(not associated),-45,2
06:13:2C:20:CA:60,NA,(not associated),-55,2
06:19:2E:14:F5:D5,NA,(not associated),-67,2
06:1F:49:72:92:AD,NA,(not associated),-53,2
06:24:79:23:20:B4,NA,(not associated),-61,2
06:26:6E:14:49:62,NA,(not associated),-57,2
06:2C:35:91:BE:32,NA,(not associated),-45,2
06:33:65:7E:FF:AB,NA,(not associated),-61,2
06:43:96:78:FA:59,NA,(not associated),-67,2
06:45:3F:56:80:14,NA,(not associated),-69,2
06:53:72:28:B3:EE,NA,(not associated),-41,2
06:55:24:8D:A3:29,NA,(not associated),-59,2
06:5B:B1:FD:8A:D8,NA,(not associated),-51,2
06:69:44:7A:40:26,NA,(not associated),-79,2
06:74:7D:FA:0F:A6,NA,(not associated),-45,2
06:74:D1:5D:47:7C,NA,(not associated),-67,2
06:76:8D:96:03:E7,NA,(not associated),-49,2
06:78:43:69:39:71,NA,(not associated),-51,2
06:A2:BF:BD:02:CB,NA,(not associated),-49,2
06:A4:C2:B7:E5:88,NA,(not associated),-69,2
06:AB:20:6E:02:C1,NA,(not associated),-37,2
06:CA:49:92:9A:D9,NA,(not associated),-53,2
06:D8:BA:2C:36:AC,NA,(not associated),-57,2
06:DB:6C:37:65:D3,NA,(not associated),-41,2
06:DD:30:3D:B2:33,NA,(not associated),-33,2
06:DE:71:4E:C1:1F,NA,(not associated),-57,2
06:E0:9F:00:E3:1A,NA,(not associated),-37,2
06:F3:56:AA:07:00,NA,(not associated),-49,2
06:F9:1D:9D:E5:5B,NA,(not associated),-53,2
06:F9:AB:A8:C2:21,NA,(not associated),-69,2
0A:07:E8:56:02:36,NA,(not associated),-43,2
0A:15:4B:EA:00:AC,NA,(not associated),-59,2
0A:19:54:2D:BE:E2,NA,(not associated),-61,2
0A:1F:F3:09:4B:6A,NA,(not associated),-73,2
0A:20:6F:CD:82:03,NA,(not associated),-59,2
0A:23:3B:C5:AC:34,NA,(not associated),-65,2
0A:24:E6:ED:73:FE,NA,(not associated),-43,2
0A:29:68:23:C8:52,NA,(not associated),-65,2
0A:33:D4:AC:71:7D,NA,(not associated),-55,2
0A:36:2E:A6:89:74,NA,(not associated),-67,2
0A:3B:54:B4:EF:1F,NA,(not associated),-87,2
0A:3E:6D:90:32:BD,NA,(not associated),-57,2
0A:40:A7:8C:E2:03,NA,(not associated),-80,2
0A:46:04:F9:65:5F,NA,(not associated),-69,2
0A:4B:17:F4:73:4A,NA,(not associated),-39,2
0A:4E:64:14:C7:82,NA,(not associated),-67,2
0A:57:B7:5F:4E:97,NA,(not associated),-61,2
0A:5D:B9:8A:EC:C2,NA,(not associated),-67,2
0A:64:9D:5E:98:36,NA,(not associated),-49,2
0A:65:06:1B:DD:80,NA,(not associated),-51,2
0A:6B:A9:5E:34:47,NA,(not associated),-57,2
0A:7D:31:ED:65:DC,NA,(not associated),-41,2
0A:80:30:36:71:EE,NA,(not associated),-61,2
0A:81:9C:7B:B9:68,NA,(not associated),-61,2
0A:87:A8:59:75:AE,NA,(not associated),-53,2
0A:90:CC:11:8F:D2,NA,(not associated),-61,2
0A:91:49:C0:B3:8D,NA,(not associated),-59,2
0A:9D:53:2B:DC:E4,NA,(not associated),-51,2
0A:A1:66:C0:86:B9,NA,(not associated),-65,2
0A:AA:A7:D4:04:87,NA,(not associated),-39,2
0A:AB:DE:9B:05:0B,NA,(not associated),-61,2
0A:B0:1A:3B:B8:2A,NA,(not associated),-55,2
0A:DA:42:C7:3E:8F,NA,(not associated),-39,2
0A:DA:8C:6C:80:E7,NA,(not associated),-51,2
0A:E2:47:10:90:B8,NA,(not associated),-49,2
0A:E9:00:BE:E0:91,NA,(not associated),-69,2
0A:F4:5B:6D:AD:5F,NA,(not associated),-59,2
0A:F7:B8:7D:48:11,NA,(not associated),-59,2
0A:F9:36:D1:0B:20,NA,(not associated),-63,2
0A:FC:A6:65:A9:B5,NA,(not associated),-55,2
0E:0B:DC:32:E2:10,NA,(not associated),-55,2
0E:11:57:6B:0F:E3,NA,(not associated),-55,2
0E:16:C0:36:14:10,NA,(not associated),-55,2
0E:1F:66:A8:EE:9E,NA,(not associated),-63,2
0E:1F:B0:6B:22:A6,NA,(not associated),-37,2
0E:26:C7:27:C7:EA,NA,(not associated),-47,2
0E:28:62:5C:22:4D,NA,(not associated),-67,2
0E:2A:13:A9:AC:8D,NA,(not associated),-55,2
0E:2A:2E:E4:5D:B2,NA,(not associated),-57,2
0E:3A:4E:EB:0A:6A,NA,(not associated),-59,2
0E:3A:A1:D7:FF:BA,NA,(not associated),-51,2
0E:3C:17:FE:5B:55,NA,(not associated),-63,2
0E:3C:75:E3:82:CD,NA,(not associated),-67,2
0E:42:91:D1:1F:C5,NA,(not associated),-55,2
0E:4A:75:9C:27:1B,NA,(not associated),-55,2
0E:4C:72:D5:C1:55,NA,(not associated),-61,2
0E:68:8A:50:9B:A4,NA,(not associated),-49,2
0E:74:0A:BA:E5:EC,NA,(not associated),-63,2
0E:7C:61:F7:1E:95,NA,(not associated),-39,2
0E:80:3F:E4:01:DA,NA,(not associated),-49,2
0E:84:54:DF:87:0C,NA,(not associated),-53,2
0E:88:79:1F:4F:63,NA,(not associated),-59,2
0E:89:E7:86:86:88,NA,(not associated),-53,2
0E:8D:6F:39:EC:54,NA,(not associated),-57,2
0E:91:05:9F:5F:34,NA,(not associated),-51,2
0E:93:47:F3:B1:17,NA,(not associated),-57,2
0E:9A:5B:D3:53:19,NA,(not associated),-65,2
0E:9B:4C:5F:9A:DC,NA,(not associated),-45,2
0E:9E:84:8A:DF:FA,NA,(not associated),-45,2
0E:9F:76:BA:4E:00,NA,(not associated),-79,2
0E:9F:D4:A7:E5:B2,NA,(not associated),-45,2
0E:AC:30:DF:A3:98,NA,(not associated),-53,2
0E:B0:55:F0:40:DE,NA,(not associated),-65,2
0E:B0:68:1B:3A:0F,NA,(not associated),-55,2
0E:B7:70:E6:B4:D2,NA,(not associated),-59,2
0E:BA:EC:53:44:E4,NA,(not associated),-53,2
0E:BD:B5:6F:75:41,NA,(not associated),-53,2
0E:C0:1D:86:AE:1F,NA,(not associated),-69,2
0E:C2:D5:87:C3:F9,NA,(not associated),-53,2
0E:CD:A1:9A:72:24,NA,(not associated),-75,2
0E:D1:13:E5:8C:4E,NA,(not associated),-53,2
0E:D4:D3:89:6C:99,NA,(not associated),-57,2
0E:D8:2F:E4:91:84,NA,(not associated),-63,2
0E:D8:C9:AC:99:9A,NA,(not associated),-57,2
0E:D9:D1:03:89:0D,NA,(not associated),-61,2
0E:DA:6B:39:07:5D,NA,(not associated),-63,2
0E:DC:64:DD:A0:13,NA,(not associated),-61,2
0E:E5:49:8B:30:DD,NA,(not associated),-39,2
0E:EA:03:A7:26:68,NA,(not associated),-43,2
0E:EF:92:11:14:1D,NA,(not associated),-55,2
0E:EF:92:28:27:E8,NA,(not associated),-49,2
0E:EF:92:2D:D4:25,NA,(not associated),-69,2
0E:EF:92:31:31:2F,NA,(not associated),-47,2
0E:EF:92:81:C0:C7,NA,(not associated),-45,2
0E:EF:92:8B:9B:E0,NA,(not associated),-47,2
0E:EF:92:C9:8E:77,NA,(not associated),-47,2
0E:EF:92:F6:AE:9B,NA,(not associated),-41,2
10:51:07:FF:1E:69,Intel Corporate,(not associated),-84,2
10:51:07:FF:29:D6,Intel Corporate,(not associated),-71,2
12:05:61:74:B0:37,NA,(not associated),-65,2
12:15:41:C8:1C:8C,NA,(not associated),-39,2
12:1D:08:A1:F0:98,NA,(not associated),-41,2
12:28:15:28:FA:81,NA,(not associated),-63,2
12:2F:00:CB:08:68,NA,(not associated),-65,2
12:32:59:E1:83:7E,NA,(not associated),-55,2
12:37:DB:99:A9:B3,NA,(not associated),-47,2
12:48:37:DF:E4:EA,NA,(not associated),-43,2
12:49:3D:49:04:B0,NA,(not associated),-41,2
12:50:8C:76:EC:DA,NA,(not associated),-39,2
12:51:BE:9F:CC:48,NA,(not associated),-55,2
12:53:23:F8:D4:4D,NA,(not associated),-55,2
12:59:A6:97:1D:9C,NA,(not associated),-61,2
12:63:F9:A7:1F:15,NA,(not associated),-55,2
12:6B:E7:CB:08:8E,NA,(not associated),-53,2
12:7B:C5:80:91:C8,NA,(not associated),-61,2
12:7D:25:E5:86:B1,NA,(not associated),-55,2
12:81:09:9E:EF:D4,NA,(not associated),-57,2
12:89:43:B2:5C:A4,NA,(not associated),-29,2
12:A6:46:79:9E:83,NA,(not associated),-33,2
12:A8:AE:56:0E:12,NA,(not associated),-55,2
12:AC:AD:6D:00:C6,NA,(not associated),-59,2
12:AD:10:08:B0:FE,NA,(not associated),-55,2
12:B3:CA:69:20:75,NA,(not associated),-51,2
12:BB:F3:92:4F:93,NA,(not associated),-73,2
12:BC:9F:77:DE:84,NA,(not associated),-45,2
12:BE:B5:40:08:DB,NA,(not associated),-65,2
12:C1:04:99:1C:5D,NA,(not associated),-59,2
12:CF:B4:5A:6D:C0,NA,(not associated),-41,2
12:D1:5D:49:46:16,NA,(not associated),-53,2
12:DD:C0:2E:0D:EB,NA,(not associated),-63,2
12:EC:FA:08:32:DD,NA,(not associated),-55,2
12:F4:62:64:57:41,NA,(not associated),-47,2
12:F5:8E:42:CF:70,NA,A2:64:E8:97:58:EE,-1,2
12:F8:88:59:92:BB,NA,(not associated),-63,2
12:FF:19:EA:2B:BF,NA,(not associated),-53,2
16:04:5B:73:7F:1B,NA,(not associated),-45,2
16:08:75:80:5F:A8,NA,(not associated),-55,2
16:09:3C:D2:2A:67,NA,(not associated),-59,2
16:0A:59:77:3A:9D,NA,(not associated),-65,2
16:11:93:FB:D4:A4,NA,(not associated),-49,2
16:13:1C:D6:60:FB,NA,(not associated),-47,2
16:17:9A:0C:2F:02,NA,(not associated),-57,2
16:25:8B:AC:33:9F,NA,(not associated),-35,2
16:2D:4D:10:FD:87,NA,(not associated),-61,2
16:30:A9:37:7A:1C,NA,(not associated),-55,2
16:30:F6:4B:5E:D5,NA,(not associated),-53,2
16:43:56:66:88:64,NA,(not associated),-35,2
16:45:EB:9F:43:68,NA,(not associated),-61,2
16:4F:3C:55:A4:2C,NA,(not associated),-39,2
16:53:FC:46:C5:5F,NA,(not associated),-57,2
16:55:58:98:1B:76,NA,(not associated),-33,2
16:5B:84:11:4E:18,NA,(not associated),-67,2
16:5E:E7:42:AE:A4,NA,(not associated),-81,2
16:61:7F:9D:77:CC,NA,(not associated),-51,2
16:66:03:92:1E:39,NA,(not associated),-65,2
16:66:5F:17:A6:5A,NA,(not associated),-61,2
16:66:A3:0E:95:72,NA,(not associated),-63,2
16:68:8D:DC:DB:85,NA,(not associated),-41,2
16:6C:3C:39:68:54,NA,(not associated),-55,2
16:6C:BF:FC:E7:EF,NA,(not associated),-57,2
16:70:9B:D0:C1:EA,NA,(not associated),-69,2
16:71:29:18:3C:AB,NA,(not associated),-47,2
16:78:72:29:5D:25,NA,(not associated),-51,2
16:86:BC:B3:01:97,NA,(not associated),-67,2
16:90:84:63:30:91,NA,(not associated),-47,2
16:9C:DB:02:24:3B,NA,(not associated),-57,2
16:A1:CD:9E:6E:86,NA,(not associated),-33,2
16:A2:B5:52:30:B2,NA,(not associated),-49,2
16:A4:6E:6F:6E:25,NA,(not associated),-59,2
16:A4:A4:5B:5B:4A,NA,(not associated),-51,2
16:A4:AC:2B:90:BA,NA,(not associated),-59,2
16:A9:E9:39:21:C0,NA,(not associated),-78,2
16:AB:22:D4:FA:B1,NA,(not associated),-67,2
16:B5:01:AC:4C:E0,NA,(not associated),-41,2
16:B7:62:9D:56:A0,NA,(not associated),-61,2
16:B9:BF:9A:98:C6,NA,(not associated),-45,2
16:BA:EB:18:BD:48,NA,(not associated),-41,2
16:BC:7E:2D:77:A4,NA,(not associated),-53,2
16:C2:1F:91:89:37,NA,(not associated),-47,2
16:C5:6B:FE:30:75,NA,(not associated),-49,2
16:C8:1C:AE:4A:37,NA,(not associated),-43,2
16:CC:E7:1E:D1:29,NA,(not associated),-57,2
16:CD:ED:C0:98:C6,NA,(not associated),-67,2
16:CE:79:F1:E0:71,NA,(not associated),-55,2
16:CF:7F:31:00:76,NA,(not associated),-59,2
16:D4:63:CA:B6:2B,NA,(not associated),-67,2
16:D6:3C:E6:F8:D3,NA,(not associated),-45,2
16:D6:9F:96:2E:B3,NA,(not associated),-65,2
16:DB:2D:B1:F5:8B,NA,(not associated),-59,2
16:DC:27:E4:F3:CB,NA,(not associated),-53,2
16:DD:44:38:0E:D3,NA,(not associated),-61,2
16:DD:80:EC:82:B8,NA,(not associated),-51,2
16:E5:77:D4:94:2C,NA,(not associated),-63,2
16:E8:96:7F:22:16,NA,(not associated),-55,2
16:EB:B8:43:F4:D4,NA,(not associated),-67,2
16:F2:C4:0A:03:CD,NA,(not associated),-49,2
16:F6:37:E5:96:F2,NA,(not associated),-53,2
1A:13:AA:CD:91:B1,NA,(not associated),-35,2
1A:1B:82:51:E3:7D,NA,(not associated),-45,2
1A:1D:54:88:FE:D4,NA,(not associated),-49,2
1A:1F:53:A2:D2:22,NA,(not associated),-59,2
1A:2B:F3:2B:02:89,NA,(not associated),-61,2
1A:2C:1F:7E:A5:0C,NA,(not associated),-55,2
1A:2D:17:F2:CA:F0,NA,(not associated),-35,2
1A:2D:6E:BC:9F:9D,NA,(not associated),-55,2
1A:34:8C:1E:30:E1,NA,(not associated),-63,2
1A:38:3D:A0:44:A0,NA,(not associated),-51,2
1A:43:E3:3F:5E:1C,NA,(not associated),-39,2
1A:49:01:BE:5E:66,NA,(not associated),-59,2
1A:4A:11:83:92:68,NA,(not associated),-53,2
1A:50:E5:2C:D6:70,NA,(not associated),-55,2
1A:55:42:F2:A8:54,NA,(not associated),-67,2
1A:56:62:48:73:9A,NA,(not associated),-69,2
1A:5A:77:E5:81:F0,NA,(not associated),-63,2
1A:5E:88:6C:7D:74,NA,(not associated),-85,2
1A:5F:B1:5A:22:3D,NA,(not associated),-47,2
1A:6E:AA:41:A1:CB,NA,(not associated),-65,2
1A:80:4B:2F:FB:EA,NA,(not associated),-59,2
1A:81:55:FE:24:FE,NA,(not associated),-45,2
1A:89:29:C8:5D:88,NA,(not associated),-43,2
1A:8C:B9:42:B1:93,NA,(not associated),-41,2
1A:9A:B2:C7:A7:76,NA,(not associated),-49,2
1A:9D:F3:2E:1F:CD,NA,(not associated),-53,2
1A:A7:71:32:D6:C3,NA,(not associated),-57,2
1A:A7:C5:19:EF:97,NA,(not associated),-51,2
1A:A9:38:C3:6B:8D,NA,(not associated),-39,2
1A:BA:D5:F1:6B:5A,NA,(not associated),-57,2
1A:CB:8B:29:6E:C8,NA,(not associated),-55,2
1A:CF:16:6E:35:EB,NA,(not associated),-67,2
1A:D4:59:7B:72:FC,NA,(not associated),-39,2
1A:D4:CB:6A:AB:E6,NA,(not associated),-65,2
1A:DC:07:41:8A:79,NA,(not associated),-57,2
1A:E6:78:0B:D0:BD,NA,(not associated),-73,2
1A:ED:94:CD:80:16,NA,(not associated),-59,2
1E:09:BC:1A:B2:3D,NA,(not associated),-33,2
1E:12:BD:AC:AD:7D,NA,(not associated),-37,2
1E:16:E1:54:F4:EE,NA,(not associated),-37,2
1E:18:19:DD:22:A1,NA,(not associated),-61,2
1E:1C:70:1B:9A:4F,NA,(not associated),-65,2
1E:2F:A5:A7:1D:35,NA,(not associated),-49,2
1E:32:93:C0:90:5C,NA,(not associated),-45,2
1E:34:FC:4A:F0:11,NA,(not associated),-55,2
1E:37:D6:73:35:05,NA,(not associated),-57,2
1E:41:EF:91:58:9E,NA,(not associated),-59,2
1E:43:E6:EF:64:DB,NA,(not associated),-57,2
1E:59:B3:01:84:E0,NA,(not associated),-39,2
1E:64:EC:11:BB:D6,NA,(not associated),-65,2
1E:66:14:A2:72:61,NA,(not associated),-61,2
1E:75:B7:2B:A7:98,NA,(not associated),-49,2
1E:77:94:C7:44:16,NA,(not associated),-57,2
1E:7D:BF:5A:37:F8,NA,(not associated),-63,2
1E:99:5D:A3:41:C7,NA,(not associated),-53,2
1E:A1:43:F0:5A:88,NA,(not associated),-51,2
1E:A8:30:0F:F9:6B,NA,(not associated),-49,2
1E:A8:A8:88:8A:3B,NA,(not associated),-57,2
1E:BA:C7:EB:90:78,NA,(not associated),-47,2
1E:BC:EB:A2:1E:8B,NA,(not associated),-55,2
1E:C4:3D:75:77:EF,NA,(not associated),-53,2
1E:C7:25:4D:81:A0,NA,(not associated),-63,2
1E:D0:8D:CE:72:FF,NA,(not associated),-65,2
1E:D6:61:5D:71:FE,NA,(not associated),-39,2
1E:D6:85:58:CA:DC,NA,(not associated),-49,2
1E:D7:1C:C7:3C:D9,NA,(not associated),-47,2
1E:EB:C2:E3:80:24,NA,(not associated),-59,2
1E:F1:1F:65:BA:3C,NA,(not associated),-49,2
1E:F5:A6:03:89:6E,NA,(not associated),-41,2
1E:F6:FF:9A:7C:7F,NA,(not associated),-71,2
1E:FC:7D:35:46:9B,NA,(not associated),-45,2
22:00:2D:F0:2E:12,NA,(not associated),-55,2
22:06:24:06:A2:E0,NA,(not associated),-61,2
22:0E:64:EB:6F:EB,NA,(not associated),-51,2
22:13:51:72:E4:E8,NA,(not associated),-53,2
22:13:6C:7E:DF:1D,NA,(not associated),-63,2
22:27:76:3E:AC:80,NA,(not associated),-47,2
22:27:DF:34:01:25,NA,(not associated),-49,2
22:27:FF:C4:94:43,NA,(not associated),-35,2
22:2E:A4:8F:7E:5A,NA,(not associated),-49,2
22:34:90:D7:F9:F6,NA,(not associated),-43,2
22:37:01:CA:54:66,NA,(not associated),-49,2
22:3C:DD:45:AE:51,NA,(not associated),-43,2
22:3F:11:14:D5:53,NA,(not associated),-59,2
22:3F:3B:F5:52:2F,NA,(not associated),-47,2
22:40:54:12:5B:A0,NA,(not associated),-61,2
22:50:33:B2:D8:56,NA,(not associated),-65,2
22:50:B0:A6:B3:8D,NA,(not associated),-47,2
22:55:5C:8F:3F:E8,NA,(not associated),-65,2
22:58:F9:EB:95:DA,NA,(not associated),-67,2
22:61:78:BA:09:7F,NA,(not associated),-59,2
22:64:9A:16:7B:D6,NA,(not associated),-67,2
22:6C:BA:89:A5:1B,NA,(not associated),-45,2
22:6C:CB:66:C5:D6,NA,(not associated),-35,2
22:77:01:9B:D4:C2,NA,(not associated),-37,2
22:92:7E:57:88:5B,NA,(not associated),-55,2
22:9A:90:C4:2F:41,NA,(not associated),-37,2
22:9C:4B:0D:80:C1,NA,(not associated),-51,2
22:A2:2F:37:92:65,NA,(not associated),-67,2
22:A9:8B:1F:FD:A0,NA,(not associated),-35,2
22:AA:52:1F:46:6A,NA,(not associated),-53,2
22:BF:71:7B:3B:9F,NA,(not associated),-65,2
22:C2:6B:48:3C:C2,NA,(not associated),-41,2
22:C4:C5:8E:05:C0,NA,(not associated),-49,2
22:C5:1A:9A:E6:44,NA,(not associated),-65,2
22:C5:90:29:21:40,NA,(not associated),-59,2
22:CB:18:E6:E4:25,NA,(not associated),-53,2
22:D1:21:F8:73:75,NA,(not associated),-59,2
22:D5:17:30:1A:FA,NA,(not associated),-55,2
22:DB:70:53:B4:D6,NA,(not associated),-51,2
22:E4:E7:78:5E:BE,NA,(not associated),-61,2
22:E5:98:C9:1C:7C,NA,(not associated),-41,2
22:F7:5C:75:09:C7,NA,(not associated),-51,2
22:F8:EA:33:69:73,NA,(not associated),-55,2
26:03:94:9C:BC:B6,NA,(not associated),-51,2
26:04:C7:D8:F7:D1,NA,(not associated),-49,2
26:06:CD:AF:F5:FC,NA,(not associated),-47,2
26:0C:10:32:FF:A0,NA,(not associated),-65,2
26:0C:CE:F9:29:70,NA,(not associated),-65,2
26:13:41:2C:CC:CD,NA,(not associated),-43,2
26:1E:4C:A3:97:08,NA,(not associated),-51,2
26:20:74:7D:D1:E3,NA,(not associated),-51,2
26:25:C7:0D:A0:4D,NA,(not associated),-45,2
26:29:33:80:DD:51,NA,(not associated),-45,2
26:2C:9E:5C:C3:F5,NA,(not associated),-45,2
26:2E:C1:94:FA:C5,NA,(not associated),-61,2
26:2E:D9:C7:F6:38,NA,(not associated),-59,2
26:32:E1:41:DC:CE,NA,(not associated),-65,2
26:3C:9A:3E:3D:4D,NA,(not associated),-78,2
26:3E:45:73:CF:42,NA,(not associated),-63,2
26:3F:59:67:93:49,NA,(not associated),-67,2
26:41:80:E6:34:3C,NA,(not associated),-59,2
26:47:56:66:4E:32,NA,(not associated),-68,2
26:4C:5D:11:2C:1A,NA,(not associated),-51,2
26:58:BB:18:84:EE,NA,(not associated),-43,2
26:68:1A:EF:7C:B7,NA,(not associated),-51,2
26:6C:25:AE:59:12,NA,(not associated),-43,2
26:70:66:51:31:D7,NA,(not associated),-41,2
26:75:CC:E5:4B:4C,NA,(not associated),-37,2
26:77:E1:DF:5E:3E,NA,(not associated),-53,2
26:78:2E:AC:02:35,NA,(not associated),-67,2
26:79:60:07:B0:34,NA,(not associated),-53,2
26:7B:96:24:E4:6D,NA,(not associated),-61,2
26:7B:D6:14:2B:5F,NA,(not associated),-39,2
26:80:29:63:AD:EF,NA,(not associated),-59,2
26:80:8E:1B:18:AB,NA,(not associated),-61,2
26:85:86:8B:55:FC,NA,(not associated),-59,2
26:8E:35:88:A8:3B,NA,(not associated),-53,2
26:8E:FC:0A:B1:D9,NA,(not associated),-53,2
26:8F:54:3E:35:5C,NA,(not associated),-55,2
26:90:11:91:46:A4,NA,(not associated),-55,2
26:90:BE:BE:8C:DD,NA,(not associated),-55,2
26:99:F6:1A:6C:E8,NA,(not associated),-67,2
26:A2:E8:0A:ED:3B,NA,(not associated),-41,2
26:A7:81:2C:34:EE,NA,(not associated),-53,2
26:A7:D2:85:A6:B9,NA,(not associated),-49,2
26:B2:58:9B:29:5C,NA,(not associated),-47,2
26:B9:A1:37:E1:E9,NA,(not associated),-67,2
26:BC:9C:95:0B:6D,NA,(not associated),-59,2
26:BF:39:0C:D9:CD,NA,(not associated),-55,2
26:CA:5C:3C:E0:4B,NA,(not associated),-57,2
26:D0:A6:63:85:4C,NA,(not associated),-37,2
26:D2:46:74:DA:89,NA,(not associated),-43,2
26:D8:BF:10:A8:51,NA,(not associated),-41,2
26:DE:3F:AE:BF:C0,NA,(not associated),-69,2
26:E3:DF:D3:BA:0C,NA,(not associated),-67,2
26:E8:6A:C6:1C:63,NA,(not associated),-51,2
26:E8:A6:27:6A:44,NA,(not associated),-67,2
26:F0:15:1D:94:A7,NA,(not associated),-39,2
26:FB:2C:6E:EB:80,NA,(not associated),-53,2
28:C6:3F:F0:AC:D5,Intel Corporate,E8:28:C1:DC:C8:32,-1,2
2A:01:CD:74:58:EE,NA,(not associated),-59,2
2A:07:3C:68:C8:DC,NA,(not associated),-53,2
2A:0B:C7:92:52:C3,NA,(not associated),-39,2
2A:0E:17:42:35:6D,NA,(not associated),-47,2
2A:0E:36:A9:6F:03,NA,(not associated),-59,2
2A:11:2A:50:41:0B,NA,(not associated),-53,2
2A:15:E6:8E:32:41,NA,(not associated),-49,2
2A:19:24:4B:07:6A,NA,(not associated),-53,2
2A:19:40:66:06:15,NA,(not associated),-61,2
2A:1A:DD:54:3A:6F,NA,(not associated),-69,2
2A:22:DB:07:40:72,NA,(not associated),-43,2
2A:33:0D:7B:34:09,NA,(not associated),-75,2
2A:35:12:DA:87:B5,NA,(not associated),-41,2
2A:38:75:04:AB:F1,NA,(not associated),-59,2
2A:4C:CD:90:4E:B1,NA,(not associated),-51,2
2A:4D:AB:C8:C9:FC,NA,(not associated),-67,2
2A:55:12:06:D3:29,NA,(not associated),-59,2
2A:58:53:78:A9:31,NA,(not associated),-45,2
2A:62:7A:96:A7:A6,NA,(not associated),-49,2
2A:64:E9:C5:67:6B,NA,(not associated),-35,2
2A:7C:90:F9:90:48,NA,(not associated),-53,2
2A:7D:16:D4:50:52,NA,(not associated),-63,2
2A:7F:9A:95:FC:C3,NA,(not associated),-49,2
2A:81:0E:46:01:A7,NA,(not associated),-57,2
2A:82:8B:4C:65:C0,NA,(not associated),-53,2
2A:83:C8:50:FE:42,NA,(not associated),-63,2
2A:87:57:06:3A:9A,NA,(not associated),-33,2
2A:8E:A4:7E:14:04,NA,(not associated),-57,2
2A:90:03:AD:8D:23,NA,(not associated),-33,2
2A:A3:2E:3F:56:26,NA,(not associated),-47,2
2A:AA:2A:83:D8:FA,NA,(not associated),-45,2
2A:B6:4A:0E:B8:0C,NA,(not associated),-63,2
2A:B7:5B:F2:D1:E3,NA,(not associated),-67,2
2A:BB:0E:2D:85:4D,NA,(not associated),-63,2
2A:C1:FE:19:03:DD,NA,(not associated),-51,2
2A:E0:BC:87:52:74,NA,(not associated),-49,2
2A:E8:B7:24:8E:92,NA,(not associated),-67,2
2A:E9:6B:66:3F:A2,NA,(not associated),-43,2
2A:F3:05:B9:2D:B7,NA,(not associated),-39,2
2A:F7:33:1A:D5:5F,NA,(not associated),-39,2
2A:F7:5F:63:E0:43,NA,(not associated),-39,2
2A:FA:1F:5E:C6:74,NA,(not associated),-59,2
2A:FB:9F:D1:A4:C1,NA,(not associated),-59,2
2A:FC:17:62:0A:1A,NA,(not associated),-51,2
2A:FE:A5:88:98:A3,NA,(not associated),-65,2
2E:06:86:AF:A0:5B,NA,(not associated),-75,2
2E:12:40:6C:4C:6E,NA,(not associated),-61,2
2E:18:B9:0C:A4:DB,NA,(not associated),-47,2
2E:1C:89:62:7C:AC,NA,(not associated),-67,2
2E:1E:87:6F:AA:29,NA,(not associated),-53,2
2E:23:79:4C:09:50,NA,(not associated),-61,2
2E:27:2F:57:FF:B7,NA,(not associated),-51,2
2E:28:CC:B7:0F:D2,NA,(not associated),-53,2
2E:2E:CD:63:87:6A,NA,(not associated),-39,2
2E:39:27:7A:3B:54,NA,(not associated),-61,2
2E:48:CE:55:2D:4B,NA,(not associated),-57,2
2E:4A:93:3D:16:0A,NA,(not associated),-55,2
2E:4A:F5:34:A2:F7,NA,(not associated),-35,2
2E:4F:92:24:69:87,NA,(not associated),-55,2
2E:54:7E:4A:B4:F4,NA,(not associated),-69,2
2E:64:2A:58:84:63,NA,(not associated),-55,2
2E:71:33:A3:F4:44,NA,(not associated),-45,2
2E:71:70:52:59:92,NA,(not associated),-53,2
2E:73:47:10:92:83,NA,(not associated),-37,2
2E:76:49:70:82:ED,NA,(not associated),-55,2
2E:7A:F8:00:1D:5A,NA,(not associated),-43,2
2E:8E:00:28:0E:36,NA,(not associated),-37,2
2E:90:E7:49:1F:59,NA,(not associated),-51,2
2E:92:0F:61:E3:FD,NA,(not associated),-61,2
2E:93:24:37:B2:EF,NA,(not associated),-63,2
2E:9E:A1:A8:BA:67,NA,(not associated),-53,2
2E:A2:04:F6:7A:FF,NA,(not associated),-53,2
2E:A2:F5:E7:AB:5C,NA,(not associated),-69,2
2E:AA:F8:F1:7C:EA,NA,(not associated),-57,2
2E:B3:03:18:5D:7D,NA,(not associated),-73,2
2E:B4:F4:CF:C0:E4,NA,(not associated),-57,2
2E:BC:7B:3B:E7:25,NA,(not associated),-53,2
2E:CB:C5:00:3D:67,NA,(not associated),-39,2
2E:E0:F9:B4:23:41,NA,(not associated),-69,2
2E:E1:6A:E8:4E:C7,NA,(not associated),-45,2
2E:E7:CA:FE:E3:07,NA,(not associated),-61,2
2E:EB:74:89:45:64,NA,(not associated),-57,2
2E:EE:78:7B:43:54,NA,(not associated),-65,2
2E:FD:E5:B1:80:81,NA,(not associated),-61,2
2E:FE:BB:47:A4:59,NA,(not associated),-55,2
32:03:84:D8:40:62,NA,(not associated),-59,2
32:05:CA:6F:91:4B,NA,(not associated),-57,2
32:09:41:C0:40:CD,NA,(not associated),-65,2
32:21:5F:F5:F5:ED,NA,(not associated),-67,2
32:39:F0:6D:8D:28,NA,(not associated),-53,2
32:5D:03:09:DE:AF,NA,(not associated),-69,2
32:5E:FA:FB:3D:E1,NA,(not associated),-43,2
32:61:49:59:49:9F,NA,(not associated),-65,2
32:66:F4:0F:68:9A,NA,(not associated),-61,2
32:70:11:C3:0E:CB,NA,(not associated),-37,2
32:7B:15:78:6A:A3,NA,(not associated),-55,2
32:A3:7C:B4:60:23,NA,(not associated),-55,2
32:B1:2C:8B:3F:9C,NA,(not associated),-59,2
32:B4:28:03:0C:6C,NA,(not associated),-43,2
32:B4:9A:6A:EC:8E,NA,(not associated),-51,2
32:BE:2E:E0:D8:A3,NA,(not associated),-55,2
32:C3:17:16:55:75,NA,(not associated),-61,2
32:E7:A2:10:85:61,NA,(not associated),-43,2
32:E8:11:60:64:65,NA,(not associated),-37,2
32:F4:D6:88:21:22,NA,(not associated),-65,2
32:FB:88:D5:39:5E,NA,(not associated),-51,2
36:01:BC:E5:D8:CD,NA,(not associated),-39,2
36:0A:CD:9F:8A:B1,NA,(not associated),-57,2
36:15:B0:8C:97:0D,NA,(not associated),-63,2
36:18:00:58:C3:B9,NA,(not associated),-59,2
36:1E:2A:1C:7A:43,NA,(not associated),-55,2
36:20:F0:F4:07:E6,NA,(not associated),-53,2
36:22:DC:2D:87:C7,NA,(not associated),-31,2
36:23:7D:8F:B9:25,NA,(not associated),-61,2
36:2C:85:51:D9:0C,NA,(not associated),-53,2
36:2F:C6:BE:F9:65,NA,(not associated),-51,2
36:31:47:73:7D:A2,NA,(not associated),-55,2
36:33:C4:34:7D:EA,NA,(not associated),-53,2
36:35:32:99:7F:BD,NA,(not associated),-53,2
36:42:14:E3:D8:68,NA,(not associated),-55,2
36:46:7C:A0:7E:87,NA,(not associated),-45,2
36:50:4E:04:86:48,NA,(not associated),-67,2
36:52:F1:C8:67:A3,NA,(not associated),-61,2
36:55:2B:FE:D8:AB,NA,(not associated),-65,2
36:55:92:BC:26:12,NA,(not associated),-55,2
36:5E:FC:65:E5:61,NA,(not associated),-67,2
36:6B:AB:A7:10:4B,NA,(not associated),-49,2
36:81:61:9E:08:26,NA,(not associated),-51,2
36:8B:F0:66:10:CF,NA,(not associated),-61,2
36:8E:D7:C1:AF:41,NA,(not associated),-61,2
36:9F:C1:E9:F4:E3,NA,(not associated),-45,2
36:9F:DF:E9:44:D6,NA,(not associated),-45,2
36:A6:E9:D9:7E:D9,NA,(not associated),-57,2
36:B0:CD:7E:1D:DB,NA,(not associated),-61,2
36:B3:8B:F9:70:C2,NA,(not associated),-55,2
36:B9:60:66:3A:2B,NA,(not associated),-59,2
36:C7:B5:01:7B:74,NA,(not associated),-53,2
36:C8:2A:24:24:74,NA,(not associated),-61,2
36:CA:93:C1:FC:59,NA,(not associated),-51,2
36:CF:7A:36:92:17,NA,(not associated),-65,2
36:CF:C6:63:FF:2D,NA,(not associated),-35,2
36:D6:AB:1E:95:2A,NA,(not associated),-45,2
36:DD:0C:24:8A:E4,NA,(not associated),-65,2
36:DD:1E:BC:43:A9,NA,(not associated),-53,2
36:E2:60:37:55:01,NA,(not associated),-61,2
36:E3:B4:C7:1A:5D,NA,(not associated),-43,2
36:E7:D2:43:BA:12,NA,(not associated),-59,2
36:EF:40:5B:9F:2F,NA,(not associated),-41,2
36:F0:C6:F4:49:F8,NA,(not associated),-39,2
36:F2:1A:8B:85:5A,NA,(not associated),-43,2
36:F2:63:07:FC:0C,NA,(not associated),-65,2
36:FC:CD:BA:65:36,NA,(not associated),-41,2
38:1A:52:0D:8F:EC,Seiko Epson Corporation,(not associated),-59,2
3A:0F:D8:D4:C3:B4,NA,(not associated),-51,2
3A:17:C7:D8:02:BB,NA,(not associated),-47,2
3A:1B:28:62:5B:3D,NA,(not associated),-61,2
3A:1B:39:0F:37:58,NA,(not associated),-67,2
3A:1E:5B:38:CF:9B,NA,(not associated),-59,2
3A:32:A7:37:71:53,NA,(not associated),-59,2
3A:34:57:8D:8C:6D,NA,(not associated),-55,2
3A:38:D7:13:E9:9B,NA,(not associated),-77,2
3A:42:24:F0:06:52,NA,(not associated),-63,2
3A:4D:3E:7C:68:D3,NA,(not associated),-67,2
3A:54:91:2F:3E:71,NA,(not associated),-53,2
3A:5C:29:C5:86:F8,NA,(not associated),-53,2
3A:63:86:72:E5:A1,NA,(not associated),-33,2
3A:68:E2:F6:81:79,NA,(not associated),-53,2
3A:69:A3:B0:25:59,NA,(not associated),-41,2
3A:6E:5E:AB:B7:07,NA,(not associated),-49,2
3A:7F:1D:A3:70:1E,NA,(not associated),-53,2
3A:A7:45:DE:92:F4,NA,(not associated),-37,2
3A:BC:E5:21:C1:E2,NA,(not associated),-53,2
3A:BF:8D:A3:84:32,NA,(not associated),-47,2
3A:C7:2F:E4:A5:AF,NA,(not associated),-63,2
3A:C9:9D:2E:BC:7D,NA,(not associated),-65,2
3A:CA:02:6F:9F:B9,NA,(not associated),-49,2
3A:CC:93:80:DD:70,NA,(not associated),-59,2
3A:CE:BA:34:17:6E,NA,(not associated),-55,2
3A:ED:AC:E5:1D:2D,NA,(not associated),-37,2
3C:13:5A:BD:93:F5,Xiaomi Communications Co Ltd,(not associated),-77,2
3E:20:65:C0:86:C6,NA,(not associated),-63,2
3E:23:B5:80:AA:E0,NA,(not associated),-55,2
3E:24:CD:73:C3:E4,NA,(not associated),-47,2
3E:2F:B6:08:31:33,NA,(not associated),-41,2
3E:30:68:BD:73:DA,NA,(not associated),-51,2
3E:31:31:6A:9A:C7,NA,(not associated),-57,2
3E:37:89:F7:E1:23,NA,(not associated),-55,2
3E:3C:D2:72:40:DB,NA,(not associated),-67,2
3E:44:E7:67:08:50,NA,(not associated),-61,2
3E:4B:47:E4:88:6D,NA,(not associated),-67,2
3E:4C:58:E8:74:39,NA,(not associated),-75,2
3E:4E:BD:99:D5:5A,NA,(not associated),-57,2
3E:50:EC:A3:D4:5A,NA,(not associated),-59,2
3E:59:FB:06:D2:CC,NA,(not associated),-67,2
3E:5C:A9:04:5B:F1,NA,(not associated),-49,2
3E:60:20:07:36:78,NA,(not associated),-65,2
3E:64:D5:B5:1A:F5,NA,(not associated),-57,2
3E:69:ED:01:7A:AE,NA,(not associated),-33,2
3E:69:EF:7C:8E:CD,NA,(not associated),-57,2
3E:6E:74:C3:30:12,NA,(not associated),-39,2
3E:6F:6E:29:ED:F4,NA,(not associated),-43,2
3E:71:CE:4B:67:47,NA,(not associated),-55,2
3E:77:A7:47:2F:51,NA,(not associated),-51,2
3E:7F:F6:12:EA:FE,NA,(not associated),-55,2
3E:83:2D:EA:1B:EC,NA,(not associated),-55,2
3E:89:8E:F0:11:2F,NA,(not associated),-65,2
3E:8D:A0:2F:A5:F6,NA,(not associated),-57,2
3E:8F:AC:14:7B:41,NA,(not associated),-53,2
3E:90:AB:23:F9:68,NA,(not associated),-55,2
3E:91:46:DD:04:1E,NA,(not associated),-41,2
3E:92:E9:4B:96:C1,NA,(not associated),-43,2
3E:9A:CA:C3:2A:4B,NA,(not associated),-33,2
3E:9C:9D:74:6D:3E,NA,(not associated),-47,2
3E:9E:B0:5E:34:B0,NA,(not associated),-45,2
3E:AB:73:B7:5C:E1,NA,(not associated),-51,2
3E:B8:E0:C2:40:43,NA,(not associated),-63,2
3E:B9:EC:6F:11:17,NA,(not associated),-51,2
3E:BC:2C:2E:87:FE,NA,(not associated),-55,2
3E:BE:6E:41:0D:E5,NA,(not associated),-67,2
3E:C3:78:5D:FC:BB,NA,(not associated),-43,2
3E:C4:45:46:34:41,NA,(not associated),-53,2
3E:C7:10:16:05:0F,NA,(not associated),-57,2
3E:D3:BF:F7:8E:43,NA,(not associated),-55,2
3E:D3:DC:E1:96:50,NA,(not associated),-39,2
3E:E1:0D:13:45:76,NA,(not associated),-51,2
3E:E3:F8:A5:75:DA,NA,(not associated),-59,2
42:00:07:30:E6:B4,NA,(not associated),-63,2
42:03:BB:16:A3:2F,NA,(not associated),-59,2
42:04:9F:C0:9F:41,NA,(not associated),-67,2
42:05:C1:E9:55:3E,NA,(not associated),-57,2
42:08:37:BE:B6:C1,NA,(not associated),-51,2
42:0D:55:A3:7E:AC,NA,(not associated),-63,2
42:18:DF:7C:CB:58,NA,(not associated),-47,2
42:19:B3:72:D0:94,NA,(not associated),-41,2
42:2E:83:C6:95:D7,NA,(not associated),-53,2
42:3D:F2:09:37:14,NA,(not associated),-63,2
42:4C:8C:47:24:9E,NA,(not associated),-47,2
42:51:CB:C7:67:A8,NA,(not associated),-53,2
42:5D:47:D4:31:B0,NA,(not associated),-41,2
42:5D:FD:9D:E0:22,NA,(not associated),-63,2
42:5F:BE:06:FA:F0,NA,(not associated),-53,2
42:65:65:01:8E:57,NA,(not associated),-63,2
42:69:8B:56:3C:50,NA,(not associated),-39,2
42:6F:38:CB:2C:C0,NA,(not associated),-47,2
42:71:7C:20:E0:89,NA,(not associated),-61,2
42:74:91:C2:D2:96,NA,(not associated),-63,2
42:79:3E:88:35:C0,NA,(not associated),-59,2
42:7A:4E:70:AE:1C,NA,(not associated),-39,2
42:7D:5A:12:0C:76,NA,(not associated),-77,2
42:82:F7:90:33:36,NA,(not associated),-23,2
42:86:1E:93:EA:52,NA,(not associated),-35,2
42:88:13:CF:DF:3C,NA,(not associated),-45,2
42:88:ED:78:F4:4D,NA,(not associated),-67,2
42:8C:B8:F0:01:49,NA,(not associated),-65,2
42:8D:DC:7B:4A:DF,NA,(not associated),-51,2
42:8F:3A:AE:CC:88,NA,(not associated),-67,2
42:90:AC:AC:37:06,NA,(not associated),-37,2
42:96:91:06:8F:C7,NA,(not associated),-67,2
42:99:42:98:69:F2,NA,(not associated),-67,2
42:9E:BC:7E:3B:32,NA,(not associated),-67,2
42:A5:51:D5:50:8F,NA,(not associated),-47,2
42:A6:1E:E6:8B:13,NA,(not associated),-49,2
42:A7:9C:FE:9B:E9,NA,(not associated),-41,2
42:B9:19:34:87:47,NA,(not associated),-35,2
42:C0:1D:DC:89:50,NA,(not associated),-61,2
42:C0:C7:B9:01:8B,NA,(not associated),-53,2
42:C1:EC:FC:1B:85,NA,(not associated),-61,2
42:C7:3B:51:2C:73,NA,(not associated),-65,2
42:CC:24:37:B2:37,NA,(not associated),-53,2
42:CC:45:56:24:1F,NA,(not associated),-67,2
42:CD:DF:CC:C5:91,NA,(not associated),-37,2
42:D4:D9:39:4C:E8,NA,(not associated),-59,2
42:D9:60:30:70:58,NA,(not associated),-65,2
42:DF:09:35:99:CC,NA,(not associated),-39,2
42:F1:86:FF:2A:DA,NA,(not associated),-37,2
42:F6:DB:4D:86:14,NA,(not associated),-59,2
42:FD:11:F6:E5:E1,NA,(not associated),-39,2
42:FD:DC:0E:6B:A0,NA,(not associated),-53,2
46:15:D8:70:11:B2,NA,(not associated),-37,2
46:18:95:F9:C8:DF,NA,(not associated),-55,2
46:24:3C:68:AB:DF,NA,(not associated),-59,2
46:26:8C:F4:DB:7D,NA,(not associated),-73,2
46:26:9D:C4:7B:08,NA,(not associated),-61,2
46:2E:1E:3B:F2:C9,NA,(not associated),-53,2
46:2F:44:E4:C4:67,NA,(not associated),-39,2
46:37:3C:26:D0:17,NA,(not associated),-59,2
46:39:BA:BF:90:00,NA,(not associated),-49,2
46:3F:A4:02:75:80,NA,(not associated),-55,2
46:47:AC:38:B9:CE,NA,(not associated),-37,2
46:4C:6E:75:FE:DD,NA,(not associated),-41,2
46:4D:14:E3:FB:F2,NA,(not associated),-45,2
46:53:DC:BA:46:DF,NA,(not associated),-45,2
46:5B:EC:9B:F7:C2,NA,(not associated),-67,2
46:5D:1C:90:7E:D2,NA,(not associated),-55,2
46:64:95:B2:4E:C6,NA,(not associated),-49,2
46:66:D2:B2:81:61,NA,(not associated),-57,2
46:77:50:1D:81:CF,NA,(not associated),-61,2
46:77:BD:89:FB:22,NA,(not associated),-55,2
46:7E:CF:A7:21:19,NA,(not associated),-53,2
46:83:8A:23:9D:C3,NA,(not associated),-53,2
46:91:7D:50:EB:3E,NA,(not associated),-61,2
46:94:D1:47:E4:E9,NA,(not associated),-61,2
46:97:2D:E0:95:D8,NA,(not associated),-67,2
46:98:6E:88:1C:60,NA,(not associated),-37,2
46:AB:18:A8:1F:30,NA,(not associated),-73,2
46:AB:2A:B0:1D:6F,NA,(not associated),-63,2
46:AC:CD:54:72:7C,NA,(not associated),-49,2
46:BE:83:28:5C:46,NA,(not associated),-67,2
46:C4:E2:9C:25:93,NA,(not associated),-53,2
46:C7:BD:3E:11:3D,NA,(not associated),-73,2
46:D1:EF:B4:21:7C,NA,(not associated),-33,2
46:D8:C8:6B:19:56,NA,(not associated),-37,2
46:E2:99:F6:33:C0,NA,(not associated),-57,2
46:EF:07:25:FA:BD,NA,(not associated),-55,2
46:EF:94:CB:65:8D,NA,(not associated),-65,2
46:F1:40:92:81:39,NA,(not associated),-39,2
46:F8:C6:00:52:D1,NA,(not associated),-69,2
48:74:12:04:D7:91,"OnePlus Technology (Shenzhen) Co., Ltd",E8:28:C1:DC:FF:F2,-73,2
4A:00:6D:E4:05:8D,NA,(not associated),-57,2
4A:07:43:C0:D6:7B,NA,(not associated),-63,2
4A:07:CD:81:8E:C4,NA,(not associated),-55,2
4A:08:18:40:9B:56,NA,(not associated),-65,2
4A:08:35:6F:56:02,NA,(not associated),-51,2
4A:0C:DD:A6:E1:30,NA,(not associated),-55,2
4A:0E:7D:D6:9F:AD,NA,(not associated),-67,2
4A:1E:9C:B8:0D:67,NA,(not associated),-67,2
4A:1E:D8:6A:A7:6E,NA,(not associated),-65,2
4A:25:40:51:34:4C,NA,(not associated),-43,2
4A:39:32:35:37:13,NA,(not associated),-59,2
4A:3C:79:6C:4C:0B,NA,(not associated),-55,2
4A:3E:4B:3C:63:F5,NA,(not associated),-51,2
4A:40:81:05:93:06,NA,(not associated),-39,2
4A:40:CA:E8:1A:08,NA,(not associated),-87,2
4A:43:54:60:4F:88,NA,(not associated),-39,2
4A:49:A3:90:76:01,NA,(not associated),-63,2
4A:4C:DD:2A:07:6D,NA,(not associated),-63,2
4A:54:F7:78:A6:62,NA,(not associated),-65,2
4A:5A:C1:41:36:2D,NA,(not associated),-61,2
4A:5D:1C:CD:4E:1F,NA,(not associated),-57,2
4A:68:6A:10:AB:D3,NA,(not associated),-63,2
4A:76:48:0A:AE:10,NA,(not associated),-61,2
4A:7A:FC:4F:A1:D8,NA,(not associated),-51,2
4A:7F:DE:F1:08:AB,NA,(not associated),-53,2
4A:82:24:57:11:4D,NA,(not associated),-65,2
4A:85:60:10:15:15,NA,(not associated),-53,2
4A:98:24:4E:29:7D,NA,(not associated),-67,2
4A:A6:55:D4:23:D9,NA,(not associated),-51,2
4A:A9:21:44:4B:17,NA,(not associated),-61,2
4A:AC:44:F3:D2:4B,NA,(not associated),-61,2
4A:B0:1B:AD:76:B4,NA,(not associated),-53,2
4A:B1:A8:99:C8:6B,NA,(not associated),-45,2
4A:BE:04:28:AA:38,NA,(not associated),-39,2
4A:BF:85:BF:1A:6F,NA,(not associated),-55,2
4A:C2:C0:DA:69:5F,NA,(not associated),-43,2
4A:CF:E4:C5:EF:B8,NA,(not associated),-65,2
4A:D8:C1:87:1B:34,NA,(not associated),-39,2
4A:DE:CB:D9:FE:15,NA,(not associated),-67,2
4A:DF:D4:5C:82:8F,NA,(not associated),-55,2
4A:E3:92:28:6A:AC,NA,(not associated),-59,2
4A:EA:A7:20:E8:65,NA,(not associated),-53,2
4A:FA:7B:57:2E:7C,NA,(not associated),-53,2
4A:FB:49:DB:AC:4C,NA,(not associated),-53,2
4E:02:59:01:65:B3,NA,(not associated),-43,2
4E:05:4B:64:0A:89,NA,(not associated),-43,2
4E:09:A9:72:3C:FA,NA,(not associated),-53,2
4E:12:40:2F:D7:83,NA,(not associated),-67,2
4E:13:57:D1:A5:5A,NA,(not associated),-39,2
4E:20:A5:E9:AF:07,NA,(not associated),-35,2
4E:26:1A:7C:6D:02,NA,(not associated),-49,2
4E:26:26:3D:AD:12,NA,(not associated),-47,2
4E:2A:96:AB:95:D0,NA,(not associated),-65,2
4E:30:A9:82:DD:2D,NA,(not associated),-65,2
4E:3E:7F:9C:4E:E5,NA,(not associated),-57,2
4E:47:54:EB:95:77,NA,(not associated),-47,2
4E:57:4A:3C:60:23,NA,(not associated),-51,2
4E:5D:7F:E5:08:D8,NA,(not associated),-35,2
4E:67:4A:24:EA:48,NA,(not associated),-43,2
4E:73:78:66:67:63,NA,(not associated),-55,2
4E:75:FC:48:C4:DB,NA,(not associated),-61,2
4E:7E:04:2E:5C:C7,NA,(not associated),-63,2
4E:7E:34:1B:06:72,NA,(not associated),-63,2
4E:89:14:6F:41:FD,NA,(not associated),-35,2
4E:8D:E6:39:6A:D6,NA,(not associated),-61,2
4E:8E:4B:D6:C5:23,NA,(not associated),-39,2
4E:90:45:39:6D:5A,NA,(not associated),-47,2
4E:95:2A:F2:B3:A2,NA,(not associated),-67,2
4E:98:28:FD:5C:42,NA,(not associated),-55,2
4E:9E:1C:11:D6:64,NA,(not associated),-47,2
4E:A1:40:BA:46:F4,NA,(not associated),-55,2
4E:A1:A9:5F:54:DE,NA,(not associated),-53,2
4E:A3:70:02:45:6D,NA,(not associated),-55,2
4E:A4:AC:FF:DB:C6,NA,(not associated),-65,2
4E:A4:F5:23:FE:8C,NA,(not associated),-59,2
4E:B6:82:74:09:E9,NA,(not associated),-33,2
4E:BD:DD:18:8B:56,NA,(not associated),-45,2
4E:C2:77:B0:09:2F,NA,(not associated),-49,2
4E:DE:4B:BB:82:70,NA,(not associated),-47,2
4E:E5:DE:BB:FE:2D,NA,(not associated),-69,2
4E:E8:D2:AC:A2:C5,NA,(not associated),-45,2
4E:EA:1C:D5:A5:27,NA,(not associated),-51,2
4E:F3:D4:A1:EC:B4,NA,(not associated),-47,2
4E:F4:47:5D:2D:F9,NA,(not associated),-53,2
4E:F6:0C:6D:42:E4,NA,(not associated),-49,2
4E:F7:8D:C1:06:D7,NA,(not associated),-51,2
4E:F8:3C:A3:51:AA,NA,(not associated),-55,2
4E:FC:E1:3C:33:D1,NA,(not associated),-57,2
50:8F:4C:4D:21:13,Xiaomi Communications Co Ltd,B2:1B:0C:67:0A:BD,-71,2
50:8F:4C:71:25:96,Xiaomi Communications Co Ltd,E8:28:C1:DB:F5:F2,-87,2
50:ED:3C:3B:BC:A2,"Apple, Inc.",AE:3E:7F:C8:BC:8E,-67,2
52:0C:F7:A3:E4:9E,NA,(not associated),-43,2
52:1C:D4:0A:5D:D9,NA,(not associated),-69,2
52:25:BE:A9:65:2D,NA,(not associated),-35,2
52:31:2B:1E:BB:F5,NA,(not associated),-53,2
52:34:47:11:1B:C0,NA,(not associated),-69,2
52:3E:46:14:D5:AD,NA,(not associated),-35,2
52:41:BA:57:D4:66,NA,(not associated),-49,2
52:48:5A:3D:49:6E,NA,(not associated),-55,2
52:4D:E9:B3:17:69,NA,(not associated),-61,2
52:54:09:E0:79:CE,NA,(not associated),-63,2
52:5B:64:F6:22:DB,NA,(not associated),-43,2
52:63:62:A9:26:58,NA,(not associated),-57,2
52:64:0E:58:16:35,NA,(not associated),-45,2
52:6B:C5:84:B2:16,NA,(not associated),-39,2
52:6C:80:55:85:94,NA,(not associated),-59,2
52:78:B8:FB:04:33,NA,(not associated),-55,2
52:7A:26:E7:6B:90,NA,(not associated),-63,2
52:7B:91:6B:E4:8E,NA,(not associated),-57,2
52:7E:BB:61:F6:20,NA,(not associated),-39,2
52:81:FA:74:34:3D,NA,(not associated),-61,2
52:82:C4:F0:AB:EA,NA,(not associated),-41,2
52:83:FD:7D:D2:E4,NA,(not associated),-47,2
52:89:44:FD:AD:32,NA,(not associated),-45,2
52:8D:07:90:4F:66,NA,(not associated),-65,2
52:91:3D:BD:67:27,NA,(not associated),-67,2
52:9B:41:C0:D4:6B,NA,(not associated),-65,2
52:AC:4E:8A:8D:9F,NA,(not associated),-45,2
52:B3:58:3F:91:07,NA,(not associated),-45,2
52:B7:B0:4C:EC:A2,NA,(not associated),-59,2
52:C4:78:06:8E:34,NA,(not associated),-76,2
52:C6:94:9E:C4:AF,NA,(not associated),-55,2
52:CD:D5:B5:C1:2D,NA,(not associated),-51,2
52:D1:C7:67:8A:C9,NA,(not associated),-43,2
52:DA:D6:15:F2:11,NA,(not associated),-59,2
52:DF:E9:0E:1A:DD,NA,(not associated),-55,2
52:E5:D0:08:FD:91,NA,(not associated),-55,2
52:F1:E4:0C:F9:21,NA,(not associated),-37,2
52:F2:A0:F3:5C:91,NA,(not associated),-53,2
52:F2:C0:3B:54:53,NA,(not associated),-57,2
56:02:E9:B5:77:6D,NA,(not associated),-45,2
56:0A:9C:04:AF:E6,NA,(not associated),-57,2
56:10:73:C6:20:02,NA,(not associated),-39,2
56:1C:E0:3A:63:91,NA,(not associated),-39,2
56:21:82:96:2D:6E,NA,(not associated),-45,2
56:2C:CF:79:D2:94,NA,(not associated),-65,2
56:2D:EF:2F:F5:76,NA,(not associated),-41,2
56:3D:D2:51:40:58,NA,(not associated),-39,2
56:46:62:05:A3:D6,NA,(not associated),-57,2
56:54:B4:54:05:BB,NA,(not associated),-63,2
56:66:30:97:B8:BF,NA,(not associated),-57,2
56:70:39:42:7A:00,NA,(not associated),-55,2
56:70:F8:CE:9A:9A,NA,(not associated),-51,2
56:71:AB:4C:63:8B,NA,(not associated),-67,2
56:79:E4:65:88:13,NA,(not associated),-47,2
56:7E:BF:3F:4F:DF,NA,(not associated),-63,2
56:88:D3:80:62:BD,NA,(not associated),-77,2
56:8A:18:C3:C8:44,NA,(not associated),-61,2
56:8A:39:18:E9:02,NA,(not associated),-63,2
56:91:0A:1B:11:48,NA,(not associated),-69,2
56:97:5E:9E:CD:A4,NA,(not associated),-59,2
56:A0:CA:16:D3:40,NA,(not associated),-61,2
56:A3:5D:A9:4F:DD,NA,(not associated),-69,2
56:B2:A9:5C:75:40,NA,(not associated),-57,2
56:B4:AA:A2:F9:2D,NA,(not associated),-61,2
56:BE:AF:B3:72:FB,NA,(not associated),-47,2
56:C6:FC:0D:3C:26,NA,(not associated),-55,2
56:C8:63:99:BC:BF,NA,(not associated),-45,2
56:CF:7A:4B:50:7A,NA,(not associated),-61,2
56:CF:D8:05:9E:12,NA,(not associated),-63,2
56:DB:3D:21:DF:E7,NA,(not associated),-37,2
56:DF:D0:8B:E9:09,NA,(not associated),-57,2
56:E6:3F:F5:64:B3,NA,(not associated),-43,2
56:EB:B2:FB:F6:8B,NA,(not associated),-73,2
56:F0:AE:6A:8C:F0,NA,(not associated),-53,2
56:F4:7F:AD:EB:78,NA,(not associated),-61,2
5A:00:A2:7B:03:83,NA,(not associated),-63,2
5A:03:86:6A:64:74,NA,(not associated),-63,2
5A:06:86:1F:12:F0,NA,(not associated),-47,2
5A:06:F9:05:9E:B3,NA,(not associated),-53,2
5A:07:5A:4F:CC:5D,NA,(not associated),-65,2
5A:13:92:B0:03:EA,NA,(not associated),-45,2
5A:19:AD:1B:37:1D,NA,(not associated),-35,2
5A:1D:99:CE:E6:2D,NA,(not associated),-57,2
5A:28:31:DC:25:55,NA,(not associated),-61,2
5A:2F:AA:90:06:6E,NA,(not associated),-61,2
5A:30:EE:7F:E4:AF,NA,(not associated),-57,2
5A:32:46:27:A0:38,NA,(not associated),-61,2
5A:38:96:39:CB:0D,NA,(not associated),-55,2
5A:3F:74:9A:10:CF,NA,(not associated),-51,2
5A:41:D5:3C:6F:95,NA,(not associated),-49,2
5A:48:60:33:B6:94,NA,(not associated),-57,2
5A:4F:AD:2D:4C:C4,NA,(not associated),-45,2
5A:6A:2A:F5:47:A0,NA,(not associated),-67,2
5A:86:8C:FB:F2:86,NA,(not associated),-47,2
5A:91:42:CC:35:B5,NA,(not associated),-61,2
5A:92:89:52:39:0B,NA,(not associated),-41,2
5A:97:09:4E:0D:99,NA,(not associated),-55,2
5A:99:37:F9:01:6D,NA,(not associated),-59,2
5A:9B:AC:8F:87:69,NA,(not associated),-43,2
5A:9F:AE:06:4F:F7,NA,(not associated),-57,2
5A:A0:A7:B9:12:B2,NA,(not associated),-45,2
5A:A3:89:3B:AF:69,NA,(not associated),-37,2
5A:A4:14:46:01:4D,NA,(not associated),-55,2
5A:A5:A8:34:66:73,NA,(not associated),-61,2
5A:AB:CF:15:0F:4E,NA,(not associated),-59,2
5A:AB:CF:56:95:9D,NA,(not associated),-53,2
5A:AB:CF:7A:F1:B7,NA,(not associated),-51,2
5A:AB:CF:85:4D:04,NA,(not associated),-49,2
5A:AB:CF:B5:BC:32,NA,(not associated),-63,2
5A:AB:CF:BE:36:3C,NA,(not associated),-55,2
5A:AB:CF:C9:08:01,NA,(not associated),-47,2
5A:AB:CF:F4:3B:7A,NA,(not associated),-53,2
5A:B9:F7:72:4F:84,NA,(not associated),-55,2
5A:BC:FD:11:7C:03,NA,(not associated),-53,2
5A:BE:CF:75:9D:07,NA,(not associated),-47,2
5A:D2:E8:E9:96:2A,NA,(not associated),-67,2
5A:E0:3C:AA:E4:B7,NA,(not associated),-47,2
5A:E3:4E:CD:CC:99,NA,(not associated),-47,2
5A:E4:92:FF:D6:57,NA,(not associated),-61,2
5A:E4:CA:D9:37:32,NA,(not associated),-55,2
5A:EA:B1:DA:6F:D9,NA,(not associated),-35,2
5A:F1:D2:90:DC:68,NA,(not associated),-39,2
5A:F3:5B:CF:F4:9A,NA,(not associated),-63,2
5A:F4:D7:9A:B9:F1,NA,(not associated),-43,2
5E:07:09:FD:D3:C3,NA,(not associated),-53,2
5E:08:6A:BD:62:1B,NA,(not associated),-63,2
5E:13:EC:18:6E:35,NA,(not associated),-67,2
5E:15:A2:FA:48:F3,NA,(not associated),-47,2
5E:28:06:64:83:D2,NA,(not associated),-59,2
5E:2B:C7:B6:22:42,NA,(not associated),-39,2
5E:2D:4D:E0:34:2C,NA,(not associated),-53,2
5E:37:C3:6F:41:E7,NA,(not associated),-57,2
5E:38:17:0A:B9:C1,NA,(not associated),-35,2
5E:47:70:CC:1A:48,NA,(not associated),-43,2
5E:4A:06:C6:2A:54,NA,(not associated),-63,2
5E:4E:13:B2:75:20,NA,(not associated),-57,2
5E:52:52:E2:15:4D,NA,(not associated),-61,2
5E:54:C7:F6:FD:7A,NA,(not associated),-61,2
5E:59:36:A4:CA:B7,NA,(not associated),-57,2
5E:5E:93:FE:07:18,NA,(not associated),-39,2
5E:62:BD:CD:5C:BD,NA,(not associated),-45,2
5E:65:6D:C2:AE:9A,NA,(not associated),-53,2
5E:68:FD:C0:2C:42,NA,(not associated),-63,2
5E:73:27:41:1B:23,NA,(not associated),-63,2
5E:7A:DA:84:40:63,NA,(not associated),-57,2
5E:8B:E7:20:9C:2A,NA,(not associated),-49,2
5E:98:76:95:A9:28,NA,(not associated),-39,2
5E:9F:3D:1B:2D:E8,NA,(not associated),-49,2
5E:BC:5A:38:80:6A,NA,(not associated),-45,2
5E:BE:04:48:93:98,NA,(not associated),-61,2
5E:CA:D3:51:96:9D,NA,(not associated),-65,2
5E:CE:EA:EF:23:E5,NA,(not associated),-67,2
5E:D1:8D:76:24:2C,NA,(not associated),-43,2
5E:D2:93:B7:59:8A,NA,(not associated),-55,2
5E:D9:FB:D1:96:92,NA,(not associated),-53,2
5E:E3:A0:B9:07:A5,NA,(not associated),-41,2
5E:E7:16:3A:B7:B4,NA,(not associated),-49,2
5E:E8:8E:E7:D5:5B,NA,(not associated),-65,2
5E:ED:7D:A3:1C:B5,NA,(not associated),-53,2
5E:F4:17:61:45:D5,NA,(not associated),-59,2
5E:F8:97:91:F4:30,NA,(not associated),-55,2
62:04:2B:0F:0C:FD,NA,(not associated),-51,2
62:10:65:C4:5E:E8,NA,(not associated),-55,2
62:17:59:D6:BD:28,NA,(not associated),-55,2
62:19:8D:5B:A9:8D,NA,(not associated),-41,2
62:19:99:F1:6B:1C,NA,(not associated),-39,2
62:1E:19:6E:62:A1,NA,(not associated),-39,2
62:25:F5:0A:2A:95,NA,(not associated),-41,2
62:2B:4C:09:D9:F1,NA,(not associated),-39,2
62:31:74:26:19:C2,NA,(not associated),-39,2
62:3C:60:31:B3:87,NA,(not associated),-67,2
62:3C:B6:BA:DB:EC,NA,(not associated),-57,2
62:5A:35:6C:63:77,NA,(not associated),-47,2
62:62:54:87:E2:04,NA,(not associated),-45,2
62:65:65:1E:14:DD,NA,(not associated),-39,2
62:68:E9:67:43:18,NA,(not associated),-69,2
62:73:45:B8:A7:86,NA,(not associated),-41,2
62:75:05:60:D4:10,NA,(not associated),-39,2
62:7B:0D:05:14:26,NA,(not associated),-61,2
62:83:25:08:C5:DB,NA,(not associated),-67,2
62:95:18:C9:8F:67,NA,(not associated),-53,2
62:95:2C:E0:1C:C4,NA,(not associated),-59,2
62:99:1C:A6:C5:8B,NA,(not associated),-53,2
62:99:F5:A0:DF:99,NA,(not associated),-61,2
62:9D:AA:4C:14:80,NA,(not associated),-65,2
62:A4:63:F8:64:D4,NA,(not associated),-55,2
62:A7:C2:16:9F:A2,NA,(not associated),-43,2
62:AB:67:7A:81:B8,NA,(not associated),-67,2
62:AB:67:BA:72:7A,NA,(not associated),-65,2
62:AB:84:6B:4D:3A,NA,(not associated),-41,2
62:B5:AE:2F:C4:5A,NA,(not associated),-67,2
62:B6:68:B3:AF:A7,NA,(not associated),-71,2
62:B7:9E:71:C0:82,NA,(not associated),-59,2
62:B9:A2:9B:FE:F3,NA,(not associated),-53,2
62:BA:AD:AC:CD:C5,NA,(not associated),-55,2
62:BB:FD:7D:CF:96,NA,(not associated),-43,2
62:C0:45:C8:89:5E,NA,(not associated),-57,2
62:CA:2B:19:17:8B,NA,(not associated),-59,2
62:CD:C6:26:23:B6,NA,(not associated),-61,2
62:D0:8A:91:F7:FF,NA,(not associated),-49,2
62:DB:9B:58:21:FC,NA,(not associated),-41,2
62:F0:EC:CB:7F:72,NA,(not associated),-61,2
62:F3:E6:4F:3D:7B,NA,(not associated),-49,2
66:03:8A:AC:CD:09,NA,(not associated),-53,2
66:0B:86:90:7B:4E,NA,(not associated),-57,2
66:0B:9C:92:B7:14,NA,(not associated),-37,2
66:0F:8A:6D:0B:5F,NA,(not associated),-55,2
66:10:CE:72:A0:29,NA,(not associated),-41,2
66:17:5E:D1:51:8B,NA,(not associated),-55,2
66:18:04:1D:F4:6A,NA,(not associated),-63,2
66:1C:EB:E4:A3:33,NA,(not associated),-55,2
66:24:EF:36:82:D2,NA,(not associated),-49,2
66:3A:11:81:2D:63,NA,(not associated),-83,2
66:3D:37:D6:1E:EE,NA,(not associated),-63,2
66:3D:C8:60:F7:E6,NA,(not associated),-43,2
66:44:1E:B4:ED:86,NA,(not associated),-45,2
66:44:2E:E2:06:F7,NA,(not associated),-57,2
66:49:78:AC:4F:5F,NA,(not associated),-59,2
66:4B:53:1F:47:70,NA,(not associated),-41,2
66:50:5E:5F:06:21,NA,(not associated),-43,2
66:55:0A:F2:F2:17,NA,(not associated),-39,2
66:58:AF:C1:95:E3,NA,(not associated),-47,2
66:59:07:07:81:0B,NA,(not associated),-51,2
66:59:51:6E:38:0C,NA,(not associated),-71,2
66:66:3A:C0:14:28,NA,(not associated),-55,2
66:6C:8C:29:07:09,NA,(not associated),-43,2
66:85:55:48:A6:B6,NA,(not associated),-47,2
66:8F:22:BE:73:C6,NA,(not associated),-81,2
66:95:37:74:EE:05,NA,(not associated),-59,2
66:95:AB:79:9F:4D,NA,(not associated),-55,2
66:98:08:DF:60:A0,NA,(not associated),-61,2
66:9B:82:04:AF:64,NA,(not associated),-47,2
66:9C:3C:BD:26:D4,NA,(not associated),-51,2
66:A0:7B:03:03:92,NA,(not associated),-39,2
66:A9:FE:E4:51:24,NA,(not associated),-53,2
66:AE:69:DD:38:53,NA,(not associated),-61,2
66:B7:3B:8D:30:AF,NA,(not associated),-61,2
66:BC:B2:EF:9F:1B,NA,(not associated),-67,2
66:BD:3A:BD:60:B1,NA,(not associated),-59,2
66:BD:9A:ED:30:C5,NA,(not associated),-41,2
66:C2:C0:B6:3B:0B,NA,(not associated),-41,2
66:C4:B9:A7:84:D0,NA,(not associated),-61,2
66:C4:D8:B4:7D:7E,NA,(not associated),-55,2
66:D3:66:6F:D4:F5,NA,(not associated),-47,2
66:DA:29:D3:CC:37,NA,(not associated),-37,2
66:E3:67:6E:DA:65,NA,(not associated),-57,2
66:E6:EB:E0:58:03,NA,(not associated),-49,2
66:EC:B7:9F:24:27,NA,(not associated),-45,2
66:ED:F5:9E:57:FE,NA,(not associated),-49,2
66:EE:B1:50:0E:A5,NA,(not associated),-61,2
66:F2:A3:EF:8B:60,NA,(not associated),-61,2
66:F4:5F:48:1F:2E,NA,(not associated),-57,2
66:F8:2A:69:6F:BE,NA,(not associated),-47,2
66:F8:2C:57:BD:2F,NA,(not associated),-59,2
66:FE:67:16:66:FD,NA,(not associated),-57,2
66:FF:31:55:A7:E5,NA,(not associated),-55,2
6A:06:56:DD:89:8C,NA,(not associated),-47,2
6A:1B:F7:93:58:AC,NA,(not associated),-63,2
6A:1F:33:F7:80:C8,NA,(not associated),-65,2
6A:21:A2:E1:FC:E1,NA,(not associated),-61,2
6A:24:F9:38:97:1C,NA,(not associated),-43,2
6A:27:5B:0E:38:BC,NA,(not associated),-55,2
6A:2E:C7:3D:2F:D5,NA,(not associated),-55,2
6A:31:9F:E3:FD:27,NA,(not associated),-55,2
6A:34:EB:04:48:0F,NA,(not associated),-65,2
6A:3B:25:8A:18:42,NA,(not associated),-41,2
6A:3B:FC:76:FA:10,NA,(not associated),-51,2
6A:41:39:F8:B8:85,NA,(not associated),-39,2
6A:4E:39:9D:AF:A4,NA,(not associated),-45,2
6A:52:D7:1E:0C:93,NA,(not associated),-51,2
6A:56:E3:AC:1B:19,NA,(not associated),-55,2
6A:5A:91:AD:46:14,NA,(not associated),-33,2
6A:5C:2D:DD:AD:1C,NA,(not associated),-37,2
6A:65:1C:C2:38:A5,NA,(not associated),-61,2
6A:65:7D:C5:02:CE,NA,(not associated),-55,2
6A:65:B9:70:B6:34,NA,(not associated),-53,2
6A:67:33:6A:C2:13,NA,(not associated),-67,2
6A:72:57:02:F6:7E,NA,(not associated),-53,2
6A:74:72:34:07:D8,NA,(not associated),-59,2
6A:81:F0:1C:E3:A9,NA,(not associated),-67,2
6A:87:50:43:B7:C1,NA,(not associated),-47,2
6A:88:91:76:8B:E9,NA,(not associated),-31,2
6A:8A:BA:AD:5A:45,NA,(not associated),-63,2
6A:93:43:C7:94:81,NA,(not associated),-71,2
6A:99:D6:55:36:59,NA,(not associated),-55,2
6A:9D:69:D8:54:46,NA,(not associated),-51,2
6A:9F:59:FB:B2:2A,NA,(not associated),-55,2
6A:A9:02:A9:27:18,NA,(not associated),-65,2
6A:B0:02:3A:3E:62,NA,(not associated),-51,2
6A:B1:FF:84:3B:DA,NA,(not associated),-53,2
6A:BC:F4:53:99:1C,NA,(not associated),-67,2
6A:C0:31:08:C7:A8,NA,(not associated),-35,2
6A:C7:B7:E3:F3:71,NA,(not associated),-63,2
6A:C8:72:37:A1:CE,NA,(not associated),-69,2
6A:CC:7F:B5:59:7D,NA,(not associated),-49,2
6A:D8:6A:AB:3D:61,NA,(not associated),-61,2
6A:DF:5A:77:C2:33,NA,(not associated),-33,2
6A:E5:E3:85:BB:40,NA,(not associated),-35,2
6A:ED:6D:52:CD:4A,NA,(not associated),-55,2
6A:ED:DB:35:AA:D8,NA,(not associated),-53,2
6A:FA:0F:94:8D:BA,NA,(not associated),-55,2
6E:03:B6:74:82:21,NA,(not associated),-61,2
6E:03:C6:17:12:F4,NA,(not associated),-53,2
6E:06:27:E8:93:89,NA,(not associated),-61,2
6E:0E:90:A5:68:97,NA,(not associated),-61,2
6E:16:D5:51:8F:13,NA,(not associated),-67,2
6E:19:6C:5D:0D:A8,NA,(not associated),-61,2
6E:29:9F:FA:71:91,NA,(not associated),-43,2
6E:3D:00:8C:9E:8B,NA,(not associated),-53,2
6E:3D:0C:BF:8F:10,NA,(not associated),-49,2
6E:53:45:FE:39:3F,NA,(not associated),-61,2
6E:65:A8:F7:74:7C,NA,(not associated),-47,2
6E:6C:34:CF:84:07,NA,(not associated),-59,2
6E:76:E0:9D:CB:73,NA,(not associated),-41,2
6E:77:22:CB:36:5D,NA,(not associated),-59,2
6E:7C:CA:54:4D:05,NA,(not associated),-47,2
6E:82:5C:D1:42:F0,NA,(not associated),-61,2
6E:85:ED:BF:E6:24,NA,(not associated),-57,2
6E:8D:66:CC:61:D3,NA,(not associated),-49,2
6E:9C:F5:01:11:91,NA,(not associated),-61,2
6E:A1:D0:92:D5:86,NA,(not associated),-37,2
6E:A8:D0:5B:A0:8E,NA,(not associated),-43,2
6E:A9:5C:66:36:5A,NA,(not associated),-39,2
6E:B0:D6:9C:48:B9,NA,(not associated),-67,2
6E:B4:1E:B9:4D:7F,NA,(not associated),-47,2
6E:B4:F8:FD:79:F4,NA,(not associated),-61,2
6E:B6:19:39:C1:DE,NA,(not associated),-45,2
6E:B6:1F:29:64:FB,NA,(not associated),-53,2
6E:B6:42:CB:B2:A2,NA,(not associated),-55,2
6E:BA:6C:F5:BC:74,NA,(not associated),-63,2
6E:BC:7E:6E:11:59,NA,(not associated),-59,2
6E:C7:BD:F2:FD:22,NA,(not associated),-63,2
6E:D3:F7:7E:89:B3,NA,(not associated),-57,2
6E:D8:EC:45:FB:87,NA,(not associated),-51,2
6E:EB:1B:D2:66:2F,NA,(not associated),-67,2
6E:F0:EC:89:18:68,NA,(not associated),-43,2
6E:F2:52:92:C3:CC,NA,(not associated),-59,2
6E:FB:17:08:98:BB,NA,(not associated),-65,2
6E:FD:C4:22:81:90,NA,(not associated),-45,2
70:1A:B8:DF:26:9F,Intel Corporate,(not associated),-71,2
70:1A:B8:FC:DA:23,Intel Corporate,(not associated),-69,2
72:07:C1:CA:A3:BE,NA,(not associated),-59,2
72:0B:4B:27:39:04,NA,(not associated),-49,2
72:13:CB:94:DE:D0,NA,(not associated),-57,2
72:14:04:82:DB:7F,NA,(not associated),-61,2
72:15:2E:9E:C0:F8,NA,(not associated),-63,2
72:16:CA:87:23:84,NA,(not associated),-85,2
72:22:0F:9A:39:E5,NA,(not associated),-63,2
72:23:DB:84:21:55,NA,(not associated),-41,2
72:24:2F:55:3F:CA,NA,(not associated),-67,2
72:27:6E:31:E6:14,NA,(not associated),-69,2
72:2C:08:38:7C:93,NA,(not associated),-57,2
72:2D:E4:C0:F1:67,NA,(not associated),-57,2
72:40:97:C8:36:8B,NA,(not associated),-69,2
72:49:39:28:25:22,NA,(not associated),-49,2
72:50:28:44:A0:CF,NA,(not associated),-47,2
72:50:D8:70:AA:12,NA,(not associated),-55,2
72:51:58:57:75:DC,NA,(not associated),-53,2
72:54:55:62:27:59,NA,(not associated),-65,2
72:55:52:C0:4B:22,NA,(not associated),-61,2
72:67:57:76:8D:DD,NA,(not associated),-63,2
72:67:94:18:E2:F2,NA,(not associated),-47,2
72:6A:93:F7:E7:72,NA,(not associated),-65,2
72:6E:93:46:56:41,NA,(not associated),-57,2
72:73:7E:5F:4A:C2,NA,(not associated),-61,2
72:74:58:A5:6E:1F,NA,(not associated),-45,2
72:77:EC:F1:E9:14,NA,(not associated),-55,2
72:7B:3E:6D:87:3A,NA,(not associated),-43,2
72:7B:81:2D:FB:69,NA,(not associated),-43,2
72:7C:BE:41:57:B0,NA,(not associated),-63,2
72:83:DC:18:89:4B,NA,(not associated),-41,2
72:8C:31:5A:76:76,NA,(not associated),-55,2
72:97:92:F8:B7:52,NA,(not associated),-83,2
72:9C:7E:2A:84:0D,NA,(not associated),-41,2
72:9F:F4:C5:D5:65,NA,(not associated),-57,2
72:A1:E5:B0:63:4E,NA,(not associated),-55,2
72:A9:B0:42:B6:78,NA,(not associated),-55,2
72:AC:A7:08:C6:3C,NA,(not associated),-57,2
72:AE:37:26:7A:7B,NA,(not associated),-67,2
72:AF:CC:73:74:EE,NA,(not associated),-49,2
72:B9:00:A2:69:FB,NA,(not associated),-59,2
72:BF:86:33:24:EF,NA,(not associated),-65,2
72:C8:50:68:3D:06,NA,(not associated),-53,2
72:CC:D1:AB:44:38,NA,(not associated),-47,2
72:D0:B6:AB:BB:F1,NA,(not associated),-67,2
72:D3:7F:A9:05:30,NA,(not associated),-37,2
72:DD:03:04:AD:D6,NA,(not associated),-53,2
72:DF:C0:25:57:FF,NA,(not associated),-59,2
72:E6:24:D3:A0:F0,NA,(not associated),-55,2
72:E7:91:56:F4:0F,NA,(not associated),-47,2
72:F7:B3:6A:A0:4D,NA,(not associated),-65,2
76:02:A9:BB:DF:59,NA,(not associated),-53,2
76:03:22:D7:D2:D0,NA,(not associated),-39,2
76:04:3F:DD:1A:F2,NA,(not associated),-53,2
76:0C:50:5B:E3:FA,NA,(not associated),-69,2
76:1A:DA:84:2A:A1,NA,(not associated),-39,2
76:1F:F7:88:BA:88,NA,(not associated),-65,2
76:2F:4E:1F:D1:6B,NA,(not associated),-43,2
76:33:50:D6:DA:7A,NA,(not associated),-49,2
76:47:FD:D1:58:18,NA,(not associated),-61,2
76:4F:24:7D:A3:60,NA,(not associated),-49,2
76:50:EE:88:6F:30,NA,(not associated),-59,2
76:53:72:B1:B6:2E,NA,(not associated),-51,2
76:59:38:16:70:C3,NA,(not associated),-51,2
76:61:1E:4F:1B:D7,NA,(not associated),-71,2
76:62:9E:38:97:40,NA,(not associated),-49,2
76:66:50:27:DF:9B,NA,(not associated),-57,2
76:71:35:D0:6B:10,NA,(not associated),-53,2
76:74:6B:5C:10:34,NA,(not associated),-57,2
76:78:2E:91:F1:71,NA,(not associated),-55,2
76:7A:96:45:C0:A8,NA,(not associated),-59,2
76:7A:FC:38:84:E2,NA,(not associated),-55,2
76:7F:17:DF:28:36,NA,(not associated),-49,2
76:80:D6:60:43:BD,NA,(not associated),-67,2
76:81:43:44:68:05,NA,(not associated),-53,2
76:87:71:66:FE:AD,NA,(not associated),-59,2
76:A6:5B:4A:68:5C,NA,(not associated),-35,2
76:AC:96:12:8D:40,NA,(not associated),-69,2
76:AC:E2:9E:E7:DE,NA,(not associated),-57,2
76:B3:4B:18:85:78,NA,(not associated),-59,2
76:B6:B5:A5:AE:03,NA,(not associated),-39,2
76:B8:26:8E:7B:49,NA,(not associated),-63,2
76:BA:1B:B1:CB:DB,NA,(not associated),-63,2
76:BD:58:E2:4F:25,NA,(not associated),-47,2
76:C0:F7:4A:88:2B,NA,(not associated),-45,2
76:D3:55:13:DB:CC,NA,00:26:99:BA:75:80,-51,2
76:D3:F2:E1:DF:73,NA,(not associated),-53,2
76:D4:88:3F:68:43,NA,(not associated),-59,2
76:D4:F1:42:B4:7A,NA,(not associated),-61,2
76:DB:DA:6C:B8:A8,NA,(not associated),-51,2
76:EB:80:88:6A:08,NA,E2:37:BF:8F:6A:7B,-83,2
76:EE:0F:61:38:8B,NA,(not associated),-59,2
76:EF:AC:25:AB:DB,NA,(not associated),-51,2
76:F3:13:06:C8:35,NA,(not associated),-43,2
76:F3:9F:67:B5:04,NA,(not associated),-73,2
76:F9:0E:D5:BA:B2,NA,(not associated),-63,2
76:FA:09:DE:14:54,NA,(not associated),-49,2
76:FA:88:78:1B:EC,NA,(not associated),-59,2
76:FE:78:9D:0C:EE,NA,(not associated),-55,2
76:FF:65:2D:D0:4E,NA,(not associated),-35,2
7A:0A:2E:A4:F0:8F,NA,(not associated),-59,2
7A:15:2A:15:B2:E0,NA,(not associated),-61,2
7A:18:17:2C:B8:A4,NA,(not associated),-61,2
7A:18:92:D1:04:A8,NA,(not associated),-53,2
7A:1C:70:9B:E1:9B,NA,(not associated),-57,2
7A:26:57:10:D9:79,NA,(not associated),-39,2
7A:2B:19:1D:99:4D,NA,(not associated),-59,2
7A:33:0E:4E:5E:72,NA,(not associated),-65,2
7A:42:5B:2F:74:65,NA,(not associated),-55,2
7A:44:2E:DA:4B:28,NA,(not associated),-59,2
7A:58:DF:48:2F:96,NA,00:25:00:FF:94:73,-70,2
7A:5C:C2:3E:E9:EF,NA,(not associated),-45,2
7A:62:6F:E2:8D:04,NA,(not associated),-59,2
7A:6B:F5:4F:C8:2F,NA,(not associated),-43,2
7A:7A:B7:36:9C:BD,NA,(not associated),-63,2
7A:7E:34:73:20:33,NA,(not associated),-57,2
7A:7E:71:23:2D:6E,NA,(not associated),-57,2
7A:82:36:5A:4D:D2,NA,(not associated),-61,2
7A:87:40:FB:F4:60,NA,(not associated),-51,2
7A:88:90:46:26:25,NA,(not associated),-65,2
7A:93:DB:5F:51:CA,NA,(not associated),-55,2
7A:99:A8:44:EA:D1,NA,(not associated),-71,2
7A:A9:D2:BC:3B:11,NA,(not associated),-53,2
7A:AD:37:EC:C4:F4,NA,(not associated),-39,2
7A:B2:05:00:40:8A,NA,(not associated),-84,2
7A:B3:AE:6B:0F:81,NA,(not associated),-55,2
7A:B4:F2:34:E0:B0,NA,(not associated),-63,2
7A:B6:8E:19:74:EB,NA,(not associated),-69,2
7A:B9:9D:DF:7A:78,NA,(not associated),-39,2
7A:BC:E1:02:63:0E,NA,(not associated),-53,2
7A:C2:6A:30:07:8D,NA,(not associated),-51,2
7A:C6:34:48:4B:CB,NA,(not associated),-65,2
7A:CA:56:93:02:0C,NA,(not associated),-83,2
7A:E8:B4:39:5C:C3,NA,(not associated),-57,2
7A:E9:E5:3E:15:88,NA,(not associated),-61,2
7A:EC:F9:AB:81:30,NA,(not associated),-53,2
7A:F0:9F:A9:06:43,NA,(not associated),-55,2
7A:F7:62:08:9F:9B,NA,(not associated),-55,2
7A:F8:22:6F:A4:1A,NA,(not associated),-31,2
7A:FF:0F:7B:71:F1,NA,(not associated),-65,2
7E:01:27:26:E6:31,NA,(not associated),-49,2
7E:07:62:5D:65:43,NA,(not associated),-57,2
7E:0A:63:0B:3A:74,NA,(not associated),-59,2
7E:15:42:24:84:25,NA,(not associated),-37,2
7E:27:00:C1:1F:44,NA,(not associated),-51,2
7E:28:7C:F7:49:31,NA,(not associated),-47,2
7E:29:6F:E7:5E:B9,NA,(not associated),-43,2
7E:3F:70:30:B4:E3,NA,(not associated),-47,2
7E:43:ED:51:B6:C4,NA,(not associated),-65,2
7E:4D:DE:17:21:0C,NA,(not associated),-53,2
7E:4F:EB:1E:C9:37,NA,(not associated),-55,2
7E:52:40:5D:EC:16,NA,(not associated),-61,2
7E:52:5C:A3:BC:36,NA,(not associated),-65,2
7E:60:42:70:CA:FF,NA,(not associated),-51,2
7E:62:D9:64:D5:6B,NA,(not associated),-61,2
7E:68:73:3D:0F:4F,NA,(not associated),-63,2
7E:6C:2B:4C:EE:45,NA,(not associated),-45,2
7E:71:FD:8E:1B:73,NA,(not associated),-65,2
7E:73:E5:A2:65:8F,NA,(not associated),-61,2
7E:76:0E:E4:C8:F2,NA,(not associated),-49,2
7E:76:73:59:6E:B2,NA,(not associated),-65,2
7E:7B:B2:20:DE:BA,NA,(not associated),-69,2
7E:7F:16:F0:BF:BE,NA,(not associated),-59,2
7E:7F:8F:85:EF:86,NA,(not associated),-51,2
7E:82:56:49:29:4D,NA,(not associated),-37,2
7E:96:CD:38:D4:0D,NA,(not associated),-59,2
7E:9C:9B:72:7F:FA,NA,(not associated),-37,2
7E:A4:09:24:1F:9D,NA,(not associated),-55,2
7E:A5:94:02:A9:2E,NA,(not associated),-61,2
7E:A9:84:A4:A5:B2,NA,(not associated),-63,2
7E:A9:BC:D6:E5:E3,NA,(not associated),-47,2
7E:AF:9E:0A:D4:3D,NA,(not associated),-55,2
7E:B2:4D:86:88:91,NA,(not associated),-39,2
7E:B6:15:53:1C:12,NA,(not associated),-35,2
7E:BD:06:F7:2E:41,NA,(not associated),-59,2
7E:BF:97:1A:D7:3B,NA,(not associated),-51,2
7E:C8:BB:2E:8F:CC,NA,(not associated),-47,2
7E:D0:6C:A1:1D:50,NA,(not associated),-45,2
7E:D5:73:39:C3:F5,NA,(not associated),-53,2
7E:D6:8E:54:AF:88,NA,(not associated),-57,2
7E:D8:8E:78:EA:A3,NA,(not associated),-41,2
7E:DB:50:D1:EA:40,NA,(not associated),-53,2
7E:E1:B8:D5:CA:61,NA,(not associated),-33,2
7E:E5:36:CA:C9:AB,NA,(not associated),-51,2
7E:EB:46:D8:DB:A7,NA,(not associated),-35,2
7E:EC:AB:AF:29:74,NA,(not associated),-45,2
7E:EC:BA:BE:EA:91,NA,(not associated),-67,2
7E:F1:36:3E:48:BD,NA,(not associated),-61,2
82:05:BF:E5:78:85,NA,(not associated),-53,2
82:06:1C:1A:C2:4F,NA,(not associated),-43,2
82:0E:60:87:39:36,NA,(not associated),-59,2
82:12:5D:33:3A:90,NA,(not associated),-33,2
82:14:74:08:09:CC,NA,(not associated),-45,2
82:16:12:75:71:0F,NA,(not associated),-59,2
82:21:0C:0A:CA:C2,NA,(not associated),-49,2
82:30:2A:AD:49:9D,NA,(not associated),-41,2
82:36:A0:68:CB:0A,NA,(not associated),-51,2
82:37:63:00:41:86,NA,(not associated),-33,2
82:3F:E6:9E:E1:5E,NA,(not associated),-59,2
82:42:43:01:BE:89,NA,(not associated),-65,2
82:43:01:40:A8:B8,NA,(not associated),-53,2
82:43:9D:CE:44:76,NA,(not associated),-57,2
82:44:3D:4D:D9:62,NA,(not associated),-57,2
82:56:9E:99:B8:B1,NA,(not associated),-53,2
82:60:FA:05:6B:A8,NA,(not associated),-63,2
82:62:F2:9E:D7:9D,NA,(not associated),-53,2
82:6A:8B:A7:1B:FE,NA,(not associated),-39,2
82:6C:2B:64:2F:04,NA,(not associated),-79,2
82:6C:68:34:9D:F2,NA,(not associated),-39,2
82:6F:D6:7F:B5:DC,NA,(not associated),-61,2
82:72:89:F4:30:49,NA,(not associated),-65,2
82:77:FA:D5:A4:5F,NA,(not associated),-61,2
82:78:D6:F5:E2:A8,NA,(not associated),-61,2
82:7D:C2:FE:D8:FD,NA,(not associated),-55,2
82:7E:22:84:4E:1C,NA,(not associated),-65,2
82:82:57:03:00:56,NA,(not associated),-29,2
82:86:1C:64:74:B4,NA,(not associated),-43,2
82:8A:4A:0C:FF:47,NA,(not associated),-55,2
82:8F:A2:2C:45:CE,NA,(not associated),-47,2
82:90:A4:13:C2:2B,NA,(not associated),-76,2
82:99:24:1C:5D:59,NA,(not associated),-35,2
82:9F:D5:75:E0:B2,NA,(not associated),-65,2
82:A0:94:2A:95:E8,NA,(not associated),-61,2
82:A2:50:8C:62:76,NA,(not associated),-41,2
82:A4:F2:D9:99:F0,NA,(not associated),-41,2
82:A7:EE:F0:9F:94,NA,(not associated),-41,2
82:B3:EE:5D:64:B4,NA,(not associated),-49,2
82:C0:A8:0E:55:E1,NA,(not associated),-63,2
82:C3:01:E3:1A:5B,NA,(not associated),-63,2
82:C6:49:53:1A:A1,NA,(not associated),-69,2
82:CF:23:C0:E6:15,NA,(not associated),-53,2
82:DA:E0:2F:67:BC,NA,(not associated),-49,2
82:DC:AD:62:8D:92,NA,(not associated),-79,2
82:DD:80:6D:C8:11,NA,(not associated),-61,2
82:DE:53:60:61:32,NA,(not associated),-65,2
82:DF:14:FC:5F:10,NA,(not associated),-57,2
82:E4:A4:0A:55:BF,NA,(not associated),-57,2
82:E5:AA:68:E9:CB,NA,(not associated),-49,2
82:F0:F1:22:BC:8A,NA,(not associated),-53,2
82:F1:49:3F:A7:CB,NA,(not associated),-63,2
82:F7:D1:B6:8B:CE,NA,(not associated),-61,2
82:F9:96:27:09:56,NA,(not associated),-51,2
82:FA:0A:C7:F2:DC,NA,(not associated),-67,2
86:02:3E:C2:0D:6E,NA,(not associated),-47,2
86:02:67:3E:95:CC,NA,(not associated),-51,2
86:08:D5:65:3C:FA,NA,(not associated),-47,2
86:09:B8:3B:43:51,NA,(not associated),-33,2
86:0C:83:87:B9:AA,NA,(not associated),-39,2
86:11:22:E1:47:D4,NA,(not associated),-55,2
86:11:6E:04:1B:62,NA,(not associated),-55,2
86:12:A5:6B:6A:19,NA,(not associated),-57,2
86:23:BB:EE:4B:27,NA,(not associated),-65,2
86:24:D4:AD:B1:9D,NA,(not associated),-65,2
86:27:F9:DD:99:B3,NA,(not associated),-49,2
86:2D:74:1C:B1:9D,NA,(not associated),-47,2
86:2E:DC:77:3C:7A,NA,(not associated),-35,2
86:3A:80:25:23:F8,NA,(not associated),-69,2
86:41:F0:D9:4B:B7,NA,(not associated),-45,2
86:51:DF:70:13:8E,NA,(not associated),-41,2
86:5B:54:32:A2:90,NA,(not associated),-61,2
86:5E:90:25:42:AA,NA,(not associated),-55,2
86:70:54:11:4C:7C,NA,(not associated),-45,2
86:74:6F:1E:4B:55,NA,(not associated),-59,2
86:76:8D:28:19:9F,NA,(not associated),-65,2
86:88:EB:F4:41:8D,NA,(not associated),-37,2
86:8B:4B:F4:02:62,NA,(not associated),-57,2
86:91:2B:CE:DB:4B,NA,(not associated),-37,2
86:9A:E0:86:8F:7C,NA,(not associated),-47,2
86:A1:A8:43:8F:90,NA,(not associated),-61,2
86:A8:9D:2E:7A:B1,NA,(not associated),-57,2
86:A9:8B:38:62:70,NA,(not associated),-53,2
86:AC:6B:25:6F:1F,NA,(not associated),-51,2
86:AE:68:62:24:34,NA,(not associated),-57,2
86:AF:96:C0:88:47,NA,(not associated),-39,2
86:B1:8A:61:E7:AE,NA,(not associated),-39,2
86:B2:0F:8E:C3:AC,NA,(not associated),-57,2
86:B7:3D:23:80:AC,NA,(not associated),-71,2
86:BB:F5:6C:AA:57,NA,(not associated),-55,2
86:BF:80:38:0D:4D,NA,(not associated),-69,2
86:C0:E4:16:19:88,NA,(not associated),-55,2
86:CA:14:35:82:BA,NA,(not associated),-57,2
86:D6:7B:E8:4F:8A,NA,(not associated),-63,2
86:D9:9A:FC:8C:1F,NA,(not associated),-59,2
86:E0:DC:2E:27:81,NA,(not associated),-57,2
86:E8:1B:93:57:57,NA,(not associated),-63,2
86:E8:FF:5B:50:F5,NA,(not associated),-55,2
86:F0:10:3B:4C:C4,NA,(not associated),-45,2
86:F2:B0:FF:A1:09,NA,(not associated),-35,2
86:F5:C4:2B:43:04,NA,(not associated),-71,2
86:F9:A3:42:5D:7D,NA,(not associated),-43,2
86:FA:9E:CC:D6:93,NA,(not associated),-61,2
87:DA:B7:F7:4A:31,NA,(not associated),-67,2
88:28:B3:54:FD:2B,"HUAWEI TECHNOLOGIES CO.,LTD",DC:09:4C:32:34:9B,-67,2
88:BF:E4:63:61:43,"HUAWEI TECHNOLOGIES CO.,LTD",E8:28:C1:DC:C6:B2,-65,2
8A:00:83:DC:B9:08,NA,(not associated),-51,2
8A:07:F0:C4:2D:11,NA,(not associated),-57,2
8A:0B:60:7E:B7:12,NA,(not associated),-41,2
8A:0C:8D:48:89:E6,NA,(not associated),-37,2
8A:0F:6C:62:90:AB,NA,(not associated),-49,2
8A:10:40:0A:1C:C9,NA,(not associated),-47,2
8A:1F:02:FB:26:BA,NA,(not associated),-61,2
8A:25:1F:49:E3:1C,NA,(not associated),-57,2
8A:27:AF:9B:75:B1,NA,(not associated),-67,2
8A:2C:4F:ED:DC:25,NA,(not associated),-61,2
8A:2E:3B:FA:37:D7,NA,(not associated),-51,2
8A:2F:02:E4:B8:74,NA,(not associated),-45,2
8A:43:30:08:AA:C0,NA,(not associated),-55,2
8A:45:77:F9:7F:F4,NA,(not associated),-89,2
8A:49:0D:9A:CE:6C,NA,(not associated),-63,2
8A:50:A6:7C:22:13,NA,(not associated),-73,2
8A:64:1E:E5:7A:FB,NA,(not associated),-57,2
8A:6D:28:1F:C1:32,NA,(not associated),-45,2
8A:83:BB:6A:C2:10,NA,(not associated),-67,2
8A:97:5D:D9:93:27,NA,(not associated),-57,2
8A:97:EC:18:12:C7,NA,(not associated),-53,2
8A:98:98:38:37:7B,NA,(not associated),-53,2
8A:A3:19:FF:5D:2E,NA,(not associated),-63,2
8A:A6:64:F5:DF:3D,NA,(not associated),-59,2
8A:AA:25:BD:C2:23,NA,(not associated),-49,2
8A:AA:99:86:49:57,NA,(not associated),-49,2
8A:AD:56:5A:30:0E,NA,(not associated),-51,2
8A:B3:13:99:DF:C9,NA,(not associated),-43,2
8A:B4:EC:A1:E8:71,NA,(not associated),-45,2
8A:B7:42:B3:21:B9,NA,(not associated),-61,2
8A:BC:6D:AF:88:26,NA,(not associated),-57,2
8A:BD:71:6A:60:D9,NA,(not associated),-59,2
8A:C0:E2:03:D5:FB,NA,(not associated),-57,2
8A:C2:6A:21:39:96,NA,(not associated),-53,2
8A:DC:06:17:85:F3,NA,(not associated),-47,2
8A:DE:50:D0:3C:19,NA,(not associated),-51,2
8A:EB:BD:DA:7D:EE,NA,(not associated),-53,2
8A:F3:AF:39:01:E3,NA,(not associated),-43,2
8A:F6:C2:CB:C9:64,NA,(not associated),-51,2
8A:F7:39:45:89:6D,NA,(not associated),-47,2
8A:FF:66:5F:7F:29,NA,(not associated),-67,2
8E:00:64:2A:D1:1C,NA,(not associated),-47,2
8E:0D:76:6D:D7:65,NA,(not associated),-51,2
8E:0D:DB:F0:63:89,NA,(not associated),-49,2
8E:0F:46:25:3D:9D,NA,(not associated),-57,2
8E:13:A4:35:85:54,NA,(not associated),-61,2
8E:14:41:AF:FA:22,NA,(not associated),-49,2
8E:16:21:1B:57:F6,NA,(not associated),-59,2
8E:20:2C:B7:E2:D0,NA,(not associated),-51,2
8E:24:1F:DA:17:A2,NA,(not associated),-59,2
8E:26:9A:E0:F4:08,NA,(not associated),-57,2
8E:2D:62:46:93:04,NA,(not associated),-35,2
8E:38:C3:1C:F3:8D,NA,(not associated),-61,2
8E:42:71:A9:B8:98,NA,(not associated),-61,2
8E:45:51:0A:DB:23,NA,(not associated),-47,2
8E:4C:65:7C:B8:7E,NA,(not associated),-67,2
8E:58:ED:FF:F4:72,NA,(not associated),-79,2
8E:61:2D:32:6B:1A,NA,(not associated),-61,2
8E:63:47:F8:F5:91,NA,(not associated),-51,2
8E:64:FA:2F:C0:F7,NA,(not associated),-47,2
8E:66:14:C2:E2:5A,NA,(not associated),-80,2
8E:6E:30:18:58:E1,NA,(not associated),-51,2
8E:6F:D5:F6:D8:7C,NA,(not associated),-41,2
8E:74:E6:6C:E7:88,NA,(not associated),-39,2
8E:A1:E8:35:10:A2,NA,(not associated),-55,2
8E:A3:BA:30:05:EE,NA,(not associated),-49,2
8E:C9:84:EB:57:18,NA,(not associated),-61,2
8E:D2:11:81:DD:AB,NA,(not associated),-55,2
8E:D2:28:93:67:A2,NA,(not associated),-57,2
8E:D9:81:CB:CC:90,NA,(not associated),-57,2
8E:DF:7F:84:A6:3F,NA,(not associated),-63,2
8E:E4:DD:95:7D:82,NA,(not associated),-57,2
8E:E8:51:70:F4:9A,NA,(not associated),-61,2
8E:E9:A0:AB:31:0E,NA,(not associated),-49,2
8E:F2:0E:5B:80:9D,NA,(not associated),-57,2
8E:F5:ED:BC:C3:A2,NA,(not associated),-51,2
8E:FE:AA:54:50:14,NA,(not associated),-61,2
8E:FF:E3:73:45:05,NA,(not associated),-53,2
92:00:BB:48:35:60,NA,(not associated),-63,2
92:01:BF:B0:E2:AA,NA,(not associated),-55,2
92:07:C1:DB:F8:B0,NA,(not associated),-51,2
92:13:D3:52:EB:CE,NA,(not associated),-63,2
92:19:5E:19:77:7A,NA,(not associated),-51,2
92:19:C6:FE:6D:C3,NA,(not associated),-53,2
92:1B:10:C5:91:74,NA,(not associated),-57,2
92:20:64:54:20:F2,NA,(not associated),-71,2
92:25:0A:22:9A:7E,NA,(not associated),-45,2
92:25:A6:35:ED:A8,NA,(not associated),-47,2
92:2D:38:C2:D9:DD,NA,(not associated),-65,2
92:31:7B:A3:A0:2B,NA,(not associated),-53,2
92:33:78:17:4C:36,NA,(not associated),-47,2
92:36:83:15:76:9E,NA,(not associated),-61,2
92:3A:C4:73:53:08,NA,(not associated),-49,2
92:40:01:1A:FE:11,NA,(not associated),-57,2
92:44:C1:CD:8E:B3,NA,(not associated),-61,2
92:4F:B6:1F:49:76,NA,(not associated),-43,2
92:5D:59:0E:B2:12,NA,(not associated),-53,2
92:69:23:D2:B5:54,NA,(not associated),-55,2
92:69:DF:F3:C7:EF,NA,(not associated),-43,2
92:6A:4E:BE:42:56,NA,(not associated),-81,2
92:70:BB:65:0F:F3,NA,(not associated),-49,2
92:71:68:24:D3:06,NA,(not associated),-41,2
92:76:CF:A9:81:E1,NA,(not associated),-55,2
92:7E:5C:DC:A4:51,NA,(not associated),-55,2
92:81:34:AA:37:9A,NA,(not associated),-41,2
92:81:E0:F3:B2:C9,NA,(not associated),-49,2
92:84:77:78:2A:CE,NA,(not associated),-59,2
92:88:6F:E5:38:3B,NA,(not associated),-49,2
92:88:80:A0:EB:76,NA,(not associated),-65,2
92:8F:84:96:0D:5C,NA,(not associated),-43,2
92:91:1D:DB:39:9A,NA,(not associated),-35,2
92:93:91:9A:D0:87,NA,(not associated),-45,2
92:93:A1:3B:7B:AC,NA,(not associated),-63,2
92:94:64:39:6D:45,NA,(not associated),-65,2
92:A1:7E:BC:21:0C,NA,(not associated),-65,2
92:A3:DB:15:35:61,NA,(not associated),-69,2
92:AE:32:B7:EF:B3,NA,(not associated),-57,2
92:BC:42:72:F7:6B,NA,(not associated),-67,2
92:BF:3C:5F:1B:8C,NA,(not associated),-51,2
92:C1:BC:AC:DF:F7,NA,(not associated),-51,2
92:CA:1E:13:08:8F,NA,(not associated),-61,2
92:D1:9F:D6:DF:19,NA,(not associated),-75,2
92:D2:D4:49:EC:5D,NA,(not associated),-45,2
92:D3:0D:06:B1:3A,NA,(not associated),-61,2
92:D5:13:B2:38:72,NA,(not associated),-61,2
92:DD:14:67:AC:20,NA,(not associated),-55,2
92:F9:E9:0B:82:8B,NA,(not associated),-53,2
92:FE:62:6D:01:DC,NA,(not associated),-47,2
96:02:DC:23:36:23,NA,(not associated),-35,2
96:05:74:A4:05:CE,NA,(not associated),-49,2
96:09:EB:BF:4F:5A,NA,(not associated),-61,2
96:13:6E:FF:C7:F9,NA,(not associated),-41,2
96:15:7E:CA:70:E6,NA,(not associated),-57,2
96:15:8B:F0:C0:DF,NA,(not associated),-35,2
96:17:00:C6:E7:CA,NA,(not associated),-69,2
96:1F:3A:5A:F3:96,NA,(not associated),-55,2
96:20:34:A5:A2:99,NA,(not associated),-57,2
96:22:DF:A6:80:D7,NA,(not associated),-69,2
96:24:74:84:61:F5,NA,(not associated),-43,2
96:25:E1:B7:E6:70,NA,(not associated),-63,2
96:2E:B0:C7:91:DE,NA,(not associated),-67,2
96:37:46:CA:B5:B2,NA,(not associated),-39,2
96:3E:4A:C0:C7:D2,NA,(not associated),-37,2
96:43:B7:21:B4:82,NA,(not associated),-39,2
96:45:11:27:47:70,NA,(not associated),-53,2
96:45:BB:5A:C8:53,NA,(not associated),-37,2
96:47:48:54:55:3C,NA,(not associated),-61,2
96:48:E8:E3:77:81,NA,(not associated),-55,2
96:4A:16:D1:28:FE,NA,(not associated),-67,2
96:4B:FB:9A:3B:A9,NA,(not associated),-55,2
96:50:1D:8C:0B:36,NA,(not associated),-63,2
96:50:DB:29:B6:7E,NA,(not associated),-31,2
96:50:F1:C9:50:DC,NA,(not associated),-47,2
96:52:44:0C:7F:DB,NA,(not associated),-59,2
96:63:3D:C6:79:1B,NA,(not associated),-53,2
96:68:9F:99:8F:E4,NA,(not associated),-35,2
96:79:29:24:61:69,NA,(not associated),-43,2
96:7A:63:5F:1B:95,NA,(not associated),-55,2
96:7B:6E:EE:E7:09,NA,(not associated),-43,2
96:88:AA:55:3B:EC,NA,(not associated),-67,2
96:89:0E:13:6E:02,NA,(not associated),-45,2
96:89:BD:54:12:AE,NA,(not associated),-63,2
96:8D:2D:E2:B6:56,NA,(not associated),-51,2
96:B1:B2:24:DE:30,NA,(not associated),-31,2
96:B6:44:25:59:37,NA,(not associated),-47,2
96:C0:45:FE:E5:09,NA,(not associated),-35,2
96:C4:2C:B2:83:1A,NA,(not associated),-57,2
96:CA:31:8F:99:9D,NA,(not associated),-63,2
96:CF:42:D3:E7:53,NA,(not associated),-51,2
96:D2:C3:C0:FA:1B,NA,E8:28:C1:DE:74:32,-1,2
96:D5:3A:48:6E:87,NA,(not associated),-51,2
96:D6:3C:E2:21:A0,NA,(not associated),-57,2
96:D6:B3:C5:FE:5A,NA,(not associated),-53,2
96:DC:45:B4:31:17,NA,(not associated),-45,2
96:DE:03:92:2D:5B,NA,(not associated),-53,2
96:E4:45:F8:F8:0E,NA,(not associated),-63,2
96:F2:9E:F2:6A:23,NA,(not associated),-39,2
96:F8:F7:13:9D:91,NA,(not associated),-55,2
96:FE:83:25:A6:01,NA,(not associated),-63,2
9A:0F:63:F2:FA:48,NA,(not associated),-51,2
9A:21:A4:ED:C8:C3,NA,(not associated),-61,2
9A:25:04:8C:33:CF,NA,(not associated),-63,2
9A:38:1B:56:15:A1,NA,(not associated),-55,2
9A:38:77:0A:BF:68,NA,(not associated),-37,2
9A:38:CE:2B:79:2D,NA,(not associated),-59,2
9A:39:DA:3D:A0:A2,NA,(not associated),-47,2
9A:47:04:CB:72:BA,NA,(not associated),-63,2
9A:47:3A:99:EC:E9,NA,(not associated),-63,2
9A:5B:42:41:62:5B,NA,(not associated),-55,2
9A:5D:AF:C2:71:53,NA,(not associated),-51,2
9A:74:A3:92:F3:80,NA,(not associated),-67,2
9A:7D:3D:2B:64:25,NA,(not associated),-39,2
9A:83:32:96:98:81,NA,(not associated),-47,2
9A:83:73:F6:9B:09,NA,(not associated),-51,2
9A:8B:F6:5D:62:14,NA,(not associated),-41,2
9A:9B:77:FF:17:12,NA,(not associated),-45,2
9A:9E:95:B5:0D:39,NA,(not associated),-49,2
9A:A7:F7:D3:3F:3F,NA,(not associated),-67,2
9A:B9:CC:20:F3:5C,NA,(not associated),-63,2
9A:BF:49:FB:16:69,NA,(not associated),-65,2
9A:C5:50:FE:DD:4A,NA,(not associated),-55,2
9A:CA:B4:86:1C:4B,NA,(not associated),-72,2
9A:D7:90:8D:10:BA,NA,(not associated),-47,2
9A:DE:10:79:14:E0,NA,(not associated),-61,2
9A:E0:47:AC:48:85,NA,(not associated),-55,2
9A:E2:05:79:FC:74,NA,(not associated),-39,2
9A:EC:29:4E:28:5F,NA,(not associated),-45,2
9A:ED:0C:DB:D6:02,NA,(not associated),-55,2
9A:EF:A8:89:32:A7,NA,(not associated),-59,2
9A:FC:30:B9:0C:60,NA,(not associated),-57,2
9A:FC:AC:2B:40:95,NA,(not associated),-65,2
9C:A3:A9:DB:7E:01,"Guangzhou Juan Optical and Electronical Tech Joint Stock Co., Ltd",08:3A:2F:56:35:FE,-86,2
9E:10:A0:A7:D3:39,NA,(not associated),-75,2
9E:11:5D:10:84:75,NA,(not associated),-55,2
9E:16:A6:63:5F:99,NA,(not associated),-67,2
9E:1B:3A:87:5A:D7,NA,(not associated),-59,2
9E:1D:08:7C:8C:D0,NA,(not associated),-53,2
9E:22:48:A5:40:FB,NA,(not associated),-63,2
9E:27:6F:8A:A9:EF,NA,(not associated),-61,2
9E:2C:69:8E:A3:D2,NA,(not associated),-49,2
9E:2D:0B:FF:7C:12,NA,(not associated),-59,2
9E:30:C4:1D:92:C1,NA,(not associated),-61,2
9E:31:31:BD:85:CE,NA,(not associated),-55,2
9E:33:E1:B5:2D:69,NA,(not associated),-69,2
9E:3C:F2:7F:70:1C,NA,(not associated),-61,2
9E:41:92:3C:00:69,NA,(not associated),-63,2
9E:48:3E:68:EB:85,NA,(not associated),-51,2
9E:48:BC:35:5F:79,NA,(not associated),-59,2
9E:49:BF:82:C8:2E,NA,(not associated),-49,2
9E:4F:61:31:99:3C,NA,(not associated),-45,2
9E:5E:53:4D:36:1D,NA,(not associated),-69,2
9E:69:56:C5:81:D1,NA,(not associated),-43,2
9E:76:0D:97:32:05,NA,(not associated),-55,2
9E:78:0C:13:3C:1C,NA,(not associated),-76,2
9E:8E:A6:5B:70:48,NA,(not associated),-39,2
9E:90:6A:52:20:19,NA,(not associated),-59,2
9E:90:9A:FE:16:6B,NA,(not associated),-65,2
9E:9B:1B:24:6C:91,NA,(not associated),-55,2
9E:9D:89:7F:A0:3E,NA,(not associated),-37,2
9E:A0:BD:E5:71:68,NA,(not associated),-53,2
9E:A4:AD:9F:86:8C,NA,(not associated),-45,2
9E:A6:DB:91:4B:34,NA,(not associated),-51,2
9E:B0:D3:64:15:97,NA,(not associated),-39,2
9E:B2:0D:31:3A:30,NA,(not associated),-69,2
9E:B3:47:9E:A6:3E,NA,(not associated),-69,2
9E:BC:3E:E5:45:63,NA,(not associated),-53,2
9E:C0:60:17:10:6E,NA,(not associated),-31,2
9E:C4:51:C4:06:5B,NA,(not associated),-69,2
9E:C6:06:90:FA:C9,NA,(not associated),-55,2
9E:C6:88:56:F4:3E,NA,(not associated),-45,2
9E:CE:99:70:2B:F2,NA,(not associated),-51,2
9E:D6:E6:6A:33:9A,NA,(not associated),-53,2
9E:E0:2B:B7:31:3C,NA,(not associated),-49,2
9E:E6:2F:66:4B:CB,NA,(not associated),-53,2
9E:EC:FD:58:80:92,NA,(not associated),-65,2
9E:F1:DA:41:F2:55,NA,(not associated),-39,2
9E:F8:60:99:7E:BB,NA,(not associated),-63,2
9E:F9:3C:20:55:C2,NA,(not associated),-65,2
9E:FB:A8:92:64:72,NA,(not associated),-55,2
9E:FD:88:71:70:59,NA,(not associated),-57,2
A2:06:EC:58:EB:FE,NA,(not associated),-63,2
A2:08:3A:C5:9C:D6,NA,(not associated),-65,2
A2:13:03:81:0E:40,NA,(not associated),-55,2
A2:13:A8:2B:0B:20,NA,(not associated),-61,2
A2:28:0E:D8:0F:E9,NA,(not associated),-55,2
A2:37:75:17:63:EC,NA,(not associated),-59,2
A2:38:73:90:52:FA,NA,(not associated),-61,2
A2:3B:56:86:35:1A,NA,(not associated),-67,2
A2:3D:77:44:12:82,NA,(not associated),-63,2
A2:41:EA:98:B8:7D,NA,(not associated),-49,2
A2:53:99:65:78:17,NA,(not associated),-77,2
A2:57:01:B6:C9:7D,NA,(not associated),-57,2
A2:5A:53:24:FC:5F,NA,(not associated),-37,2
A2:5E:8C:90:71:DC,NA,(not associated),-63,2
A2:7A:54:F7:A1:19,NA,(not associated),-57,2
A2:80:B7:A8:08:22,NA,(not associated),-61,2
A2:84:9D:12:FC:30,NA,(not associated),-51,2
A2:88:08:2A:51:F3,NA,(not associated),-57,2
A2:89:48:BA:D6:AD,NA,(not associated),-57,2
A2:8D:27:06:4A:48,NA,(not associated),-57,2
A2:91:21:55:35:E9,NA,(not associated),-39,2
A2:96:D1:97:2D:8F,NA,(not associated),-45,2
A2:9B:34:7C:2F:BF,NA,(not associated),-55,2
A2:9D:33:5B:1E:A8,NA,(not associated),-73,2
A2:9F:40:B1:77:FD,NA,(not associated),-49,2
A2:AA:08:5E:EE:6D,NA,(not associated),-45,2
A2:AD:10:17:75:B8,NA,(not associated),-55,2
A2:AF:02:4F:18:47,NA,(not associated),-57,2
A2:B2:78:A2:EA:CB,NA,(not associated),-53,2
A2:BE:47:B3:33:8C,NA,(not associated),-61,2
A2:BF:48:44:A6:B3,NA,(not associated),-59,2
A2:C4:2B:06:1F:9B,NA,(not associated),-33,2
A2:C5:DD:FE:EC:26,NA,(not associated),-61,2
A2:CE:1E:7D:E8:22,NA,(not associated),-53,2
A2:CF:10:41:71:88,NA,(not associated),-43,2
A2:D5:98:EF:90:F6,NA,(not associated),-47,2
A2:DD:81:B7:85:C7,NA,(not associated),-57,2
A2:E0:29:5E:2F:7E,NA,(not associated),-39,2
A2:E3:3D:EE:64:0B,NA,(not associated),-57,2
A2:EC:5F:21:2D:56,NA,(not associated),-35,2
A2:EF:93:D6:84:56,NA,(not associated),-61,2
A2:F5:05:05:4E:01,NA,(not associated),-53,2
A2:F8:1C:B7:B7:DF,NA,(not associated),-39,2
A2:FD:E8:B2:10:EE,NA,(not associated),-63,2
A6:03:F1:EE:53:AB,NA,(not associated),-69,2
A6:05:A9:A6:86:C8,NA,(not associated),-65,2
A6:17:30:61:E4:9D,NA,(not associated),-61,2
A6:19:B4:B8:88:31,NA,(not associated),-65,2
A6:29:12:A7:C6:CA,NA,(not associated),-65,2
A6:29:7F:5F:01:36,NA,(not associated),-63,2
A6:2C:DD:53:3A:4D,NA,(not associated),-57,2
A6:3D:32:12:0D:2D,NA,(not associated),-55,2
A6:3F:11:4A:7B:EB,NA,(not associated),-41,2
A6:59:E5:44:C9:31,NA,(not associated),-61,2
A6:5A:50:4C:CD:AD,NA,(not associated),-39,2
A6:5A:D1:73:0A:E2,NA,(not associated),-59,2
A6:5B:0D:0A:64:46,NA,(not associated),-55,2
A6:65:54:B7:F8:D9,NA,(not associated),-65,2
A6:65:63:64:DE:F2,NA,(not associated),-75,2
A6:6E:35:92:B6:C6,NA,(not associated),-63,2
A6:6E:C4:89:10:97,NA,(not associated),-61,2
A6:72:09:78:55:BC,NA,(not associated),-79,2
A6:74:BE:58:4A:5D,NA,(not associated),-65,2
A6:7C:17:68:23:AE,NA,(not associated),-43,2
A6:7F:06:86:4A:55,NA,(not associated),-51,2
A6:83:03:B0:B1:D7,NA,(not associated),-63,2
A6:85:5F:D1:C4:B2,NA,(not associated),-49,2
A6:8B:63:83:F1:4A,NA,(not associated),-63,2
A6:93:5C:15:9B:6D,NA,(not associated),-59,2
A6:94:89:F9:5B:13,NA,(not associated),-61,2
A6:A0:B7:B4:1E:8E,NA,(not associated),-43,2
A6:A2:92:69:2E:AD,NA,(not associated),-49,2
A6:A9:A2:9E:C2:A2,NA,(not associated),-39,2
A6:B3:F9:62:12:52,NA,(not associated),-37,2
A6:B5:8F:34:3C:C8,NA,(not associated),-39,2
A6:BA:3C:8B:FA:BC,NA,(not associated),-51,2
A6:BF:5D:C0:D9:5A,NA,(not associated),-67,2
A6:C0:4A:FE:56:76,NA,(not associated),-61,2
A6:C5:44:01:88:AE,NA,(not associated),-41,2
A6:CB:29:D6:E8:96,NA,(not associated),-67,2
A6:CC:64:15:61:41,NA,(not associated),-59,2
A6:D4:78:A4:0A:AC,NA,(not associated),-61,2
A6:D5:7A:3D:7B:8E,NA,(not associated),-39,2
A6:E0:97:8A:AC:CC,NA,(not associated),-43,2
A6:E0:DC:B4:51:43,NA,(not associated),-69,2
A6:F0:11:5B:F3:6D,NA,(not associated),-61,2
A6:FC:62:66:86:63,NA,(not associated),-59,2
AA:11:CD:19:38:1D,NA,(not associated),-57,2
AA:16:B2:E3:EB:72,NA,(not associated),-53,2
AA:1B:BD:79:B0:4E,NA,(not associated),-63,2
AA:25:C3:64:87:90,NA,(not associated),-55,2
AA:36:5E:71:52:C3,NA,(not associated),-55,2
AA:45:6E:F1:41:CF,NA,(not associated),-61,2
AA:56:D1:45:1F:36,NA,(not associated),-61,2
AA:58:54:46:22:AF,NA,(not associated),-31,2
AA:59:C8:6F:F3:2C,NA,(not associated),-87,2
AA:5B:92:9E:2D:16,NA,(not associated),-65,2
AA:62:4A:63:39:07,NA,(not associated),-55,2
AA:62:57:DD:73:48,NA,(not associated),-61,2
AA:66:53:4C:A1:AF,NA,(not associated),-69,2
AA:6A:3D:96:A6:DA,NA,(not associated),-59,2
AA:71:5F:B5:7A:D4,NA,(not associated),-53,2
AA:75:BD:A0:55:3D,NA,(not associated),-39,2
AA:7A:A5:03:C9:1B,NA,(not associated),-69,2
AA:7F:EC:5A:A1:46,NA,(not associated),-47,2
AA:82:44:00:EC:CA,NA,(not associated),-37,2
AA:98:B7:0D:80:00,NA,(not associated),-31,2
AA:99:A2:D6:93:2F,NA,(not associated),-57,2
AA:9C:5E:AF:56:F3,NA,(not associated),-67,2
AA:A0:E3:FF:96:66,NA,(not associated),-63,2
AA:A5:DE:FC:B1:F0,NA,(not associated),-65,2
AA:AC:92:63:07:BD,NA,(not associated),-43,2
AA:C4:28:31:19:EF,NA,(not associated),-39,2
AA:D3:E4:44:AF:C1,NA,(not associated),-41,2
AA:DF:2A:AC:22:FD,NA,(not associated),-37,2
AA:E0:B2:45:19:2C,NA,(not associated),-39,2
AA:E1:E0:E0:ED:21,NA,(not associated),-67,2
AA:E4:85:72:5D:8F,NA,(not associated),-39,2
AA:F5:D2:EB:20:3C,NA,(not associated),-61,2
AE:02:EB:59:20:D4,NA,(not associated),-35,2
AE:05:19:40:8F:B4,NA,(not associated),-53,2
AE:06:95:BE:2A:F2,NA,(not associated),-69,2
AE:0D:96:96:65:8F,NA,(not associated),-63,2
AE:12:D6:2E:7A:10,NA,(not associated),-39,2
AE:17:CF:37:37:0D,NA,(not associated),-65,2
AE:17:EE:D8:11:C3,NA,(not associated),-41,2
AE:28:E9:03:69:12,NA,(not associated),-59,2
AE:33:CF:84:F5:87,NA,00:25:00:FF:94:73,-73,2
AE:34:07:79:BC:DC,NA,(not associated),-41,2
AE:35:AE:15:4A:CC,NA,(not associated),-51,2
AE:39:78:4F:48:C8,NA,(not associated),-43,2
AE:3E:B3:2F:F2:C0,NA,(not associated),-55,2
AE:44:81:A2:38:C3,NA,(not associated),-45,2
AE:4E:93:A5:41:56,NA,(not associated),-49,2
AE:52:5B:E0:8D:D4,NA,(not associated),-59,2
AE:61:6D:1D:E5:B3,NA,(not associated),-69,2
AE:88:8D:10:58:3A,NA,(not associated),-51,2
AE:8E:99:65:AB:5B,NA,(not associated),-51,2
AE:8F:A9:9A:E6:38,NA,(not associated),-43,2
AE:91:6D:AA:4A:92,NA,(not associated),-61,2
AE:93:65:DA:A4:AC,NA,(not associated),-51,2
AE:95:42:CB:2D:36,NA,(not associated),-59,2
AE:9F:0A:32:9A:8A,NA,(not associated),-67,2
AE:A1:90:3C:7D:60,NA,(not associated),-47,2
AE:A8:33:9B:55:71,NA,(not associated),-70,2
AE:AA:5B:4C:7B:52,NA,(not associated),-53,2
AE:CB:B2:57:FB:C6,NA,(not associated),-45,2
AE:D6:02:82:8E:A6,NA,(not associated),-61,2
AE:DE:AE:DE:87:AF,NA,(not associated),-69,2
AE:DF:63:2F:6D:2B,NA,(not associated),-61,2
AE:E6:B5:76:3F:61,NA,(not associated),-57,2
AE:E8:17:84:E8:63,NA,(not associated),-57,2
AE:EF:85:01:68:11,NA,(not associated),-53,2
B2:0F:91:AE:FB:06,NA,(not associated),-73,2
B2:12:ED:ED:FC:34,NA,(not associated),-47,2
B2:17:00:E1:97:14,NA,(not associated),-39,2
B2:19:AA:E0:93:81,NA,(not associated),-53,2
B2:1D:55:53:A7:A5,NA,(not associated),-53,2
B2:1F:79:69:C1:C6,NA,(not associated),-55,2
B2:22:E5:39:60:EA,NA,(not associated),-63,2
B2:24:7D:7B:D2:00,NA,(not associated),-51,2
B2:2D:80:9A:1A:39,NA,(not associated),-53,2
B2:34:4D:20:67:35,NA,(not associated),-67,2
B2:3B:03:F8:0D:2E,NA,(not associated),-79,2
B2:3C:F8:49:61:85,NA,(not associated),-59,2
B2:41:0B:94:83:42,NA,(not associated),-63,2
B2:41:20:CB:9D:20,NA,(not associated),-51,2
B2:41:DD:FB:8E:C1,NA,(not associated),-59,2
B2:43:9C:39:26:C9,NA,(not associated),-43,2
B2:4B:D9:59:6E:51,NA,(not associated),-51,2
B2:51:7D:A7:25:29,NA,(not associated),-53,2
B2:52:8B:7C:B9:FD,NA,(not associated),-45,2
B2:53:B5:32:06:16,NA,(not associated),-63,2
B2:55:C4:EE:E0:A7,NA,(not associated),-41,2
B2:61:55:A4:F5:9E,NA,(not associated),-41,2
B2:67:22:0C:49:D7,NA,(not associated),-61,2
B2:6A:37:E7:11:D2,NA,(not associated),-51,2
B2:6B:7B:D4:A8:1B,NA,(not associated),-43,2
B2:7A:F2:EA:89:DD,NA,(not associated),-43,2
B2:7B:D1:F4:5E:81,NA,(not associated),-53,2
B2:7E:68:FA:B9:0D,NA,(not associated),-55,2
B2:88:CA:FC:E2:84,NA,(not associated),-63,2
B2:94:0D:5B:86:25,NA,(not associated),-51,2
B2:98:EE:FC:1F:30,NA,(not associated),-51,2
B2:A0:AC:23:55:94,NA,(not associated),-39,2
B2:A3:88:E5:7F:93,NA,(not associated),-63,2
B2:AD:D0:D9:CA:47,NA,(not associated),-59,2
B2:B1:1D:34:9E:C3,NA,(not associated),-37,2
B2:BB:F9:0B:49:73,NA,(not associated),-59,2
B2:BC:22:8B:83:10,NA,(not associated),-51,2
B2:C2:46:B4:14:08,NA,(not associated),-57,2
B2:CC:56:1F:71:10,NA,(not associated),-63,2
B2:CC:74:58:46:FE,NA,(not associated),-65,2
B2:D8:85:9D:15:75,NA,(not associated),-45,2
B2:E0:53:E4:68:27,NA,(not associated),-57,2
B2:EC:DA:DF:72:0C,NA,(not associated),-57,2
B2:F2:2D:1A:7E:0C,NA,(not associated),-57,2
B2:FA:EF:5A:F9:C1,NA,(not associated),-67,2
B2:FC:58:BE:8E:E3,NA,(not associated),-43,2
B2:FF:7C:09:54:D9,NA,(not associated),-51,2
B6:05:EB:1F:E3:66,NA,(not associated),-69,2
B6:10:DC:EF:70:6A,NA,(not associated),-65,2
B6:12:41:43:A6:F4,NA,(not associated),-45,2
B6:17:7F:19:D7:B1,NA,(not associated),-59,2
B6:1B:57:06:7C:6C,NA,(not associated),-39,2
B6:29:1E:3B:BE:99,NA,(not associated),-57,2
B6:29:AD:E8:A8:A8,NA,(not associated),-57,2
B6:45:98:67:3A:B1,NA,(not associated),-61,2
B6:48:18:21:7B:A7,NA,(not associated),-45,2
B6:48:F2:15:6B:08,NA,(not associated),-39,2
B6:4A:F7:96:F8:D1,NA,(not associated),-43,2
B6:51:86:E9:71:52,NA,(not associated),-45,2
B6:51:95:86:AA:0D,NA,(not associated),-49,2
B6:57:6C:BE:25:B7,NA,(not associated),-55,2
B6:66:3F:1B:B5:99,NA,(not associated),-43,2
B6:68:9F:FF:CB:38,NA,(not associated),-53,2
B6:70:2C:91:B0:37,NA,(not associated),-45,2
B6:74:05:0F:60:40,NA,(not associated),-53,2
B6:7B:F3:B0:25:90,NA,(not associated),-45,2
B6:7E:D0:5D:33:77,NA,(not associated),-55,2
B6:82:98:23:8A:DE,NA,(not associated),-67,2
B6:83:66:7A:B3:F1,NA,(not associated),-63,2
B6:8E:4B:28:98:8D,NA,(not associated),-59,2
B6:95:44:44:B8:AE,NA,(not associated),-67,2
B6:9E:AB:E5:D3:D1,NA,(not associated),-51,2
B6:9F:96:82:48:31,NA,(not associated),-59,2
B6:A8:B2:D6:8D:07,NA,(not associated),-57,2
B6:AE:51:78:91:51,NA,(not associated),-55,2
B6:B4:61:EA:6E:D2,NA,(not associated),-69,2
B6:B6:49:94:FC:16,NA,(not associated),-61,2
B6:B9:EC:C0:0F:2F,NA,(not associated),-41,2
B6:BA:2D:EA:64:36,NA,(not associated),-67,2
B6:CE:F2:A6:2A:99,NA,(not associated),-41,2
B6:CF:01:DA:35:20,NA,(not associated),-55,2
B6:D1:1B:3B:38:08,NA,(not associated),-61,2
B6:D1:43:FD:F8:99,NA,(not associated),-59,2
B6:EB:86:C4:1D:62,NA,(not associated),-49,2
B6:F6:36:1D:D0:07,NA,(not associated),-63,2
B6:FB:D2:AA:11:3C,NA,(not associated),-49,2
B6:FB:FE:DE:99:55,NA,(not associated),-67,2
BA:03:2C:28:3E:2F,NA,(not associated),-53,2
BA:04:AA:78:62:61,NA,(not associated),-61,2
BA:05:9B:E0:A1:E8,NA,(not associated),-55,2
BA:0C:EC:6D:39:A2,NA,(not associated),-55,2
BA:0C:FA:7F:78:15,NA,(not associated),-39,2
BA:0F:0D:7D:A0:3E,NA,(not associated),-55,2
BA:17:58:70:78:55,NA,(not associated),-65,2
BA:17:BE:D2:94:E5,NA,(not associated),-47,2
BA:1B:61:A5:2B:B9,NA,(not associated),-67,2
BA:1E:DA:B2:2E:57,NA,(not associated),-65,2
BA:25:7F:41:C0:E8,NA,(not associated),-51,2
BA:2B:CE:7D:F1:C4,NA,(not associated),-65,2
BA:2C:03:7E:7E:4F,NA,(not associated),-76,2
BA:2E:03:0B:18:3E,NA,(not associated),-65,2
BA:30:A1:6E:ED:0A,NA,(not associated),-47,2
BA:37:86:D0:2B:0E,NA,(not associated),-55,2
BA:3D:5F:45:8D:1A,NA,(not associated),-55,2
BA:3F:73:9B:10:E6,NA,(not associated),-57,2
BA:42:5A:FA:8B:31,NA,(not associated),-49,2
BA:4A:7C:A4:53:B5,NA,(not associated),-51,2
BA:51:2C:24:C9:F1,NA,(not associated),-63,2
BA:51:B3:A8:D5:31,NA,(not associated),-53,2
BA:56:5F:46:9B:42,NA,(not associated),-35,2
BA:5C:D6:12:C5:85,NA,(not associated),-63,2
BA:5D:BD:A3:AC:97,NA,(not associated),-53,2
BA:60:91:2C:F5:3A,NA,(not associated),-49,2
BA:66:E8:F8:8A:41,NA,(not associated),-59,2
BA:68:65:1F:7F:11,NA,(not associated),-55,2
BA:69:BC:AF:83:AD,NA,(not associated),-59,2
BA:72:45:3F:13:CA,NA,(not associated),-63,2
BA:75:9C:E6:FC:E0,NA,(not associated),-61,2
BA:77:B9:24:3C:D4,NA,(not associated),-53,2
BA:78:8C:E6:74:AF,NA,(not associated),-43,2
BA:7B:B2:2F:6A:02,NA,(not associated),-35,2
BA:7C:25:51:FA:49,NA,(not associated),-61,2
BA:7C:32:24:A0:DE,NA,(not associated),-57,2
BA:85:94:C0:8F:3A,NA,(not associated),-37,2
BA:8C:8B:D3:9C:42,NA,(not associated),-87,2
BA:90:02:73:97:D4,NA,(not associated),-82,2
BA:93:A3:1F:9F:16,NA,(not associated),-43,2
BA:9C:F8:F6:9C:2D,NA,(not associated),-55,2
BA:9E:F3:93:95:22,NA,(not associated),-53,2
BA:A7:77:C9:F3:86,NA,(not associated),-51,2
BA:AA:38:DA:CD:DA,NA,(not associated),-39,2
BA:AA:B5:13:43:ED,NA,(not associated),-49,2
BA:AE:68:72:88:D6,NA,(not associated),-35,2
BA:B1:3E:75:18:7F,NA,(not associated),-39,2
BA:B3:69:65:F9:4E,NA,(not associated),-53,2
BA:C3:73:F9:9D:6F,NA,(not associated),-55,2
BA:C5:61:19:55:73,NA,(not associated),-51,2
BA:D0:49:02:FE:F9,NA,(not associated),-33,2
BA:D2:A5:05:27:A6,NA,(not associated),-39,2
BA:D3:BC:09:2B:91,NA,(not associated),-67,2
BA:D4:00:ED:6F:EC,NA,(not associated),-63,2
BA:E3:95:E6:00:A3,NA,(not associated),-57,2
BA:E6:6D:E0:94:E3,NA,(not associated),-47,2
BA:E8:D6:82:4E:70,NA,(not associated),-57,2
BA:E9:D7:95:79:C8,NA,(not associated),-59,2
BA:EC:95:9F:63:6E,NA,(not associated),-39,2
BA:ED:F5:93:87:50,NA,(not associated),-65,2
BA:F0:3C:73:04:3B,NA,(not associated),-61,2
BA:F8:1B:9C:FF:2D,NA,(not associated),-65,2
BA:FE:72:D7:79:69,NA,(not associated),-45,2
BA:FF:9C:D9:6D:7C,NA,(not associated),-57,2
BE:0A:E4:07:8E:6C,NA,(not associated),-37,2
BE:0C:AA:AF:12:39,NA,(not associated),-77,2
BE:0E:83:DE:99:56,NA,(not associated),-51,2
BE:11:32:E6:97:7E,NA,(not associated),-61,2
BE:1B:26:2D:99:04,NA,(not associated),-53,2
BE:32:40:D8:DE:F0,NA,(not associated),-41,2
BE:37:95:5C:A4:DF,NA,(not associated),-67,2
BE:3E:6F:11:18:8C,NA,(not associated),-55,2
BE:5A:72:22:C5:D5,NA,(not associated),-49,2
BE:60:3C:97:12:C1,NA,(not associated),-55,2
BE:64:2C:BF:6C:E4,NA,(not associated),-63,2
BE:69:4B:8F:E5:01,NA,(not associated),-51,2
BE:6B:C9:19:06:15,NA,(not associated),-63,2
BE:6C:1E:70:C0:5A,NA,(not associated),-55,2
BE:6F:4E:CE:2E:F8,NA,(not associated),-35,2
BE:74:A2:25:8D:1C,NA,(not associated),-47,2
BE:75:17:20:A9:0C,NA,(not associated),-59,2
BE:79:E8:D5:80:EC,NA,(not associated),-53,2
BE:81:1D:82:64:7D,NA,(not associated),-57,2
BE:87:1D:56:AF:1E,NA,(not associated),-55,2
BE:8A:F9:B0:DA:D7,NA,(not associated),-39,2
BE:8E:99:0F:A5:52,NA,(not associated),-59,2
BE:9A:75:82:B8:EB,NA,(not associated),-49,2
BE:9A:83:FB:B1:70,NA,(not associated),-61,2
BE:9D:D9:11:0D:4D,NA,(not associated),-57,2
BE:9D:FC:9B:82:48,NA,(not associated),-67,2
BE:A0:61:40:67:63,NA,(not associated),-41,2
BE:B0:4B:74:9D:89,NA,(not associated),-37,2
BE:C9:2A:1F:C3:2A,NA,(not associated),-53,2
BE:D5:AB:6C:9A:82,NA,(not associated),-67,2
BE:E6:86:37:D3:E1,NA,(not associated),-55,2
BE:EB:3B:E1:E9:4D,NA,(not associated),-31,2
BE:EB:BE:9D:91:37,NA,(not associated),-59,2
BE:F3:7D:EF:A5:61,NA,(not associated),-47,2
BE:F5:A7:DB:2F:6C,NA,(not associated),-67,2
BE:FD:B3:B4:C9:5F,NA,(not associated),-51,2
C2:01:1E:AD:81:4C,NA,(not associated),-59,2
C2:03:68:B6:C9:A3,NA,(not associated),-47,2
C2:07:96:B4:3E:FD,NA,(not associated),-55,2
C2:08:25:61:66:E5,NA,(not associated),-35,2
C2:18:18:6A:19:EE,NA,(not associated),-59,2
C2:1C:EE:25:4B:CC,NA,(not associated),-51,2
C2:28:0F:A9:67:86,NA,(not associated),-67,2
C2:2B:DB:6D:51:59,NA,(not associated),-57,2
C2:34:1E:6F:F2:E9,NA,(not associated),-55,2
C2:48:60:FB:5B:43,NA,(not associated),-65,2
C2:48:EF:9C:62:2F,NA,(not associated),-43,2
C2:49:B8:09:11:B9,NA,(not associated),-69,2
C2:4B:04:42:5D:FF,NA,(not associated),-47,2
C2:4C:A4:AD:D0:99,NA,(not associated),-63,2
C2:59:41:4E:58:37,NA,(not associated),-47,2
C2:5C:E5:2A:5D:7B,NA,(not associated),-39,2
C2:5E:4A:AF:59:77,NA,(not associated),-82,2
C2:6E:AA:9E:1A:E7,NA,(not associated),-37,2
C2:85:99:B7:15:AA,NA,(not associated),-55,2
C2:86:BE:F2:9E:AE,NA,(not associated),-51,2
C2:8F:D8:79:FF:89,NA,(not associated),-39,2
C2:8F:F8:BB:7B:B9,NA,(not associated),-67,2
C2:91:24:CA:A4:FB,NA,(not associated),-73,2
C2:92:D2:90:DC:68,NA,(not associated),-43,2
C2:95:00:CF:70:C9,NA,(not associated),-53,2
C2:96:E5:02:2F:61,NA,(not associated),-57,2
C2:9D:AB:FF:87:FD,NA,(not associated),-45,2
C2:9E:3C:59:07:09,NA,(not associated),-31,2
C2:9F:47:67:40:DB,NA,(not associated),-55,2
C2:AF:05:32:DE:22,NA,(not associated),-43,2
C2:C9:7D:09:2C:53,NA,(not associated),-51,2
C2:C9:DB:6C:DE:69,NA,(not associated),-33,2
C2:CF:06:4B:BB:96,NA,(not associated),-45,2
C2:D1:AD:90:FE:D2,NA,(not associated),-55,2
C2:D1:B5:B4:C2:AC,NA,(not associated),-43,2
C2:D2:2A:CB:0B:D8,NA,(not associated),-37,2
C2:DF:82:B2:7A:73,NA,(not associated),-57,2
C2:F4:65:15:F4:25,NA,(not associated),-35,2
C2:F4:77:A9:31:89,NA,(not associated),-53,2
C6:01:3E:C2:2B:9F,NA,(not associated),-55,2
C6:03:F2:59:52:9A,NA,(not associated),-35,2
C6:04:82:2D:7E:26,NA,(not associated),-63,2
C6:15:19:38:F8:0A,NA,(not associated),-67,2
C6:1D:29:62:7E:B3,NA,(not associated),-57,2
C6:22:E8:67:E0:41,NA,(not associated),-39,2
C6:25:AA:21:2D:53,NA,(not associated),-69,2
C6:25:DD:35:54:F4,NA,(not associated),-53,2
C6:28:FF:7E:54:B8,NA,(not associated),-59,2
C6:29:00:B9:CD:50,NA,(not associated),-57,2
C6:2E:69:93:9E:6E,NA,(not associated),-72,2
C6:32:B9:AB:9C:F0,NA,(not associated),-49,2
C6:34:38:1C:FF:F0,NA,(not associated),-69,2
C6:3A:84:B0:E8:E4,NA,(not associated),-63,2
C6:3C:8C:5F:A6:58,NA,(not associated),-53,2
C6:3E:95:3B:B1:A0,NA,(not associated),-55,2
C6:40:C1:AD:72:6B,NA,(not associated),-61,2
C6:4A:14:B7:29:9A,NA,(not associated),-61,2
C6:4E:85:0E:FD:1C,NA,(not associated),-57,2
C6:56:6C:BE:99:87,NA,(not associated),-55,2
C6:61:CD:F9:F6:4B,NA,(not associated),-55,2
C6:62:8A:BD:AA:2D,NA,(not associated),-41,2
C6:7E:94:F8:E7:54,NA,(not associated),-47,2
C6:82:1D:90:AA:C0,NA,(not associated),-41,2
C6:8B:21:1F:8A:52,NA,(not associated),-65,2
C6:94:C6:40:08:40,NA,(not associated),-33,2
C6:95:D4:51:47:7E,NA,(not associated),-61,2
C6:A9:0D:99:6D:19,NA,(not associated),-51,2
C6:B2:29:43:A4:AD,NA,(not associated),-61,2
C6:B3:DC:B2:1D:03,NA,(not associated),-45,2
C6:B6:CB:F5:FE:19,NA,(not associated),-49,2
C6:C2:00:9B:FB:03,NA,(not associated),-65,2
C6:C9:04:D7:27:BD,NA,(not associated),-37,2
C6:CC:6C:61:89:35,NA,(not associated),-65,2
C6:DA:F0:46:83:D2,NA,(not associated),-53,2
C6:DD:1D:C2:76:1F,NA,(not associated),-63,2
C6:DF:29:D4:31:A3,NA,(not associated),-75,2
C6:EB:E6:FC:52:54,NA,(not associated),-57,2
C6:FD:7A:A5:D7:0F,NA,(not associated),-45,2
C6:FE:6D:60:CC:7C,NA,(not associated),-47,2
CA:09:7D:60:57:7C,NA,(not associated),-45,2
CA:12:8D:F7:EC:31,NA,(not associated),-61,2
CA:14:FD:D2:7C:F7,NA,(not associated),-41,2
CA:19:3B:18:CA:1D,NA,(not associated),-59,2
CA:19:AC:95:AB:81,NA,(not associated),-41,2
CA:20:52:29:27:0E,NA,(not associated),-53,2
CA:28:20:9D:A0:90,NA,(not associated),-65,2
CA:29:D7:94:B2:B8,NA,(not associated),-61,2
CA:33:33:DD:7B:A8,NA,(not associated),-49,2
CA:38:F7:43:D8:B0,NA,(not associated),-51,2
CA:3C:ED:C7:78:6B,NA,(not associated),-57,2
CA:3E:87:74:4D:A9,NA,(not associated),-55,2
CA:46:95:CA:FC:DE,NA,(not associated),-49,2
CA:47:41:2B:EA:39,NA,(not associated),-47,2
CA:4E:8F:A3:26:AF,NA,(not associated),-51,2
CA:5B:94:B5:25:E5,NA,(not associated),-57,2
CA:5E:01:A4:44:46,NA,(not associated),-49,2
CA:66:6B:B9:8D:ED,NA,(not associated),-51,2
CA:71:57:F3:FF:B9,NA,(not associated),-45,2
CA:72:D5:03:2D:91,NA,(not associated),-61,2
CA:7B:0B:EE:3B:C2,NA,(not associated),-43,2
CA:7E:2A:B1:B7:79,NA,(not associated),-41,2
CA:85:68:FC:2C:4A,NA,(not associated),-41,2
CA:87:5C:C7:CD:02,NA,(not associated),-69,2
CA:8B:3C:88:1A:C5,NA,(not associated),-57,2
CA:8E:09:B0:7C:4B,NA,(not associated),-35,2
CA:91:41:3A:19:A1,NA,(not associated),-47,2
CA:97:24:CF:BC:8B,NA,(not associated),-53,2
CA:98:47:36:85:CB,NA,(not associated),-37,2
CA:9F:F9:9D:F6:A6,NA,(not associated),-69,2
CA:B6:A0:A2:16:F2,NA,(not associated),-31,2
CA:BC:28:A7:F4:60,NA,(not associated),-65,2
CA:BF:A5:84:6C:46,NA,(not associated),-55,2
CA:DE:CD:1D:A0:45,NA,(not associated),-43,2
CA:EB:A3:B6:21:32,NA,(not associated),-43,2
CA:F2:BC:58:C3:80,NA,(not associated),-57,2
CE:06:35:C2:D9:11,NA,(not associated),-59,2
CE:07:DE:27:B0:EE,NA,(not associated),-51,2
CE:07:FF:FF:D7:37,NA,(not associated),-51,2
CE:09:B8:AF:99:9B,NA,(not associated),-57,2
CE:10:3F:1B:4C:C0,NA,(not associated),-35,2
CE:11:A9:84:77:F5,NA,(not associated),-59,2
CE:1D:C3:D7:FC:33,NA,(not associated),-45,2
CE:1F:3F:9E:7F:64,NA,(not associated),-65,2
CE:20:6D:07:F5:98,NA,(not associated),-47,2
CE:23:F5:22:A2:62,NA,(not associated),-41,2
CE:26:CC:F8:C6:7B,NA,(not associated),-55,2
CE:27:0E:51:7E:01,NA,(not associated),-47,2
CE:28:01:8B:79:B0,NA,(not associated),-41,2
CE:2E:81:7A:F5:AA,NA,(not associated),-53,2
CE:2F:44:2E:BE:B4,NA,(not associated),-51,2
CE:31:D3:9D:58:40,NA,(not associated),-69,2
CE:41:D4:D5:B3:C1,NA,(not associated),-57,2
CE:43:87:59:C4:BD,NA,(not associated),-53,2
CE:55:19:15:A9:71,NA,(not associated),-57,2
CE:55:A2:A3:56:36,NA,(not associated),-57,2
CE:5A:D1:F6:69:CA,NA,(not associated),-53,2
CE:5B:2C:F5:B3:6E,NA,(not associated),-63,2
CE:5B:C4:4F:BA:30,NA,(not associated),-63,2
CE:5C:25:EE:08:B2,NA,(not associated),-84,2
CE:60:33:41:DD:0E,NA,(not associated),-59,2
CE:60:E3:7A:77:9D,NA,(not associated),-53,2
CE:6D:0F:D7:56:C1,NA,(not associated),-49,2
CE:6E:06:4F:C6:CE,NA,(not associated),-61,2
CE:78:57:33:68:22,NA,(not associated),-53,2
CE:7B:6C:86:0C:EC,NA,(not associated),-61,2
CE:87:E9:35:0A:4A,NA,(not associated),-61,2
CE:88:E5:E0:F7:CB,NA,(not associated),-41,2
CE:92:82:DC:97:C9,NA,(not associated),-63,2
CE:94:AD:6F:6F:49,NA,(not associated),-69,2
CE:99:4D:2E:50:3C,NA,(not associated),-85,2
CE:A0:E2:E6:18:E6,NA,(not associated),-51,2
CE:A5:95:BB:E4:FB,NA,(not associated),-67,2
CE:B6:9F:5A:41:D0,NA,(not associated),-51,2
CE:C1:11:A8:FB:81,NA,(not associated),-37,2
CE:CD:3D:3C:63:87,NA,(not associated),-55,2
CE:DE:65:AC:D1:6C,NA,(not associated),-45,2
CE:DF:89:CC:45:27,NA,(not associated),-61,2
CE:E1:3E:FE:7F:21,NA,(not associated),-47,2
CE:E9:AC:EA:4C:48,NA,(not associated),-51,2
CE:EA:E4:AD:0C:15,NA,(not associated),-69,2
CE:F8:17:9A:D5:6B,NA,(not associated),-39,2
CE:FD:F0:8E:B6:4F,NA,(not associated),-51,2
D2:03:C4:10:92:85,NA,(not associated),-55,2
D2:05:C3:F4:BE:80,NA,(not associated),-49,2
D2:07:4B:DE:29:4F,NA,(not associated),-55,2
D2:0A:37:E3:8B:81,NA,(not associated),-69,2
D2:0D:CA:D6:32:F2,NA,(not associated),-57,2
D2:0F:75:A4:04:93,NA,(not associated),-59,2
D2:18:8E:4B:A9:85,NA,(not associated),-47,2
D2:1D:E4:62:C7:80,NA,(not associated),-55,2
D2:25:C0:EF:55:E8,NA,(not associated),-53,2
D2:2B:2B:48:97:B1,NA,(not associated),-51,2
D2:2E:30:70:2C:34,NA,(not associated),-35,2
D2:2E:ED:5F:37:23,NA,(not associated),-47,2
D2:32:A0:8F:BB:A2,NA,(not associated),-59,2
D2:38:07:F4:72:CA,NA,(not associated),-63,2
D2:39:2A:4A:CD:0C,NA,(not associated),-53,2
D2:40:BD:EC:2A:FE,NA,(not associated),-57,2
D2:42:B7:4F:3B:AB,NA,(not associated),-53,2
D2:43:2D:89:E4:22,NA,(not associated),-67,2
D2:4C:04:76:BB:AD,NA,(not associated),-55,2
D2:4F:0E:98:CA:20,NA,(not associated),-55,2
D2:58:9F:A1:36:B9,NA,(not associated),-65,2
D2:5C:CE:86:53:42,NA,(not associated),-53,2
D2:5F:D4:B9:6F:71,NA,(not associated),-65,2
D2:67:02:0D:D0:70,NA,(not associated),-57,2
D2:73:04:8B:E2:09,NA,(not associated),-51,2
D2:86:BC:8F:81:46,NA,(not associated),-57,2
D2:8A:91:D3:AC:5D,NA,(not associated),-45,2
D2:8D:37:F9:62:30,NA,(not associated),-65,2
D2:9A:FA:D0:E3:05,NA,(not associated),-69,2
D2:9B:DB:01:D4:8E,NA,(not associated),-47,2
D2:9C:8E:5F:04:5B,NA,(not associated),-49,2
D2:B0:60:80:91:1B,NA,00:25:00:FF:94:73,-78,2
D2:B2:50:DA:4B:FB,NA,(not associated),-63,2
D2:B7:A3:A3:FA:5F,NA,(not associated),-47,2
D2:B9:4F:CD:87:E2,NA,(not associated),-61,2
D2:BA:02:B2:97:5A,NA,(not associated),-55,2
D2:BB:9D:67:13:F0,NA,(not associated),-39,2
D2:BB:F0:82:D2:6A,NA,(not associated),-39,2
D2:CE:0D:14:B8:6E,NA,(not associated),-57,2
D2:DB:7D:09:8D:90,NA,(not associated),-65,2
D2:DE:86:98:68:FC,NA,(not associated),-51,2
D2:E4:D4:62:84:46,NA,(not associated),-49,2
D2:E6:2F:BC:DE:58,NA,(not associated),-61,2
D2:E7:53:B7:2E:21,NA,(not associated),-49,2
D2:EA:EA:E4:7B:23,NA,(not associated),-63,2
D2:ED:CD:E9:47:77,NA,(not associated),-77,2
D2:EE:F0:78:93:DA,NA,(not associated),-43,2
D2:F0:CF:FB:9C:1B,NA,(not associated),-59,2
D2:F5:C9:9A:6E:C9,NA,(not associated),-47,2
D2:F8:17:97:5B:BD,NA,(not associated),-63,2
D2:FF:88:F9:0A:08,NA,(not associated),-37,2
D4:54:8B:5E:35:C6,Intel Corporate,(not associated),-71,2
D6:0A:78:25:80:F2,NA,(not associated),-35,2
D6:18:C4:75:5A:2C,NA,(not associated),-55,2
D6:19:E4:99:DB:30,NA,(not associated),-41,2
D6:1D:AC:D8:90:69,NA,(not associated),-61,2
D6:29:66:4D:3A:6F,NA,(not associated),-63,2
D6:2D:3E:28:F2:C1,NA,(not associated),-47,2
D6:30:F2:FA:E4:5F,NA,(not associated),-57,2
D6:38:B0:66:C4:6E,NA,(not associated),-63,2
D6:3B:30:DC:38:27,NA,(not associated),-65,2
D6:41:7C:61:2F:B7,NA,(not associated),-61,2
D6:45:83:3B:FA:10,NA,(not associated),-59,2
D6:4C:6E:95:4E:DF,NA,(not associated),-49,2
D6:51:7A:5F:0B:3D,NA,(not associated),-61,2
D6:60:55:66:EF:9F,NA,(not associated),-61,2
D6:70:BD:0D:B3:05,NA,(not associated),-51,2
D6:75:77:AB:EA:7D,NA,(not associated),-61,2
D6:78:E3:CF:B8:79,NA,(not associated),-67,2
D6:81:2D:25:6F:EB,NA,(not associated),-53,2
D6:8B:22:15:9D:99,NA,(not associated),-61,2
D6:93:5C:96:D1:E8,NA,(not associated),-43,2
D6:93:F2:94:4A:D8,NA,(not associated),-61,2
D6:94:39:D4:96:49,NA,(not associated),-63,2
D6:A6:08:D5:BD:19,NA,(not associated),-45,2
D6:A9:79:61:23:F7,NA,(not associated),-45,2
D6:B8:74:A5:DE:C1,NA,(not associated),-61,2
D6:B8:8D:6B:51:BA,NA,(not associated),-51,2
D6:CD:B4:DA:E2:4F,NA,(not associated),-65,2
D6:CE:4D:C8:14:7B,NA,(not associated),-47,2
D6:D2:6E:23:25:D3,NA,(not associated),-47,2
D6:D8:3D:73:CF:A7,NA,(not associated),-61,2
D6:DD:11:88:7F:97,NA,(not associated),-61,2
D6:E5:AF:1E:8B:9A,NA,(not associated),-49,2
D6:E5:E2:BD:2A:18,NA,(not associated),-67,2
D6:E8:2F:75:B0:7D,NA,(not associated),-53,2
D6:FC:3A:06:7D:3A,NA,(not associated),-47,2
D6:FC:64:92:72:3D,NA,(not associated),-55,2
D6:FC:A6:A4:0F:F4,NA,(not associated),-49,2
DA:00:CA:91:01:AD,NA,(not associated),-59,2
DA:08:DC:5F:57:0B,NA,(not associated),-45,2
DA:0E:2A:89:95:D9,NA,(not associated),-39,2
DA:11:5D:F9:50:93,NA,(not associated),-51,2
DA:1A:84:5F:DA:5E,NA,(not associated),-61,2
DA:24:B0:42:D6:51,NA,(not associated),-69,2
DA:33:5F:58:5D:70,NA,(not associated),-57,2
DA:37:93:E0:E5:ED,NA,(not associated),-63,2
DA:37:9C:99:F4:58,NA,(not associated),-61,2
DA:37:F1:C0:AC:AE,NA,(not associated),-61,2
DA:39:E8:F5:73:A9,NA,(not associated),-59,2
DA:46:1D:49:B9:71,NA,(not associated),-57,2
DA:46:6B:A3:20:65,NA,(not associated),-67,2
DA:52:55:B0:99:32,NA,(not associated),-61,2
DA:54:72:1C:1D:D1,NA,(not associated),-59,2
DA:5B:A8:C1:48:DA,NA,(not associated),-41,2
DA:5C:B8:D0:84:1E,NA,(not associated),-37,2
DA:67:D6:26:FC:93,NA,(not associated),-61,2
DA:6A:CC:DC:52:16,NA,(not associated),-55,2
DA:6E:40:FF:4F:54,NA,(not associated),-59,2
DA:70:3F:40:94:90,NA,(not associated),-57,2
DA:75:C6:9C:0E:1D,NA,(not associated),-53,2
DA:7C:14:B3:E5:E3,NA,(not associated),-59,2
DA:89:00:BB:61:6F,NA,(not associated),-49,2
DA:89:CE:4F:4F:9C,NA,(not associated),-43,2
DA:8D:E2:AC:27:A2,NA,(not associated),-55,2
DA:8E:62:0E:56:55,NA,(not associated),-59,2
DA:A1:19:06:68:6A,NA,(not associated),-63,2
DA:A1:19:70:52:4D,NA,(not associated),-59,2
DA:A1:19:C0:A3:15,NA,(not associated),-61,2
DA:A1:19:D3:62:E8,NA,(not associated),-63,2
DA:A1:19:D5:EF:87,NA,(not associated),-71,2
DA:A1:19:F1:EA:1F,NA,(not associated),-69,2
DA:A6:A5:8B:A9:16,NA,(not associated),-43,2
DA:B0:19:5B:21:1C,NA,(not associated),-45,2
DA:C7:63:83:48:68,NA,(not associated),-55,2
DA:C7:74:31:FA:51,NA,(not associated),-59,2
DA:C9:2C:3B:47:B9,NA,(not associated),-67,2
DA:C9:34:4B:47:68,NA,(not associated),-37,2
DA:CE:3A:C4:59:D4,NA,(not associated),-65,2
DA:D2:1E:FB:0E:78,NA,(not associated),-61,2
DA:D5:94:9F:23:7A,NA,(not associated),-63,2
DA:D7:4B:56:64:8A,NA,(not associated),-59,2
DA:DB:4E:EC:A0:FE,NA,(not associated),-85,2
DA:DF:DA:A5:D5:83,NA,(not associated),-47,2
DA:E3:0C:A3:0F:9F,NA,(not associated),-51,2
DA:E3:FB:58:56:4B,NA,(not associated),-61,2
DA:E6:DE:42:4A:9A,NA,(not associated),-53,2
DA:FF:C9:FA:25:99,NA,(not associated),-41,2
DA:FF:E5:A9:8E:5F,NA,(not associated),-65,2
DE:14:28:A2:84:FF,NA,(not associated),-59,2
DE:14:B2:79:AF:92,NA,(not associated),-67,2
DE:20:A7:CF:C4:FB,NA,(not associated),-49,2
DE:20:F5:57:16:EA,NA,(not associated),-55,2
DE:28:4D:DB:50:91,NA,(not associated),-41,2
DE:2A:ED:62:A8:71,NA,(not associated),-41,2
DE:2E:98:AA:87:1C,NA,(not associated),-27,2
DE:2F:AF:80:C5:D7,NA,(not associated),-59,2
DE:32:85:3D:5F:76,NA,(not associated),-55,2
DE:36:E7:23:AF:A2,NA,(not associated),-65,2
DE:39:65:B4:45:FE,NA,(not associated),-63,2
DE:3C:2A:82:6A:9F,NA,(not associated),-51,2
DE:3C:D9:FF:27:FD,NA,(not associated),-63,2
DE:40:66:12:EF:58,NA,(not associated),-51,2
DE:45:12:0F:A1:6B,NA,(not associated),-65,2
DE:46:9F:67:B1:55,NA,(not associated),-45,2
DE:4C:24:AD:5F:99,NA,(not associated),-59,2
DE:4D:21:C0:34:BA,NA,(not associated),-43,2
DE:4F:4F:94:FA:B8,NA,(not associated),-43,2
DE:52:29:AF:86:86,NA,(not associated),-55,2
DE:54:A8:EC:B0:F1,NA,(not associated),-57,2
DE:54:DD:F7:AA:80,NA,(not associated),-57,2
DE:60:D2:94:29:E0,NA,(not associated),-55,2
DE:62:C8:B1:F0:26,NA,(not associated),-45,2
DE:65:0C:14:89:2C,NA,(not associated),-69,2
DE:73:DD:E8:40:6D,NA,(not associated),-33,2
DE:73:E1:60:6B:19,NA,(not associated),-71,2
DE:74:39:D8:32:07,NA,(not associated),-63,2
DE:75:15:B4:EC:98,NA,(not associated),-63,2
DE:7B:CF:53:2E:17,NA,(not associated),-41,2
DE:80:C5:9B:F4:F9,NA,(not associated),-55,2
DE:83:D6:B1:DA:FB,NA,(not associated),-43,2
DE:84:17:5C:84:82,NA,(not associated),-53,2
DE:92:77:6A:6B:F2,NA,(not associated),-53,2
DE:94:5F:60:6A:4E,NA,(not associated),-57,2
DE:9A:27:A9:FF:86,NA,(not associated),-61,2
DE:9B:62:FA:11:34,NA,(not associated),-57,2
DE:A0:A0:3F:DB:C6,NA,(not associated),-61,2
DE:A0:E2:B0:1F:26,NA,(not associated),-59,2
DE:A5:7B:AF:14:EA,NA,(not associated),-55,2
DE:B0:39:95:D3:4B,NA,(not associated),-55,2
DE:B8:2D:46:CB:1A,NA,(not associated),-39,2
DE:B8:57:D8:40:94,NA,(not associated),-41,2
DE:CD:5C:7A:ED:12,NA,(not associated),-53,2
DE:D1:73:4B:86:8A,NA,(not associated),-51,2
DE:D1:80:2F:81:65,NA,(not associated),-59,2
DE:DD:CA:79:69:FA,NA,(not associated),-53,2
DE:E2:BD:52:55:96,NA,(not associated),-53,2
DE:E5:F1:C5:03:97,NA,(not associated),-49,2
DE:E6:A6:94:69:6B,NA,(not associated),-67,2
DE:EE:DD:D6:44:DE,NA,(not associated),-63,2
DE:F0:E1:84:90:F9,NA,(not associated),-65,2
DE:F3:53:F5:15:57,NA,(not associated),-35,2
E2:00:70:06:2C:5D,NA,(not associated),-55,2
E2:04:BF:6A:D5:8D,NA,(not associated),-41,2
E2:0A:4B:3C:C2:A0,NA,(not associated),-57,2
E2:10:67:7E:71:27,NA,(not associated),-43,2
E2:1B:98:36:F9:9A,NA,(not associated),-35,2
E2:1F:A0:2C:62:E3,NA,(not associated),-55,2
E2:21:23:C2:7B:2A,NA,(not associated),-49,2
E2:23:8A:74:0B:DF,NA,(not associated),-49,2
E2:2F:A7:55:F2:68,NA,(not associated),-55,2
E2:3D:DC:AC:36:7D,NA,(not associated),-47,2
E2:40:32:7D:73:65,NA,(not associated),-61,2
E2:42:38:95:63:7B,NA,(not associated),-45,2
E2:49:E8:15:3C:65,NA,(not associated),-59,2
E2:50:B6:76:18:03,NA,(not associated),-67,2
E2:68:EA:61:F6:7C,NA,(not associated),-65,2
E2:70:49:2D:DB:4A,NA,(not associated),-69,2
E2:78:00:A5:42:36,NA,(not associated),-57,2
E2:79:FC:DD:1B:14,NA,(not associated),-59,2
E2:81:83:8A:56:64,NA,(not associated),-37,2
E2:81:CD:E3:57:1C,NA,(not associated),-55,2
E2:84:2E:5F:5A:E8,NA,(not associated),-41,2
E2:8F:F4:BD:BC:14,NA,(not associated),-41,2
E2:94:18:6D:DF:64,NA,(not associated),-61,2
E2:9E:78:FC:B7:82,NA,(not associated),-53,2
E2:A2:64:D8:C5:62,NA,(not associated),-45,2
E2:A3:A2:35:C3:D1,NA,(not associated),-37,2
E2:A6:20:29:88:49,NA,(not associated),-59,2
E2:B1:E1:9A:82:79,NA,(not associated),-57,2
E2:BB:60:77:5A:0E,NA,(not associated),-55,2
E2:BE:AB:D0:53:A2,NA,(not associated),-37,2
E2:C4:FF:D1:BF:74,NA,(not associated),-39,2
E2:CC:F8:14:13:12,NA,(not associated),-55,2
E2:CC:F8:3F:3E:3D,NA,(not associated),-63,2
E2:CC:F8:6C:6C:7C,NA,(not associated),-67,2
E2:CC:F8:C9:CA:D9,NA,(not associated),-65,2
E2:D0:E1:A6:09:F0,NA,(not associated),-37,2
E2:E1:D4:E1:46:F7,NA,(not associated),-39,2
E2:ED:E5:66:F1:CB,NA,(not associated),-63,2
E2:F4:9A:BC:6D:6C,NA,(not associated),-49,2
E2:FA:68:E6:DB:7F,NA,(not associated),-61,2
E2:FF:39:C0:D0:6B,NA,(not associated),-45,2
E2:FF:5C:42:8F:63,NA,(not associated),-73,2
E6:06:24:7C:75:BD,NA,(not associated),-43,2
E6:07:55:55:F3:AB,NA,(not associated),-55,2
E6:0F:8F:FA:B5:42,NA,(not associated),-59,2
E6:13:96:45:03:7A,NA,(not associated),-55,2
E6:19:DD:77:12:7D,NA,(not associated),-37,2
E6:1F:C8:BB:D4:12,NA,(not associated),-43,2
E6:2B:7E:E3:8E:C2,NA,(not associated),-85,2
E6:36:6F:AD:C0:69,NA,(not associated),-47,2
E6:36:F2:03:3D:50,NA,(not associated),-39,2
E6:38:5B:C2:83:D1,NA,(not associated),-47,2
E6:39:A8:0C:AB:E8,NA,(not associated),-67,2
E6:44:B3:96:6A:47,NA,(not associated),-51,2
E6:4F:0A:6F:E9:58,NA,(not associated),-45,2
E6:51:A0:85:96:45,NA,(not associated),-53,2
E6:51:D6:B6:E6:F4,NA,(not associated),-61,2
E6:52:20:6F:9F:10,NA,(not associated),-51,2
E6:56:4B:C4:D9:04,NA,(not associated),-57,2
E6:59:80:26:1F:C3,NA,(not associated),-57,2
E6:5B:C9:6B:B3:78,NA,(not associated),-41,2
E6:5D:2E:56:C1:9C,NA,(not associated),-37,2
E6:66:2C:2C:AE:9C,NA,(not associated),-37,2
E6:69:53:55:39:96,NA,(not associated),-61,2
E6:69:ED:20:5F:8F,NA,(not associated),-55,2
E6:6A:35:28:98:46,NA,(not associated),-61,2
E6:6A:FE:24:13:83,NA,(not associated),-39,2
E6:6D:0C:F5:C3:A3,NA,(not associated),-55,2
E6:6E:88:07:13:E7,NA,(not associated),-55,2
E6:6F:5E:33:15:3D,NA,(not associated),-69,2
E6:73:DD:39:EA:D9,NA,(not associated),-47,2
E6:74:3E:43:1A:BB,NA,(not associated),-39,2
E6:77:94:53:6E:7C,NA,(not associated),-43,2
E6:83:F6:34:D9:13,NA,(not associated),-45,2
E6:84:3F:C9:47:7B,NA,(not associated),-41,2
E6:87:6D:E4:DA:8F,NA,(not associated),-43,2
E6:8C:5A:78:78:DD,NA,(not associated),-49,2
E6:8E:CD:57:41:F5,NA,(not associated),-63,2
E6:8E:F9:C4:C9:34,NA,(not associated),-49,2
E6:8F:5F:16:4F:98,NA,(not associated),-47,2
E6:97:C7:D0:AE:A7,NA,(not associated),-57,2
E6:9E:05:EC:7B:71,NA,(not associated),-55,2
E6:A8:0C:69:94:15,NA,(not associated),-65,2
E6:A8:EE:AB:FD:08,NA,(not associated),-67,2
E6:AA:56:BE:FA:06,NA,(not associated),-65,2
E6:B5:08:ED:30:DE,NA,(not associated),-53,2
E6:B5:B7:DA:21:B9,NA,(not associated),-45,2
E6:B5:E3:21:4A:9E,NA,(not associated),-43,2
E6:B9:1C:C7:63:EC,NA,(not associated),-53,2
E6:C7:7A:56:7D:7C,NA,(not associated),-53,2
E6:C9:61:F4:F6:AA,NA,(not associated),-55,2
E6:CA:EB:9A:15:B0,NA,(not associated),-41,2
E6:D8:03:AB:C2:CE,NA,(not associated),-49,2
E6:DC:1F:65:06:86,NA,(not associated),-61,2
E6:E7:3F:D0:86:85,NA,(not associated),-35,2
E6:F2:65:AD:0F:83,NA,(not associated),-53,2
E6:F6:D1:39:9B:92,NA,(not associated),-39,2
E6:F9:A5:45:9A:4A,NA,(not associated),-67,2
E6:FA:99:61:76:C8,NA,(not associated),-43,2
E6:FB:60:00:6E:2E,NA,(not associated),-51,2
E7:56:6A:25:38:4C,NA,(not associated),-65,2
EA:06:F0:6F:7A:38,NA,(not associated),-63,2
EA:08:F2:4E:03:BF,NA,(not associated),-85,2
EA:14:10:DF:5C:41,NA,(not associated),-59,2
EA:21:C8:F1:1D:4C,NA,(not associated),-51,2
EA:29:AE:0B:10:68,NA,(not associated),-53,2
EA:2C:1D:6A:3C:84,NA,(not associated),-63,2
EA:30:CB:1A:1A:91,NA,(not associated),-55,2
EA:34:89:CA:FA:CC,NA,(not associated),-67,2
EA:3E:1C:29:B2:D6,NA,(not associated),-47,2
EA:3F:5B:7D:33:CE,NA,(not associated),-43,2
EA:40:61:71:5E:E2,NA,(not associated),-41,2
EA:42:E5:75:F7:82,NA,(not associated),-49,2
EA:4A:C1:B2:F5:EA,NA,(not associated),-47,2
EA:55:29:77:41:AD,NA,(not associated),-61,2
EA:58:52:83:26:82,NA,(not associated),-45,2
EA:5A:8A:94:3D:35,NA,(not associated),-43,2
EA:65:A7:64:6D:68,NA,(not associated),-41,2
EA:6A:ED:EB:71:FE,NA,(not associated),-53,2
EA:6B:2E:D4:F8:14,NA,(not associated),-51,2
EA:6B:B6:80:D8:2C,NA,(not associated),-57,2
EA:74:31:9C:B7:D3,NA,(not associated),-37,2
EA:76:5B:D7:38:51,NA,(not associated),-55,2
EA:86:4E:3A:51:A3,NA,(not associated),-53,2
EA:88:30:CC:DC:13,NA,(not associated),-61,2
EA:8B:5B:27:CE:D0,NA,(not associated),-67,2
EA:8F:9B:BC:8D:89,NA,(not associated),-63,2
EA:96:F9:C4:ED:49,NA,(not associated),-61,2
EA:A0:89:B5:DC:53,NA,(not associated),-67,2
EA:A6:53:9C:84:2B,NA,(not associated),-63,2
EA:AB:E1:1E:E2:82,NA,(not associated),-53,2
EA:B0:FB:99:1D:37,NA,(not associated),-65,2
EA:B4:6D:B1:5E:CF,NA,(not associated),-61,2
EA:B8:77:60:A3:9E,NA,(not associated),-53,2
EA:BB:C7:1B:0E:D5,NA,(not associated),-51,2
EA:C6:4F:82:FE:89,NA,(not associated),-53,2
EA:DA:C5:E6:FD:5A,NA,(not associated),-45,2
EA:F5:0A:20:95:40,NA,(not associated),-53,2
EA:F5:80:DA:23:B9,NA,(not associated),-53,2
EA:F6:C4:1B:80:A7,NA,(not associated),-57,2
EA:FB:58:D8:AE:D4,NA,(not associated),-61,2
EA:FE:56:8D:F6:E7,NA,(not associated),-59,2
EE:07:73:D4:F9:0A,NA,(not associated),-39,2
EE:07:99:92:03:B3,NA,(not associated),-69,2
EE:09:AA:12:04:0F,NA,(not associated),-41,2
EE:12:20:03:AA:B7,NA,(not associated),-35,2
EE:16:8E:76:07:37,NA,(not associated),-51,2
EE:18:6F:15:84:96,NA,(not associated),-53,2
EE:1B:55:E1:AD:59,NA,(not associated),-35,2
EE:21:17:C5:85:3F,NA,(not associated),-59,2
EE:2E:6B:67:6F:AA,NA,(not associated),-39,2
EE:36:6F:00:E9:B8,NA,(not associated),-57,2
EE:42:6C:67:19:32,NA,(not associated),-63,2
EE:4B:9F:D8:49:BA,NA,(not associated),-65,2
EE:4E:ED:03:FE:D0,NA,(not associated),-55,2
EE:54:13:9C:D7:46,NA,(not associated),-53,2
EE:5F:EC:E0:63:BC,NA,(not associated),-59,2
EE:62:F0:41:6A:70,NA,(not associated),-35,2
EE:63:2E:72:7E:D6,NA,(not associated),-57,2
EE:66:A0:AB:3F:8C,NA,(not associated),-35,2
EE:71:14:47:21:DF,NA,(not associated),-57,2
EE:7B:09:AE:DE:C7,NA,(not associated),-45,2
EE:7F:BD:C2:94:9E,NA,(not associated),-61,2
EE:81:CB:9B:C0:98,NA,(not associated),-57,2
EE:83:53:7C:96:FC,NA,(not associated),-59,2
EE:92:DE:D4:02:B0,NA,(not associated),-55,2
EE:96:69:E8:7D:EF,NA,(not associated),-47,2
EE:9E:12:E3:D2:90,NA,(not associated),-63,2
EE:A3:D1:4F:21:6F,NA,(not associated),-57,2
EE:A7:25:36:82:50,NA,(not associated),-65,2
EE:A7:E5:2F:9E:3F,NA,(not associated),-61,2
EE:A8:02:B6:65:21,NA,(not associated),-47,2
EE:AD:70:E4:F3:B3,NA,(not associated),-61,2
EE:B0:23:ED:5E:68,NA,(not associated),-65,2
EE:B0:47:6C:AA:09,NA,(not associated),-61,2
EE:B7:45:23:D6:E6,NA,(not associated),-57,2
EE:CF:3B:7D:71:5D,NA,(not associated),-55,2
EE:D5:9C:07:84:52,NA,(not associated),-71,2
EE:DF:C2:33:E3:DD,NA,(not associated),-37,2
EE:EC:23:84:FA:82,NA,(not associated),-47,2
EE:ED:10:AC:79:CA,NA,(not associated),-55,2
EE:EE:9A:77:07:CB,NA,(not associated),-53,2
EE:EF:42:BB:B5:68,NA,(not associated),-61,2
EE:F5:F3:C3:B4:26,NA,(not associated),-61,2
EE:F6:81:0B:30:82,NA,(not associated),-43,2
EE:FC:EB:EC:73:82,NA,(not associated),-35,2
F2:02:43:22:14:BC,NA,(not associated),-53,2
F2:03:8F:65:F3:8E,NA,(not associated),-61,2
F2:05:F8:B1:B1:EF,NA,(not associated),-49,2
F2:0C:69:57:B9:78,NA,(not associated),-71,2
F2:10:C3:9C:DA:16,NA,(not associated),-59,2
F2:1C:36:15:D3:5F,NA,(not associated),-43,2
F2:28:3F:86:D5:75,NA,(not associated),-39,2
F2:36:BC:01:A7:10,NA,(not associated),-61,2
F2:3C:96:EF:FB:87,NA,(not associated),-63,2
F2:3C:B3:7B:B4:E1,NA,(not associated),-55,2
F2:3D:58:4F:8E:33,NA,(not associated),-59,2
F2:41:07:BE:1B:E8,NA,(not associated),-57,2
F2:44:6A:47:83:54,NA,(not associated),-43,2
F2:55:CF:1A:86:42,NA,(not associated),-69,2
F2:58:D7:54:A1:D7,NA,(not associated),-69,2
F2:63:70:98:C0:2C,NA,(not associated),-61,2
F2:63:7B:71:C7:C2,NA,(not associated),-35,2
F2:78:48:33:62:1C,NA,(not associated),-53,2
F2:7C:A0:F6:A1:7B,NA,(not associated),-61,2
F2:82:6A:F4:57:DA,NA,(not associated),-63,2
F2:82:9D:EA:9C:3D,NA,(not associated),-69,2
F2:84:E7:49:DD:1B,NA,(not associated),-59,2
F2:8C:C4:4A:6A:54,NA,(not associated),-71,2
F2:8E:73:3E:AB:74,NA,(not associated),-71,2
F2:95:1D:2A:C5:DB,NA,(not associated),-59,2
F2:97:3E:07:5D:B6,NA,(not associated),-49,2
F2:A1:E2:7A:93:C3,NA,(not associated),-47,2
F2:A2:7C:53:63:8D,NA,(not associated),-49,2
F2:A4:77:03:DF:A8,NA,(not associated),-39,2
F2:A6:D6:18:DB:5E,NA,(not associated),-33,2
F2:A9:96:AF:0A:2E,NA,(not associated),-55,2
F2:AB:22:09:3C:B6,NA,(not associated),-49,2
F2:AC:8B:6C:9E:FD,NA,(not associated),-39,2
F2:AF:E6:D9:C8:1F,NA,(not associated),-61,2
F2:B0:2A:A3:BD:3B,NA,(not associated),-55,2
F2:B4:07:0A:A0:6D,NA,(not associated),-49,2
F2:B8:5C:EE:B2:E1,NA,(not associated),-53,2
F2:C5:CD:06:80:98,NA,(not associated),-53,2
F2:C9:B9:8B:A5:45,NA,(not associated),-57,2
F2:D1:0F:FF:0C:16,NA,(not associated),-67,2
F2:DC:4D:08:1B:0E,NA,(not associated),-53,2
F2:F3:61:C2:98:05,NA,(not associated),-43,2
F2:FF:50:DE:A0:00,NA,(not associated),-59,2
F6:01:8B:13:00:B3,NA,(not associated),-41,2
F6:0C:AB:A1:30:CA,NA,(not associated),-65,2
F6:15:DA:55:C5:33,NA,(not associated),-69,2
F6:1E:B3:DA:9C:0D,NA,(not associated),-61,2
F6:24:33:8C:F7:3F,NA,(not associated),-53,2
F6:2F:C4:4D:63:80,NA,(not associated),-49,2
F6:38:A6:42:7A:88,NA,(not associated),-71,2
F6:3F:C8:8C:4A:30,NA,(not associated),-57,2
F6:5A:B4:A4:05:04,NA,(not associated),-57,2
F6:5A:C7:67:8B:27,NA,(not associated),-67,2
F6:5D:03:5C:58:29,NA,(not associated),-33,2
F6:62:62:BD:E2:82,NA,(not associated),-61,2
F6:64:A4:77:CA:DC,NA,(not associated),-43,2
F6:68:0D:2A:E7:6C,NA,(not associated),-55,2
F6:68:0D:89:9C:62,NA,(not associated),-43,2
F6:68:6A:BB:C6:47,NA,(not associated),-59,2
F6:68:F6:2C:88:E7,NA,(not associated),-57,2
F6:6B:FC:5B:C5:F1,NA,(not associated),-59,2
F6:82:CA:56:56:E7,NA,(not associated),-67,2
F6:84:EF:90:F7:6B,NA,(not associated),-55,2
F6:86:73:7F:53:03,NA,(not associated),-65,2
F6:89:2A:F8:46:55,NA,(not associated),-49,2
F6:8B:F6:C1:29:BB,NA,(not associated),-61,2
F6:8C:62:1E:4B:CF,NA,(not associated),-67,2
F6:8F:EB:90:DB:D1,NA,(not associated),-57,2
F6:91:83:22:8A:20,NA,(not associated),-55,2
F6:94:17:E2:F2:8A,NA,(not associated),-53,2
F6:9E:22:5C:A1:44,NA,(not associated),-59,2
F6:A2:E1:F8:3E:61,NA,(not associated),-49,2
F6:A4:D2:BD:EB:66,NA,(not associated),-57,2
F6:A4:FA:F3:35:1D,NA,(not associated),-57,2
F6:BA:1A:71:34:7F,NA,(not associated),-59,2
F6:C3:85:A4:82:59,NA,(not associated),-59,2
F6:C3:FF:9F:D5:77,NA,(not associated),-59,2
F6:C6:1F:65:AA:11,NA,(not associated),-63,2
F6:C9:1A:27:E1:DC,NA,(not associated),-47,2
F6:D6:67:79:E5:56,NA,(not associated),-59,2
F6:DE:4D:37:6F:A6,NA,(not associated),-59,2
F6:E3:4E:51:DB:03,NA,(not associated),-65,2
F6:F1:AE:C5:F6:86,NA,(not associated),-85,2
F6:F3:BF:0A:63:4F,NA,(not associated),-63,2
F6:F5:F2:A6:C4:17,NA,(not associated),-51,2
F6:F8:B0:9B:D1:94,NA,(not associated),-41,2
F6:FB:EC:38:F1:39,NA,(not associated),-51,2
F8:32:E4:3F:7D:5C,ASUSTek COMPUTER INC.,(not associated),-67,2
FA:06:A8:5A:FA:81,NA,(not associated),-49,2
FA:0D:40:EE:64:96,NA,(not associated),-39,2
FA:0E:1B:EB:34:8C,NA,(not associated),-47,2
FA:0E:71:F4:DA:44,NA,(not associated),-67,2
FA:0E:DE:C4:34:51,NA,(not associated),-39,2
FA:1A:41:BC:B0:AB,NA,(not associated),-53,2
FA:23:8D:9E:7E:D3,NA,(not associated),-61,2
FA:29:ED:CE:E2:4D,NA,(not associated),-69,2
FA:2A:15:7A:67:2C,NA,(not associated),-57,2
FA:2E:E2:D6:C7:91,NA,(not associated),-51,2
FA:32:76:04:0F:60,NA,(not associated),-47,2
FA:38:91:3E:53:CC,NA,(not associated),-63,2
FA:41:C9:BE:B4:99,NA,(not associated),-53,2
FA:48:82:5C:56:A1,NA,(not associated),-73,2
FA:4D:12:0E:B7:4C,NA,(not associated),-65,2
FA:53:01:07:DF:10,NA,(not associated),-59,2
FA:53:B1:E3:79:3B,NA,(not associated),-71,2
FA:56:34:C3:E3:8A,NA,(not associated),-69,2
FA:59:8A:9A:49:7D,NA,(not associated),-65,2
FA:5A:C6:A2:71:1D,NA,(not associated),-47,2
FA:5F:EC:88:0B:32,NA,(not associated),-59,2
FA:63:4B:65:AA:EF,NA,(not associated),-41,2
FA:65:17:CA:6F:6E,NA,(not associated),-63,2
FA:68:FC:FB:47:F2,NA,(not associated),-49,2
FA:6B:27:E3:BB:27,NA,(not associated),-51,2
FA:6B:BA:45:AF:9B,NA,(not associated),-35,2
FA:6F:84:45:97:77,NA,(not associated),-65,2
FA:70:9F:90:40:B3,NA,(not associated),-45,2
FA:7D:D6:44:0E:45,NA,(not associated),-55,2
FA:83:6E:D1:09:2F,NA,(not associated),-59,2
FA:9B:8F:E9:78:1B,NA,(not associated),-55,2
FA:9B:9C:A5:32:90,NA,(not associated),-47,2
FA:9B:9F:CF:22:82,NA,(not associated),-47,2
FA:A1:40:09:34:8B,NA,(not associated),-63,2
FA:A1:72:06:D5:6D,NA,(not associated),-47,2
FA:A2:72:30:8C:CB,NA,(not associated),-37,2
FA:A9:10:15:74:81,NA,(not associated),-39,2
FA:AE:9F:C1:47:47,NA,(not associated),-53,2
FA:B5:CF:06:33:45,NA,(not associated),-55,2
FA:B5:E4:F0:5B:EB,NA,(not associated),-65,2
FA:C1:C9:96:7A:61,NA,(not associated),-47,2
FA:C4:BB:2B:62:C7,NA,(not associated),-33,2
FA:C8:45:29:3C:93,NA,(not associated),-59,2
FA:C8:DE:00:0F:7B,NA,(not associated),-41,2
FA:CC:B4:6A:98:71,NA,(not associated),-45,2
FA:CF:33:BD:39:E8,NA,(not associated),-59,2
FA:CF:84:07:4F:84,NA,(not associated),-51,2
FA:CF:FE:BE:88:CE,NA,(not associated),-47,2
FA:D1:59:B9:F4:47,NA,(not associated),-61,2
FA:D6:C9:DA:E3:7B,NA,(not associated),-49,2
FA:D7:60:91:56:C2,NA,(not associated),-47,2
FA:D7:D0:01:07:4F,NA,(not associated),-63,2
FA:D9:76:98:5F:1A,NA,(not associated),-43,2
FA:DA:49:D4:1D:65,NA,(not associated),-51,2
FA:DB:88:D2:B7:2B,NA,(not associated),-51,2
FA:DF:CE:19:EF:72,NA,(not associated),-55,2
FA:E1:3C:A0:1F:CF,NA,(not associated),-63,2
FA:E1:BA:40:7F:01,NA,(not associated),-51,2
FA:F4:2A:72:A0:AF,NA,(not associated),-53,2
FA:FF:21:03:20:13,NA,(not associated),-67,2
FE:06:F2:A3:D2:A2,NA,(not associated),-55,2
FE:0E:B4:3C:B9:A9,NA,(not associated),-43,2
FE:13:1C:FE:45:86,NA,(not associated),-49,2
FE:14:AD:E0:A2:35,NA,(not associated),-57,2
FE:16:03:5F:AB:0B,NA,(not associated),-67,2
FE:19:71:D9:40:74,NA,(not associated),-41,2
FE:20:31:A1:FB:29,NA,(not associated),-43,2
FE:28:95:2A:A3:A8,NA,(not associated),-41,2
FE:2A:B9:A7:AD:30,NA,(not associated),-35,2
FE:36:BD:B0:8C:0B,NA,(not associated),-86,2
FE:41:FA:13:90:97,NA,(not associated),-61,2
FE:41:FA:37:2B:BF,NA,(not associated),-61,2
FE:41:FA:54:E7:EE,NA,(not associated),-61,2
FE:41:FA:75:6B:7B,NA,(not associated),-61,2
FE:41:FA:87:86:0D,NA,(not associated),-55,2
FE:41:FA:99:0E:11,NA,(not associated),-61,2
FE:41:FA:AD:A7:3F,NA,(not associated),-63,2
FE:41:FA:D6:38:40,NA,(not associated),-61,2
FE:41:FA:DD:60:C3,NA,(not associated),-63,2
FE:42:4D:2F:3B:9C,NA,(not associated),-53,2
FE:53:04:2B:9E:BB,NA,(not associated),-61,2
FE:55:B6:8E:98:FD,NA,(not associated),-57,2
FE:5F:66:76:24:EF,NA,(not associated),-63,2
FE:65:AC:42:B2:5D,NA,(not associated),-45,2
FE:66:19:5E:AC:42,NA,(not associated),-53,2
FE:69:6A:E4:D2:09,NA,(not associated),-55,2
FE:6F:63:B6:D3:33,NA,(not associated),-61,2
FE:6F:83:61:1D:03,NA,(not associated),-57,2
FE:78:2A:3B:68:C5,NA,(not associated),-43,2
FE:7C:F7:EB:85:46,NA,(not associated),-59,2
FE:85:3B:F9:D3:87,NA,(not associated),-47,2
FE:8A:16:B1:7E:B8,NA,(not associated),-43,2
FE:8B:7F:E0:CE:F1,NA,(not associated),-85,2
FE:93:00:FD:09:49,NA,(not associated),-45,2
FE:97:E5:DC:66:39,NA,(not associated),-39,2
FE:99:55:6C:81:CF,NA,(not associated),-84,2
FE:9B:E3:6E:71:EF,NA,(not associated),-47,2
FE:A0:19:0B:BF:81,NA,(not associated),-73,2
FE:A5:E3:1F:B1:2F,NA,(not associated),-65,2
FE:B2:C0:F7:01:23,NA,(not associated),-65,2
FE:C1:26:DD:E8:F0,NA,(not associated),-65,2
FE:CC:29:7E:B5:44,NA,(not associated),-49,2
FE:CC:48:A0:74:95,NA,(not associated),-61,2
FE:CD:6F:45:8E:5F,NA,(not associated),-65,2
FE:D0:D4:31:60:BF,NA,(not associated),-63,2
FE:D5:54:50:64:F8,NA,(not associated),-55,2
FE:EC:64:11:A7:80,NA,(not associated),-57,2
FE:EF:3C:8E:EE:19,NA,(not associated),-71,2
FE:FA:41:B3:76:35,NA,(not associated),-63,2
FE:FA:88:CE:48:BE,NA,(not associated),-65,2
00:E9:3A:F8:10:C7,AzureWave Technology Inc.,(not associated),-73,1
02:03:AF:8A:3F:A8,NA,(not associated),-61,1
02:05:80:21:E5:A8,NA,(not associated),-61,1
02:06:2B:A5:0C:31,NA,(not associated),-65,1
02:08:38:AB:E3:4E,NA,(not associated),-61,1
02:0A:D1:AA:3E:0E,NA,(not associated),-65,1
02:0F:63:5E:CD:7E,NA,(not associated),-61,1
02:0F:AE:DE:1D:93,NA,(not associated),-41,1
02:16:99:2E:D0:63,NA,(not associated),-47,1
02:18:11:89:F6:CF,NA,(not associated),-67,1
02:18:6C:A6:1D:8C,NA,(not associated),-61,1
02:19:24:BE:EC:92,NA,(not associated),-39,1
02:1A:9D:11:95:36,NA,(not associated),-59,1
02:1D:0F:A4:94:74,NA,(not associated),-61,1
02:1F:86:84:FE:F5,NA,(not associated),-53,1
02:20:68:06:70:41,NA,(not associated),-65,1
02:21:FD:5E:8B:84,NA,(not associated),-59,1
02:22:11:AB:A5:37,NA,(not associated),-55,1
02:25:5A:9B:CC:CF,NA,(not associated),-35,1
02:26:43:E7:6B:46,NA,(not associated),-55,1
02:2B:0B:B1:CB:AA,NA,(not associated),-67,1
02:2B:0D:92:62:AE,NA,(not associated),-45,1
02:30:ED:02:EA:35,NA,(not associated),-53,1
02:31:4E:E2:C8:28,NA,(not associated),-57,1
02:32:91:80:3F:0B,NA,(not associated),-59,1
02:39:4B:E8:6E:7D,NA,(not associated),-49,1
02:39:6E:3C:D5:93,NA,(not associated),-51,1
02:3A:15:A2:14:F3,NA,(not associated),-59,1
02:3D:F2:24:21:5E,NA,(not associated),-53,1
02:3E:35:6D:99:30,NA,(not associated),-55,1
02:3E:F2:2D:C6:8E,NA,(not associated),-57,1
02:48:F0:AE:E0:42,NA,(not associated),-51,1
02:4A:77:D5:A1:81,NA,(not associated),-61,1
02:4A:E5:A3:B6:76,NA,(not associated),-51,1
02:4C:95:CB:FC:2B,NA,(not associated),-47,1
02:4D:71:07:87:C9,NA,(not associated),-61,1
02:52:7A:7A:63:67,NA,(not associated),-61,1
02:54:64:AC:EF:A7,NA,(not associated),-61,1
02:59:0F:BD:80:2F,NA,(not associated),-47,1
02:59:A6:9A:14:D1,NA,(not associated),-69,1
02:5A:F9:00:3C:66,NA,(not associated),-55,1
02:5C:3C:FC:10:20,NA,(not associated),-59,1
02:5D:CE:DE:78:81,NA,(not associated),-57,1
02:5E:4B:90:72:5B,NA,(not associated),-61,1
02:67:15:E1:48:72,NA,(not associated),-53,1
02:68:8B:C6:18:2B,NA,(not associated),-59,1
02:70:B9:F6:E8:E9,NA,(not associated),-69,1
02:72:46:64:CC:9D,NA,(not associated),-35,1
02:7B:A3:A4:3F:A2,NA,(not associated),-57,1
02:7E:F1:A5:3B:7F,NA,(not associated),-69,1
02:7F:36:EB:6A:6A,NA,(not associated),-57,1
02:80:33:A1:5C:E6,NA,(not associated),-51,1
02:80:9A:EA:58:99,NA,(not associated),-63,1
02:82:50:1B:1A:EA,NA,(not associated),-57,1
02:82:B3:76:29:3E,NA,(not associated),-51,1
02:83:46:49:BB:0C,NA,(not associated),-51,1
02:84:97:1F:EE:A4,NA,(not associated),-49,1
02:85:CD:93:CA:CD,NA,(not associated),-69,1
02:86:F7:5F:76:53,NA,(not associated),-73,1
02:89:E0:55:A2:60,NA,(not associated),-49,1
02:8A:25:84:52:C0,NA,(not associated),-49,1
02:8A:90:BF:1F:40,NA,(not associated),-55,1
02:8A:9E:36:D1:43,NA,(not associated),-59,1
02:8C:B2:B1:AA:63,NA,(not associated),-51,1
02:90:32:27:C2:F5,NA,(not associated),-49,1
02:92:97:32:30:7F,NA,(not associated),-55,1
02:92:A5:95:DB:C4,NA,(not associated),-59,1
02:98:D1:84:76:FF,NA,(not associated),-51,1
02:9D:0A:6C:CB:77,NA,(not associated),-59,1
02:9D:2D:4A:0F:E2,NA,(not associated),-51,1
02:9D:BA:85:12:4D,NA,(not associated),-61,1
02:9E:A9:D9:13:8C,NA,(not associated),-59,1
02:A0:6F:47:3E:E2,NA,(not associated),-55,1
02:A3:BD:68:7D:7D,NA,(not associated),-45,1
02:A6:3F:6B:AF:FF,NA,(not associated),-65,1
02:AC:E8:F0:56:02,NA,(not associated),-45,1
02:AE:F2:B2:EF:30,NA,(not associated),-69,1
02:AF:6B:F7:66:B6,NA,(not associated),-57,1
02:B0:1D:20:79:C0,NA,(not associated),-67,1
02:B1:C8:81:DA:37,NA,(not associated),-61,1
02:B3:4E:24:2A:00,NA,BE:FD:EF:18:92:44,-63,1
02:B4:5E:70:4E:8F,NA,(not associated),-65,1
02:B7:2B:42:09:0F,NA,(not associated),-65,1
02:BB:3B:02:95:7F,NA,(not associated),-83,1
02:C0:6B:8D:54:52,NA,(not associated),-51,1
02:C0:B7:02:AC:2E,NA,(not associated),-43,1
02:C2:6D:16:F5:72,NA,(not associated),-57,1
02:C8:85:1F:BE:97,NA,(not associated),-61,1
02:C9:6B:2F:D1:71,NA,(not associated),-51,1
02:CA:16:F2:64:13,NA,(not associated),-53,1
02:CD:5D:D9:33:2C,NA,(not associated),-67,1
02:CD:B7:F8:81:A9,NA,(not associated),-63,1
02:CF:85:77:CD:EA,NA,(not associated),-51,1
02:D1:71:5A:B5:7C,NA,(not associated),-61,1
02:D4:47:FC:C9:1E,NA,(not associated),-51,1
02:D7:8F:64:AD:75,NA,(not associated),-67,1
02:D8:88:BE:F0:09,NA,(not associated),-61,1
02:D9:CE:8E:D6:DE,NA,(not associated),-61,1
02:DA:85:09:11:15,NA,(not associated),-67,1
02:DB:34:8D:B5:B3,NA,(not associated),-65,1
02:E2:20:46:8D:D4,NA,(not associated),-59,1
02:E5:D0:29:B8:42,NA,(not associated),-63,1
02:E5:EF:16:35:98,NA,(not associated),-53,1
02:E8:BA:97:DA:59,NA,(not associated),-61,1
02:EC:B8:12:87:DF,NA,(not associated),-67,1
02:F0:7A:F7:70:DB,NA,(not associated),-69,1
02:F2:F2:90:89:DB,NA,(not associated),-57,1
02:F5:47:43:79:DF,NA,(not associated),-47,1
02:F5:99:90:C8:DC,NA,(not associated),-67,1
02:F7:11:F6:0D:F1,NA,(not associated),-61,1
02:FE:20:EB:48:C3,NA,(not associated),-57,1
02:FE:6D:F2:87:09,NA,(not associated),-65,1
06:02:E1:63:A5:2A,NA,(not associated),-55,1
06:04:20:F1:0E:1C,NA,(not associated),-71,1
06:04:EA:16:AB:C6,NA,(not associated),-49,1
06:05:05:C4:84:51,NA,(not associated),-69,1
06:05:4C:C5:79:9F,NA,(not associated),-63,1
06:07:6A:D5:F2:08,NA,(not associated),-59,1
06:0B:3E:18:56:68,NA,(not associated),-51,1
06:11:34:C8:79:AF,NA,(not associated),-41,1
06:17:55:6B:FB:87,NA,(not associated),-57,1
06:18:4A:D5:F1:59,NA,(not associated),-59,1
06:18:F8:A9:64:7F,NA,(not associated),-53,1
06:1F:B6:44:94:CD,NA,(not associated),-45,1
06:20:95:EF:DD:67,NA,(not associated),-69,1
06:23:06:57:22:27,NA,(not associated),-33,1
06:24:04:3B:3B:52,NA,(not associated),-41,1
06:2B:EF:56:0E:8F,NA,(not associated),-55,1
06:2C:F7:BF:F5:29,NA,(not associated),-47,1
06:2F:B8:C0:3F:B4,NA,(not associated),-53,1
06:32:31:13:CB:7C,NA,(not associated),-65,1
06:32:AD:31:5D:46,NA,(not associated),-67,1
06:33:73:59:4B:71,NA,(not associated),-61,1
06:35:65:9C:A1:64,NA,(not associated),-49,1
06:36:37:6D:75:4F,NA,(not associated),-61,1
06:37:2A:FF:45:53,NA,(not associated),-57,1
06:37:F8:E7:AF:BD,NA,(not associated),-43,1
06:38:04:90:B2:41,NA,(not associated),-57,1
06:38:2D:B5:8B:C3,NA,(not associated),-57,1
06:40:9F:DC:71:8E,NA,(not associated),-63,1
06:42:58:AA:6A:F4,NA,(not associated),-65,1
06:44:6C:54:C4:29,NA,(not associated),-59,1
06:47:39:04:69:32,NA,(not associated),-47,1
06:49:4A:8D:FA:4F,NA,(not associated),-51,1
06:4A:82:73:44:42,NA,(not associated),-59,1
06:4C:76:F9:52:27,NA,(not associated),-55,1
06:4D:01:B6:4F:87,NA,(not associated),-67,1
06:50:75:1D:E1:47,NA,(not associated),-53,1
06:57:2D:31:23:F3,NA,(not associated),-67,1
06:57:D7:5A:E9:C7,NA,(not associated),-65,1
06:58:D2:C8:62:B1,NA,(not associated),-43,1
06:59:B6:84:52:30,NA,(not associated),-59,1
06:5E:D9:6D:26:C1,NA,(not associated),-43,1
06:5F:38:C5:34:A7,NA,(not associated),-41,1
06:5F:8A:59:CF:8A,NA,(not associated),-67,1
06:62:B2:B5:D6:29,NA,(not associated),-61,1
06:65:AE:30:6F:20,NA,(not associated),-37,1
06:67:6B:AD:F7:E1,NA,(not associated),-51,1
06:68:DE:04:E0:F3,NA,(not associated),-51,1
06:69:3F:17:CA:45,NA,(not associated),-67,1
06:6B:8F:B8:13:47,NA,(not associated),-55,1
06:6F:92:A3:2B:70,NA,(not associated),-45,1
06:72:FC:1E:03:D8,NA,(not associated),-69,1
06:78:F0:A9:04:DA,NA,(not associated),-67,1
06:7A:67:2C:79:6E,NA,(not associated),-43,1
06:7A:C7:6A:0D:DD,NA,(not associated),-59,1
06:7D:9B:B7:89:E9,NA,(not associated),-45,1
06:7F:CA:8B:6C:FB,NA,(not associated),-45,1
06:81:11:0C:87:AA,NA,(not associated),-65,1
06:83:21:D7:DD:91,NA,(not associated),-59,1
06:84:0A:DD:76:9D,NA,(not associated),-45,1
06:85:12:6E:03:83,NA,(not associated),-63,1
06:86:08:25:A2:37,NA,(not associated),-43,1
06:8E:78:FC:9A:02,NA,(not associated),-57,1
06:90:90:0D:01:7D,NA,(not associated),-67,1
06:91:FB:71:36:87,NA,(not associated),-51,1
06:9A:D4:B1:27:AB,NA,(not associated),-51,1
06:9E:59:C4:C1:54,NA,(not associated),-39,1
06:9F:56:0F:39:52,NA,(not associated),-47,1
06:A4:F6:7F:2F:D0,NA,(not associated),-39,1
06:A5:21:03:91:DF,NA,(not associated),-57,1
06:AA:E8:E7:80:9C,NA,(not associated),-35,1
06:AE:6F:AF:1A:FD,NA,(not associated),-43,1
06:B3:02:05:BE:39,NA,(not associated),-55,1
06:B5:AB:83:E8:FD,NA,(not associated),-69,1
06:BB:FD:D1:C6:B1,NA,(not associated),-55,1
06:BF:5D:AD:C0:7C,NA,(not associated),-57,1
06:C1:03:13:ED:11,NA,(not associated),-63,1
06:C1:E5:05:B5:39,NA,(not associated),-43,1
06:C9:8F:B7:F1:5A,NA,(not associated),-61,1
06:CE:06:72:C1:39,NA,(not associated),-41,1
06:D0:F3:83:FC:AF,NA,(not associated),-57,1
06:D4:FF:C0:D8:F3,NA,(not associated),-71,1
06:D6:91:B7:97:64,NA,(not associated),-51,1
06:D7:47:97:EA:6E,NA,(not associated),-55,1
06:D7:4A:16:68:F3,NA,(not associated),-41,1
06:D8:B1:3E:4C:C8,NA,(not associated),-65,1
06:DF:6B:C3:B7:F6,NA,(not associated),-63,1
06:E1:66:83:9D:91,NA,(not associated),-49,1
06:EB:89:F6:48:B6,NA,(not associated),-77,1
06:EC:97:CC:CE:07,NA,(not associated),-39,1
06:EC:D7:C1:EE:BF,NA,(not associated),-65,1
06:F1:DE:6F:45:0A,NA,(not associated),-45,1
06:F2:38:D0:85:2F,NA,(not associated),-61,1
06:F3:32:94:4E:44,NA,(not associated),-47,1
06:FE:66:AB:11:11,NA,(not associated),-45,1
0A:00:E1:1A:2E:7A,NA,(not associated),-63,1
0A:02:24:72:1E:9B,NA,(not associated),-59,1
0A:05:F2:35:5A:2F,NA,(not associated),-51,1
0A:08:7D:75:23:88,NA,(not associated),-49,1
0A:0C:1B:8F:F3:59,NA,(not associated),-51,1
0A:0C:2A:8F:7B:EE,NA,(not associated),-57,1
0A:0E:98:91:BD:0A,NA,(not associated),-47,1
0A:0E:AD:1E:91:05,NA,(not associated),-47,1
0A:16:65:BD:96:3D,NA,(not associated),-51,1
0A:17:0B:38:46:EA,NA,(not associated),-66,1
0A:19:93:E7:B6:71,NA,(not associated),-57,1
0A:1A:BA:8A:D0:96,NA,(not associated),-59,1
0A:1B:8C:4B:81:BE,NA,(not associated),-61,1
0A:1C:64:24:37:55,NA,(not associated),-67,1
0A:24:61:A6:97:51,NA,(not associated),-57,1
0A:27:96:D3:A4:67,NA,(not associated),-63,1
0A:2A:85:44:4B:71,NA,(not associated),-45,1
0A:2D:6B:01:48:C7,NA,(not associated),-51,1
0A:2F:2E:36:0D:62,NA,(not associated),-59,1
0A:31:46:3C:18:DB,NA,(not associated),-55,1
0A:35:45:BD:0B:C2,NA,(not associated),-33,1
0A:38:5A:1E:E9:AD,NA,00:25:00:FF:94:73,-72,1
0A:39:A2:BE:18:F8,NA,(not associated),-57,1
0A:3C:B1:26:A4:A4,NA,(not associated),-65,1
0A:3D:79:07:8A:5C,NA,(not associated),-67,1
0A:3E:C3:89:79:6E,NA,(not associated),-37,1
0A:40:A9:9A:D6:4D,NA,(not associated),-73,1
0A:43:38:EB:46:E0,NA,(not associated),-61,1
0A:43:D0:EC:EC:4D,NA,(not associated),-47,1
0A:47:5C:DD:8F:98,NA,(not associated),-51,1
0A:4D:96:6D:E6:6F,NA,(not associated),-53,1
0A:50:D9:B2:15:CA,NA,(not associated),-35,1
0A:50:E5:03:DC:0F,NA,(not associated),-59,1
0A:52:41:CE:5C:19,NA,(not associated),-67,1
0A:52:8A:B8:00:73,NA,(not associated),-53,1
0A:54:D8:23:DA:E8,NA,(not associated),-51,1
0A:57:35:54:9F:F1,NA,(not associated),-65,1
0A:60:02:5F:0C:5F,NA,(not associated),-45,1
0A:66:5F:AA:F5:56,NA,(not associated),-55,1
0A:6D:EB:BC:F7:01,NA,(not associated),-69,1
0A:71:B3:B7:46:46,NA,(not associated),-41,1
0A:72:C1:DA:15:FF,NA,(not associated),-67,1
0A:78:A4:3A:A4:89,NA,(not associated),-39,1
0A:79:89:A8:82:DC,NA,(not associated),-61,1
0A:7A:6C:AF:77:4D,NA,(not associated),-69,1
0A:7C:9F:65:F9:EC,NA,(not associated),-51,1
0A:7D:5E:49:1E:4C,NA,(not associated),-63,1
0A:82:A0:E7:B2:4A,NA,(not associated),-67,1
0A:84:9C:4E:2A:7C,NA,(not associated),-67,1
0A:87:AE:B8:EC:73,NA,(not associated),-47,1
0A:8B:68:63:23:BE,NA,(not associated),-67,1
0A:8D:D1:92:E5:FD,NA,(not associated),-65,1
0A:8D:D9:90:E8:13,NA,(not associated),-63,1
0A:90:36:50:C8:AB,NA,(not associated),-51,1
0A:92:FA:91:DF:43,NA,(not associated),-55,1
0A:93:11:47:E0:AC,NA,(not associated),-69,1
0A:96:FE:BF:A8:67,NA,(not associated),-59,1
0A:98:C2:DE:46:BD,NA,(not associated),-65,1
0A:9A:53:8F:11:91,NA,(not associated),-41,1
0A:9B:87:47:73:43,NA,(not associated),-49,1
0A:9B:AE:2B:0B:01,NA,(not associated),-59,1
0A:9D:B5:83:9E:8C,NA,(not associated),-69,1
0A:9F:48:92:5E:08,NA,(not associated),-51,1
0A:A0:85:0E:E6:EB,NA,(not associated),-39,1
0A:A3:14:C5:FB:48,NA,(not associated),-67,1
0A:A4:00:67:C1:96,NA,(not associated),-59,1
0A:A6:5E:BA:19:3A,NA,(not associated),-55,1
0A:A8:12:58:B8:E6,NA,(not associated),-53,1
0A:A8:2D:93:9B:83,NA,(not associated),-59,1
0A:AB:64:E1:93:E0,NA,(not associated),-59,1
0A:AD:D9:23:4A:15,NA,(not associated),-45,1
0A:AF:C4:D8:B4:F7,NA,(not associated),-51,1
0A:B1:CF:96:61:F3,NA,(not associated),-63,1
0A:B1:E7:35:DF:89,NA,(not associated),-55,1
0A:B4:EB:50:F0:CA,NA,(not associated),-61,1
0A:B7:0E:30:50:F0,NA,(not associated),-35,1
0A:B7:BA:47:C9:52,NA,(not associated),-63,1
0A:B9:45:24:C9:E6,NA,(not associated),-69,1
0A:BA:86:19:AB:17,NA,(not associated),-53,1
0A:BD:B4:2D:E3:7F,NA,(not associated),-53,1
0A:BD:EA:B3:4F:63,NA,(not associated),-71,1
0A:BE:AF:87:ED:76,NA,(not associated),-49,1
0A:C0:B4:ED:47:B4,NA,(not associated),-55,1
0A:C6:14:56:82:E2,NA,(not associated),-59,1
0A:C6:5E:94:AF:57,NA,(not associated),-63,1
0A:C8:43:52:94:B8,NA,(not associated),-69,1
0A:C8:CF:BF:70:32,NA,(not associated),-61,1
0A:C9:13:28:B4:51,NA,(not associated),-61,1
0A:C9:F8:62:41:9B,NA,(not associated),-61,1
0A:CB:62:5F:84:94,NA,(not associated),-55,1
0A:CC:D8:E2:C4:9A,NA,(not associated),-57,1
0A:CD:3C:69:BA:F6,NA,(not associated),-53,1
0A:CF:E9:59:B8:0E,NA,(not associated),-77,1
0A:D3:5F:D9:A1:A2,NA,(not associated),-57,1
0A:D4:92:A4:2D:55,NA,(not associated),-57,1
0A:D7:63:11:75:9D,NA,(not associated),-61,1
0A:D8:0E:E5:F3:D6,NA,(not associated),-33,1
0A:D8:8A:F2:9A:2A,NA,(not associated),-61,1
0A:DA:B8:61:58:DC,NA,(not associated),-55,1
0A:DD:99:56:A9:D6,NA,00:25:00:FF:94:73,-83,1
0A:DD:CA:16:60:93,NA,(not associated),-57,1
0A:DE:8A:5D:13:1F,NA,(not associated),-55,1
0A:E2:F4:06:4E:30,NA,(not associated),-63,1
0A:E4:A9:DD:B1:1D,NA,(not associated),-49,1
0A:E9:0D:40:1A:69,NA,(not associated),-55,1
0A:EA:34:FE:3A:84,NA,(not associated),-35,1
0A:ED:BA:A8:BB:0E,NA,(not associated),-63,1
0A:ED:C0:D0:8C:04,NA,(not associated),-49,1
0A:F1:CB:1C:F4:CC,NA,(not associated),-41,1
0A:F5:80:4B:74:6A,NA,(not associated),-69,1
0A:F5:E7:3C:AA:86,NA,(not associated),-51,1
0A:F6:3B:73:76:88,NA,(not associated),-49,1
0A:F6:B9:74:76:60,NA,(not associated),-55,1
0A:F8:A1:D0:8B:F7,NA,(not associated),-59,1
0A:F8:DD:57:D3:5E,NA,(not associated),-49,1
0A:FA:86:95:7A:86,NA,(not associated),-61,1
0A:FB:71:F5:5D:2D,NA,(not associated),-59,1
0A:FF:06:28:7C:01,NA,(not associated),-35,1
0A:FF:56:59:5F:43,NA,(not associated),-41,1
0E:04:27:D5:0F:C1,NA,(not associated),-63,1
0E:07:62:8E:53:97,NA,(not associated),-81,1
0E:08:0C:2F:9F:1D,NA,(not associated),-55,1
0E:08:67:12:2E:71,NA,(not associated),-61,1
0E:0D:D7:A2:0C:9D,NA,(not associated),-23,1
0E:12:06:26:31:3F,NA,(not associated),-43,1
0E:15:45:9A:87:38,NA,(not associated),-55,1
0E:16:EA:8E:CC:F2,NA,(not associated),-63,1
0E:18:E9:76:DF:1C,NA,(not associated),-35,1
0E:1D:33:AD:AA:50,NA,(not associated),-59,1
0E:22:26:33:CF:BB,NA,(not associated),-63,1
0E:22:57:F9:06:AF,NA,(not associated),-57,1
0E:26:E7:60:94:32,NA,(not associated),-53,1
0E:2A:1F:2B:DE:4B,NA,(not associated),-69,1
0E:31:7E:15:EA:38,NA,(not associated),-47,1
0E:34:87:2E:77:F7,NA,(not associated),-49,1
0E:41:3A:4C:2B:B0,NA,(not associated),-63,1
0E:41:88:31:D4:69,NA,(not associated),-41,1
0E:47:99:33:C7:10,NA,(not associated),-41,1
0E:4A:BE:F1:04:7E,NA,(not associated),-61,1
0E:4B:C0:C5:4A:44,NA,(not associated),-53,1
0E:4F:26:3C:A6:55,NA,(not associated),-55,1
0E:53:DA:4D:12:15,NA,(not associated),-63,1
0E:56:3E:35:82:4A,NA,(not associated),-53,1
0E:57:C4:D9:5C:BC,NA,(not associated),-67,1
0E:59:1C:95:83:D9,NA,(not associated),-35,1
0E:5C:69:DA:B3:9D,NA,(not associated),-57,1
0E:5D:07:4C:7A:DB,NA,(not associated),-63,1
0E:5E:E7:AB:A3:70,NA,(not associated),-49,1
0E:66:6F:99:4B:8D,NA,(not associated),-45,1
0E:67:77:1E:4A:C0,NA,(not associated),-59,1
0E:6D:03:8A:EC:F7,NA,(not associated),-49,1
0E:6E:7F:7C:37:E2,NA,(not associated),-53,1
0E:6F:14:74:F0:67,NA,(not associated),-59,1
0E:74:88:6C:FA:C7,NA,(not associated),-53,1
0E:75:7E:E0:CB:34,NA,(not associated),-47,1
0E:78:70:28:3A:AA,NA,(not associated),-61,1
0E:79:3A:73:3D:E9,NA,(not associated),-63,1
0E:79:C9:A1:AF:04,NA,(not associated),-37,1
0E:7D:B9:57:35:2B,NA,(not associated),-55,1
0E:84:A5:1B:30:0B,NA,(not associated),-59,1
0E:86:FB:33:89:DF,NA,(not associated),-61,1
0E:89:51:A5:86:75,NA,(not associated),-51,1
0E:8A:A2:54:FE:89,NA,(not associated),-61,1
0E:8C:A1:2D:86:8C,NA,(not associated),-37,1
0E:92:C3:27:7D:36,NA,(not associated),-53,1
0E:94:2A:07:76:12,NA,(not associated),-53,1
0E:95:0B:8E:CE:97,NA,(not associated),-53,1
0E:95:7D:04:EC:B4,NA,(not associated),-63,1
0E:97:71:FC:57:02,NA,(not associated),-73,1
0E:9A:06:9C:79:37,NA,(not associated),-61,1
0E:9A:6F:3F:AB:49,NA,(not associated),-59,1
0E:A2:9B:A8:11:13,NA,(not associated),-33,1
0E:A2:D4:8E:F5:2F,NA,(not associated),-65,1
0E:A7:00:EC:04:E9,NA,(not associated),-37,1
0E:A9:D7:3C:0B:C5,NA,(not associated),-65,1
0E:AA:AA:F4:1F:66,NA,(not associated),-51,1
0E:AB:B2:7A:22:A3,NA,(not associated),-65,1
0E:B0:C9:1F:19:39,NA,(not associated),-65,1
0E:B1:04:D0:EF:31,NA,(not associated),-53,1
0E:B6:78:56:BE:35,NA,(not associated),-57,1
0E:B6:B5:2E:59:E7,NA,(not associated),-59,1
0E:BC:08:E5:99:B3,NA,(not associated),-45,1
0E:BC:6B:5A:77:8B,NA,(not associated),-63,1
0E:BD:15:7C:3B:1A,NA,(not associated),-61,1
0E:BE:AB:F6:5C:0C,NA,(not associated),-47,1
0E:C8:3F:52:CE:6F,NA,(not associated),-61,1
0E:C9:14:24:13:CA,NA,(not associated),-55,1
0E:C9:D8:75:BD:7A,NA,(not associated),-35,1
0E:CC:7E:5B:48:1B,NA,(not associated),-57,1
0E:CC:F8:73:17:04,NA,(not associated),-61,1
0E:CE:62:EE:F5:5F,NA,(not associated),-45,1
0E:CE:CD:A7:AC:C9,NA,(not associated),-57,1
0E:CF:74:D0:35:F7,NA,(not associated),-63,1
0E:D0:60:06:C2:A8,NA,(not associated),-63,1
0E:D1:53:9E:B9:C4,NA,(not associated),-57,1
0E:D1:A8:D3:A8:08,NA,(not associated),-65,1
0E:D4:8C:9C:2A:6A,NA,(not associated),-61,1
0E:D7:7E:4C:49:4C,NA,(not associated),-57,1
0E:DE:3C:80:F1:C9,NA,(not associated),-55,1
0E:DE:5F:CF:1E:FC,NA,(not associated),-59,1
0E:DE:C6:AF:14:1F,NA,(not associated),-59,1
0E:E0:E7:6B:B8:C1,NA,(not associated),-65,1
0E:E6:9B:22:78:DA,NA,(not associated),-41,1
0E:E6:F5:22:3D:D7,NA,(not associated),-59,1
0E:E9:73:C1:E7:A8,NA,(not associated),-55,1
0E:EC:0C:9B:F4:26,NA,(not associated),-55,1
0E:EE:3C:EC:2A:D1,NA,(not associated),-57,1
0E:EF:92:52:96:86,NA,(not associated),-45,1
0E:F2:57:17:9B:2B,NA,(not associated),-67,1
0E:F2:BE:24:81:68,NA,(not associated),-65,1
0E:F3:CD:49:EC:11,NA,(not associated),-55,1
0E:F4:21:60:78:70,NA,(not associated),-67,1
0E:F4:F4:C7:5D:B2,NA,(not associated),-63,1
0E:F9:62:C0:47:53,NA,(not associated),-63,1
0E:FB:1F:AC:F1:FF,NA,(not associated),-57,1
0E:FD:7E:18:E5:22,NA,(not associated),-67,1
0E:FE:17:5C:9A:28,NA,(not associated),-37,1
10:51:07:FF:1E:78,Intel Corporate,(not associated),-83,1
10:51:07:FF:1E:7D,Intel Corporate,(not associated),-75,1
10:51:07:FF:42:68,Intel Corporate,(not associated),-73,1
12:01:25:25:F5:7C,NA,(not associated),-47,1
12:02:06:BA:7F:56,NA,(not associated),-63,1
12:03:E2:32:A0:C2,NA,(not associated),-47,1
12:0A:AA:6C:59:82,NA,(not associated),-43,1
12:0B:6F:BA:92:D5,NA,(not associated),-51,1
12:0D:DF:DD:B2:B4,NA,(not associated),-69,1
12:0E:67:84:FF:34,NA,(not associated),-45,1
12:11:A8:4F:6A:DA,NA,(not associated),-57,1
12:14:FB:B0:02:C0,NA,(not associated),-67,1
12:15:5F:DA:EA:DE,NA,(not associated),-65,1
12:16:C6:B7:7B:76,NA,(not associated),-61,1
12:1D:EC:42:E9:94,NA,(not associated),-69,1
12:22:30:00:F7:7A,NA,(not associated),-43,1
12:23:FD:38:B7:B2,NA,(not associated),-51,1
12:2B:41:4D:56:58,NA,(not associated),-65,1
12:2B:54:F8:FA:78,NA,(not associated),-61,1
12:2B:89:76:C2:14,NA,(not associated),-57,1
12:2C:53:DE:B4:79,NA,(not associated),-47,1
12:2E:45:9C:5F:C7,NA,(not associated),-51,1
12:2E:AB:3E:A3:C6,NA,(not associated),-59,1
12:30:6D:F0:62:EF,NA,(not associated),-61,1
12:31:DE:0F:96:9B,NA,(not associated),-63,1
12:32:AC:FC:56:71,NA,(not associated),-69,1
12:34:0A:97:6F:19,NA,(not associated),-51,1
12:38:B9:2F:AE:8D,NA,(not associated),-43,1
12:3D:11:25:46:4C,NA,(not associated),-41,1
12:3E:9C:17:54:DA,NA,(not associated),-35,1
12:41:8B:DB:6E:E0,NA,(not associated),-47,1
12:49:1B:1E:8B:96,NA,(not associated),-63,1
12:4D:C1:BE:58:C3,NA,(not associated),-61,1
12:4E:AD:43:70:35,NA,(not associated),-39,1
12:58:A4:26:AB:7F,NA,(not associated),-37,1
12:5E:32:52:54:5C,NA,(not associated),-55,1
12:60:D4:6E:3E:D6,NA,(not associated),-63,1
12:61:8E:4F:28:FA,NA,(not associated),-69,1
12:62:D8:91:08:78,NA,(not associated),-67,1
12:65:9E:14:12:B8,NA,(not associated),-53,1
12:68:70:32:3F:95,NA,(not associated),-65,1
12:69:FE:27:C0:87,NA,(not associated),-51,1
12:6A:82:AC:EF:3C,NA,(not associated),-53,1
12:6A:BE:24:8D:2F,NA,(not associated),-67,1
12:6D:70:2D:5E:65,NA,(not associated),-53,1
12:71:CA:47:7B:AD,NA,(not associated),-69,1
12:71:E5:6A:99:2C,NA,(not associated),-51,1
12:71:E7:1E:A5:DC,NA,(not associated),-51,1
12:72:4F:39:DA:4E,NA,(not associated),-61,1
12:74:8C:9F:83:DE,NA,(not associated),-57,1
12:77:58:3A:0C:57,NA,(not associated),-69,1
12:7B:20:55:DE:50,NA,(not associated),-45,1
12:87:15:8F:37:2C,NA,(not associated),-47,1
12:87:3D:9A:03:06,NA,(not associated),-41,1
12:8B:CA:68:85:16,NA,(not associated),-61,1
12:8E:1C:83:91:54,NA,(not associated),-63,1
12:8E:83:9A:3E:08,NA,(not associated),-41,1
12:90:03:43:48:6F,NA,(not associated),-61,1
12:90:5C:09:65:E7,NA,(not associated),-61,1
12:92:52:25:7F:FB,NA,(not associated),-59,1
12:96:B7:81:AE:EA,NA,(not associated),-69,1
12:99:B6:86:A5:B5,NA,(not associated),-57,1
12:9E:C3:F4:72:E5,NA,(not associated),-71,1
12:9E:E9:56:B3:65,NA,(not associated),-57,1
12:A2:8D:67:20:A5,NA,(not associated),-63,1
12:A6:AE:69:70:60,NA,(not associated),-59,1
12:A8:23:B3:27:6D,NA,(not associated),-61,1
12:A9:E4:40:E0:68,NA,(not associated),-61,1
12:AC:53:0D:A1:28,NA,(not associated),-85,1
12:B0:C1:3F:A2:2F,NA,(not associated),-69,1
12:B1:F6:C6:EE:6C,NA,(not associated),-55,1
12:B7:62:53:B9:80,NA,(not associated),-51,1
12:B8:C1:91:2C:7D,NA,(not associated),-61,1
12:B9:FA:8B:26:E3,NA,(not associated),-55,1
12:BB:F3:92:39:01,NA,(not associated),-75,1
12:BB:F3:92:4F:FD,NA,(not associated),-75,1
12:BB:F3:92:5B:1B,NA,(not associated),-73,1
12:BB:F3:92:61:75,NA,(not associated),-83,1
12:BF:FD:9B:7A:65,NA,(not associated),-61,1
12:C2:8B:25:73:7D,NA,(not associated),-63,1
12:C4:28:E3:1E:C8,NA,(not associated),-65,1
12:C4:7B:9A:B7:10,NA,(not associated),-41,1
12:C4:D2:CE:A2:30,NA,(not associated),-77,1
12:C5:06:DA:65:59,NA,(not associated),-45,1
12:C5:4B:96:24:C8,NA,(not associated),-67,1
12:C8:2F:AF:00:97,NA,(not associated),-41,1
12:CC:9E:61:9A:33,NA,(not associated),-59,1
12:CE:11:12:D9:B4,NA,(not associated),-65,1
12:CE:3B:7F:57:0A,NA,(not associated),-49,1
12:D0:AE:EC:C3:51,NA,(not associated),-69,1
12:D0:EE:4A:F1:7D,NA,(not associated),-57,1
12:D4:A9:7E:75:B3,NA,(not associated),-39,1
12:D8:A0:12:F1:BF,NA,(not associated),-51,1
12:DA:47:3D:59:7C,NA,(not associated),-61,1
12:DB:59:F8:53:F0,NA,(not associated),-65,1
12:DD:EE:58:BC:A3,NA,(not associated),-53,1
12:DE:38:68:33:F6,NA,(not associated),-61,1
12:E0:04:E6:2E:5B,NA,(not associated),-63,1
12:E0:7E:13:68:4A,NA,(not associated),-45,1
12:E4:70:1B:00:1E,NA,(not associated),-61,1
12:E5:F5:64:DF:80,NA,(not associated),-59,1
12:EC:44:E5:D1:4C,NA,(not associated),-57,1
12:EE:EE:71:D7:9E,NA,(not associated),-57,1
12:EF:58:51:0C:E2,NA,(not associated),-67,1
12:F0:71:D7:22:B4,NA,(not associated),-67,1
12:F0:F4:D6:AA:B0,NA,(not associated),-69,1
12:F2:23:A7:71:F7,NA,(not associated),-65,1
12:F3:84:B8:4B:8D,NA,(not associated),-47,1
12:F5:B5:BF:D5:F7,NA,(not associated),-81,1
12:FA:16:68:DE:4F,NA,(not associated),-63,1
12:FA:FC:08:C1:C3,NA,(not associated),-59,1
12:FC:92:BD:77:5C,NA,(not associated),-57,1
12:FD:02:21:B9:9C,NA,(not associated),-63,1
12:FE:DF:CE:33:DE,NA,(not associated),-57,1
12:FF:E9:09:55:13,NA,(not associated),-57,1
16:00:CF:7D:C4:FA,NA,(not associated),-61,1
16:0A:76:2B:C7:8A,NA,(not associated),-72,1
16:0A:7A:DB:37:A9,NA,(not associated),-45,1
16:0F:66:22:61:1A,NA,(not associated),-49,1
16:16:BB:81:73:CD,NA,(not associated),-69,1
16:19:21:6C:AF:A5,NA,(not associated),-53,1
16:1B:99:A7:EB:43,NA,(not associated),-55,1
16:28:69:A0:7C:AB,NA,(not associated),-59,1
16:2D:B0:2B:2F:51,NA,(not associated),-57,1
16:2E:15:AB:D1:5F,NA,(not associated),-71,1
16:31:61:4A:8B:BC,NA,(not associated),-57,1
16:37:80:40:EF:6B,NA,(not associated),-53,1
16:38:38:1B:B9:70,NA,(not associated),-43,1
16:3B:22:42:4E:1C,NA,(not associated),-71,1
16:3E:BD:B6:88:82,NA,(not associated),-53,1
16:42:35:D7:BC:FE,NA,(not associated),-67,1
16:44:33:EF:1F:7B,NA,(not associated),-51,1
16:47:A6:22:E7:E7,NA,(not associated),-65,1
16:47:DF:5F:6A:66,NA,(not associated),-71,1
16:4A:4C:A5:4E:41,NA,(not associated),-61,1
16:4A:EB:5C:7F:17,NA,(not associated),-49,1
16:4C:11:88:15:08,NA,(not associated),-55,1
16:4D:46:03:C9:E2,NA,(not associated),-47,1
16:53:42:CB:C2:09,NA,(not associated),-51,1
16:58:4A:CC:4F:6F,NA,(not associated),-59,1
16:5A:1D:20:A0:DF,NA,(not associated),-47,1
16:5A:A8:0E:DD:5A,NA,(not associated),-45,1
16:5D:A4:F4:8D:FA,NA,(not associated),-59,1
16:5F:0A:E0:A1:EB,NA,(not associated),-35,1
16:60:C3:24:1D:A1,NA,(not associated),-65,1
16:62:85:D2:81:0A,NA,(not associated),-35,1
16:63:88:4B:A4:AC,NA,(not associated),-55,1
16:68:96:CF:F5:91,NA,(not associated),-59,1
16:6A:62:15:E1:CC,NA,(not associated),-55,1
16:6A:F5:DB:5D:91,NA,(not associated),-67,1
16:6D:1A:76:45:5A,NA,(not associated),-59,1
16:6E:03:68:1C:64,NA,(not associated),-49,1
16:6E:46:31:1E:DF,NA,(not associated),-61,1
16:71:CA:16:85:17,NA,(not associated),-57,1
16:75:D1:C4:B7:DA,NA,(not associated),-69,1
16:7D:B8:B9:E8:D3,NA,(not associated),-67,1
16:7E:8F:C9:DD:8E,NA,A6:02:B9:73:2F:76,-63,1
16:7F:EE:44:29:59,NA,(not associated),-59,1
16:81:F4:33:83:CE,NA,(not associated),-55,1
16:82:3E:EF:B3:45,NA,(not associated),-63,1
16:8B:2C:0C:53:27,NA,(not associated),-73,1
16:8B:48:65:C0:8B,NA,(not associated),-55,1
16:8C:22:00:E7:BA,NA,(not associated),-63,1
16:8C:9B:54:CD:66,NA,(not associated),-51,1
16:8D:A8:A5:BA:54,NA,(not associated),-63,1
16:90:AF:FB:66:A5,NA,(not associated),-55,1
16:96:16:6F:67:FF,NA,(not associated),-45,1
16:9C:E9:98:62:1F,NA,(not associated),-51,1
16:A0:3C:87:69:74,NA,(not associated),-67,1
16:A1:66:B8:8F:82,NA,(not associated),-57,1
16:A1:EF:C1:27:9F,NA,(not associated),-51,1
16:A3:1B:63:4B:AD,NA,(not associated),-63,1
16:A3:8F:4D:97:78,NA,(not associated),-43,1
16:A4:3F:0C:14:D8,NA,(not associated),-61,1
16:A4:E5:EE:7E:0B,NA,(not associated),-59,1
16:A6:15:D0:9D:0B,NA,(not associated),-63,1
16:A6:F0:D2:EB:B9,NA,(not associated),-57,1
16:AC:8E:80:84:60,NA,(not associated),-49,1
16:AF:4C:DD:C6:EB,NA,(not associated),-57,1
16:B1:62:2F:FD:44,NA,(not associated),-45,1
16:B2:CB:7C:2B:DC,NA,(not associated),-61,1
16:BB:61:AB:22:B5,NA,(not associated),-61,1
16:C0:1C:35:2D:24,NA,(not associated),-57,1
16:C1:4E:B6:62:E8,NA,(not associated),-69,1
16:C2:E1:61:11:FB,NA,(not associated),-65,1
16:C4:E4:16:CE:7E,NA,(not associated),-61,1
16:C7:1F:40:63:CB,NA,(not associated),-55,1
16:CE:C0:34:A9:5F,NA,(not associated),-49,1
16:D3:EA:C7:25:E6,NA,(not associated),-57,1
16:D5:6B:89:22:7F,NA,(not associated),-67,1
16:D6:15:12:49:47,NA,(not associated),-57,1
16:D6:73:F9:82:50,NA,(not associated),-43,1
16:DA:A7:63:4A:52,NA,(not associated),-41,1
16:DC:DF:39:4B:2B,NA,(not associated),-69,1
16:DF:F2:02:3E:33,NA,(not associated),-63,1
16:E1:B0:5F:42:BE,NA,(not associated),-71,1
16:E3:21:D7:40:02,NA,(not associated),-61,1
16:E3:EB:4D:A5:5E,NA,(not associated),-57,1
16:F0:B4:B9:97:FB,NA,(not associated),-59,1
16:F1:61:60:96:D3,NA,(not associated),-61,1
16:F2:01:FF:99:A9,NA,(not associated),-45,1
16:F4:D9:B2:B6:76,NA,(not associated),-63,1
16:FE:74:59:AA:8B,NA,(not associated),-61,1
1A:00:B2:75:C9:D4,NA,(not associated),-63,1
1A:02:09:D3:A3:D6,NA,(not associated),-61,1
1A:02:15:14:C7:EF,NA,(not associated),-63,1
1A:04:00:CC:B5:BD,NA,(not associated),-55,1
1A:05:01:6F:DB:E5,NA,(not associated),-65,1
1A:06:22:C7:00:95,NA,(not associated),-61,1
1A:09:76:1D:C8:41,NA,(not associated),-63,1
1A:09:98:2F:F6:CC,NA,(not associated),-61,1
1A:0C:DF:0B:51:94,NA,(not associated),-49,1
1A:0D:0D:6C:9D:23,NA,(not associated),-61,1
1A:0D:E3:6E:5E:16,NA,(not associated),-73,1
1A:12:79:02:D8:96,NA,(not associated),-65,1
1A:15:FA:01:58:D5,NA,(not associated),-69,1
1A:16:71:A8:82:4A,NA,(not associated),-61,1
1A:18:8C:7D:8B:55,NA,(not associated),-63,1
1A:1D:04:0A:5F:FB,NA,(not associated),-67,1
1A:1F:54:64:3E:D7,NA,(not associated),-71,1
1A:21:C1:E1:77:C9,NA,(not associated),-69,1
1A:25:A1:85:7D:FB,NA,(not associated),-67,1
1A:26:6A:E6:3F:CD,NA,(not associated),-67,1
1A:29:48:80:93:F4,NA,(not associated),-67,1
1A:2B:B2:48:47:90,NA,(not associated),-55,1
1A:2D:95:6F:81:71,NA,(not associated),-35,1
1A:30:36:45:20:C2,NA,(not associated),-71,1
1A:36:15:64:94:3A,NA,(not associated),-57,1
1A:3A:A0:7D:15:C9,NA,(not associated),-53,1
1A:3D:11:D5:D2:94,NA,(not associated),-67,1
1A:49:7E:36:7B:7F,NA,(not associated),-53,1
1A:4B:A5:6E:C6:77,NA,(not associated),-45,1
1A:4F:47:F7:B8:04,NA,(not associated),-77,1
1A:4F:BF:6D:7B:92,NA,(not associated),-59,1
1A:54:39:56:1A:50,NA,(not associated),-67,1
1A:56:A1:25:52:6A,NA,(not associated),-43,1
1A:57:E3:FF:5E:3E,NA,(not associated),-45,1
1A:58:E2:23:1B:55,NA,(not associated),-55,1
1A:5B:78:81:02:30,NA,(not associated),-55,1
1A:5E:41:3B:63:21,NA,(not associated),-63,1
1A:60:6D:E7:DF:AC,NA,(not associated),-81,1
1A:60:C9:FE:82:10,NA,(not associated),-47,1
1A:60:D7:08:C0:DC,NA,(not associated),-51,1
1A:61:A5:5C:3B:F4,NA,(not associated),-63,1
1A:68:6E:95:4C:D8,NA,(not associated),-59,1
1A:69:2F:26:CE:4E,NA,(not associated),-39,1
1A:69:9A:57:8C:41,NA,(not associated),-69,1
1A:71:43:CA:E8:18,NA,(not associated),-61,1
1A:73:53:89:BD:6C,NA,(not associated),-35,1
1A:77:07:F5:86:EB,NA,(not associated),-63,1
1A:7B:4B:46:76:B3,NA,(not associated),-49,1
1A:7C:71:23:67:03,NA,(not associated),-73,1
1A:7D:73:0B:D4:D8,NA,(not associated),-45,1
1A:81:37:80:FB:44,NA,(not associated),-67,1
1A:8A:76:DC:6C:0B,NA,(not associated),-63,1
1A:8D:29:7B:39:62,NA,(not associated),-47,1
1A:90:D7:D5:19:77,NA,(not associated),-61,1
1A:94:FA:B5:3F:41,NA,(not associated),-57,1
1A:95:BE:95:93:B8,NA,(not associated),-71,1
1A:9B:A8:F9:7C:79,NA,(not associated),-53,1
1A:A0:4E:0D:8F:AE,NA,(not associated),-57,1
1A:A0:BD:53:54:58,NA,(not associated),-49,1
1A:A9:41:CD:AC:01,NA,(not associated),-53,1
1A:AC:21:9D:63:F1,NA,(not associated),-67,1
1A:AD:BD:BF:5D:AC,NA,(not associated),-59,1
1A:B1:80:3D:E8:A8,NA,(not associated),-61,1
1A:B2:AB:D2:B2:0C,NA,(not associated),-61,1
1A:B4:54:59:A4:8C,NA,(not associated),-57,1
1A:B9:75:9E:77:21,NA,(not associated),-53,1
1A:BA:C6:DC:15:44,NA,(not associated),-41,1
1A:BB:39:77:88:66,NA,(not associated),-45,1
1A:C4:C2:DB:5A:BB,NA,(not associated),-51,1
1A:C7:3A:0C:C4:0F,NA,(not associated),-55,1
1A:C9:40:2F:28:4C,NA,(not associated),-73,1
1A:CC:94:16:C6:FC,NA,(not associated),-65,1
1A:CD:E7:B6:03:6E,NA,(not associated),-43,1
1A:CD:F9:00:D8:15,NA,(not associated),-65,1
1A:D1:3B:A5:BA:F7,NA,(not associated),-55,1
1A:D4:DA:49:EC:28,NA,(not associated),-51,1
1A:D8:56:36:1A:09,NA,(not associated),-51,1
1A:DA:06:DF:77:B7,NA,(not associated),-49,1
1A:DB:55:0A:DB:F8,NA,(not associated),-59,1
1A:DF:70:12:61:FF,NA,(not associated),-65,1
1A:DF:B2:96:C8:29,NA,(not associated),-31,1
1A:E1:54:8D:7D:0A,NA,(not associated),-55,1
1A:E4:F1:0E:A6:64,NA,(not associated),-67,1
1A:E9:A3:61:FC:76,NA,(not associated),-47,1
1A:E9:CB:D0:D5:50,NA,(not associated),-37,1
1A:EA:9C:76:08:35,NA,(not associated),-65,1
1A:EC:12:2E:B0:88,NA,(not associated),-43,1
1A:ED:1B:54:51:57,NA,(not associated),-43,1
1A:F0:EB:42:CC:5E,NA,(not associated),-61,1
1A:F1:44:3F:03:FD,NA,(not associated),-45,1
1A:F5:5A:AB:8B:5D,NA,(not associated),-49,1
1A:F6:29:5E:A3:74,NA,(not associated),-61,1
1A:F6:47:B5:18:ED,NA,(not associated),-51,1
1A:F6:5D:C7:2C:48,NA,(not associated),-43,1
1E:08:BB:C7:68:BD,NA,(not associated),-49,1
1E:09:05:3C:88:E3,NA,(not associated),-67,1
1E:0E:C7:B6:7A:28,NA,(not associated),-61,1
1E:0F:BA:DB:02:37,NA,(not associated),-63,1
1E:11:35:EA:96:FC,NA,(not associated),-67,1
1E:12:2B:CC:58:03,NA,(not associated),-57,1
1E:14:FE:70:43:5B,NA,(not associated),-65,1
1E:18:39:EE:F5:BC,NA,(not associated),-47,1
1E:19:A6:96:C4:F7,NA,(not associated),-65,1
1E:1B:4D:58:CE:D9,NA,(not associated),-65,1
1E:23:BB:42:68:D5,NA,(not associated),-61,1
1E:24:3B:C9:DD:08,NA,(not associated),-67,1
1E:25:B4:F8:EA:EA,NA,(not associated),-67,1
1E:25:D8:13:8D:5C,NA,(not associated),-49,1
1E:29:86:C7:C6:33,NA,(not associated),-65,1
1E:2B:44:B2:77:B5,NA,(not associated),-51,1
1E:2B:B7:07:37:5B,NA,(not associated),-65,1
1E:2C:9F:18:59:BA,NA,(not associated),-43,1
1E:2E:92:67:65:7E,NA,(not associated),-59,1
1E:34:48:FB:52:C2,NA,(not associated),-63,1
1E:34:ED:74:68:36,NA,(not associated),-63,1
1E:35:D4:A7:2F:86,NA,(not associated),-63,1
1E:39:32:D3:C7:D6,NA,(not associated),-37,1
1E:3A:B4:51:ED:A6,NA,(not associated),-57,1
1E:3C:6F:3B:BB:F3,NA,(not associated),-65,1
1E:3E:6C:47:C9:1D,NA,(not associated),-59,1
1E:42:3A:BB:86:49,NA,(not associated),-57,1
1E:47:14:86:5E:43,NA,(not associated),-47,1
1E:4C:24:AD:4F:55,NA,(not associated),-55,1
1E:4E:BE:8A:C6:94,NA,(not associated),-55,1
1E:4F:19:71:EE:0C,NA,(not associated),-69,1
1E:4F:68:93:3F:9C,NA,(not associated),-63,1
1E:51:A8:56:9E:B2,NA,(not associated),-61,1
1E:57:B2:AA:D1:85,NA,(not associated),-77,1
1E:5B:03:BF:86:AA,NA,(not associated),-63,1
1E:5E:DB:90:F3:F1,NA,(not associated),-51,1
1E:62:20:81:5C:4B,NA,(not associated),-55,1
1E:65:3A:2F:5E:B4,NA,(not associated),-63,1
1E:65:94:7A:C6:C4,NA,(not associated),-49,1
1E:67:DF:41:F8:D9,NA,(not associated),-57,1
1E:69:F0:24:2B:71,NA,(not associated),-63,1
1E:6B:D1:41:24:13,NA,(not associated),-61,1
1E:6C:39:79:02:EA,NA,(not associated),-47,1
1E:6D:60:EF:01:6F,NA,(not associated),-53,1
1E:6E:22:2E:03:BA,NA,(not associated),-65,1
1E:75:EC:A4:89:C5,NA,(not associated),-79,1
1E:77:19:AC:19:5E,NA,(not associated),-55,1
1E:77:E0:57:8B:8D,NA,(not associated),-55,1
1E:7E:13:54:F5:A4,NA,(not associated),-39,1
1E:7E:F4:96:A5:0E,NA,(not associated),-53,1
1E:87:47:CA:BE:BE,NA,(not associated),-65,1
1E:8A:33:B6:36:BB,NA,(not associated),-59,1
1E:8A:FE:3B:39:C4,NA,(not associated),-53,1
1E:8E:E6:18:84:1A,NA,(not associated),-63,1
1E:8E:EE:76:BD:6F,NA,(not associated),-55,1
1E:93:01:FF:54:A4,NA,(not associated),-57,1
1E:93:6E:E8:58:77,NA,(not associated),-53,1
1E:93:7B:39:34:A2,NA,(not associated),-59,1
1E:96:64:32:E4:1D,NA,(not associated),-67,1
1E:97:5D:80:90:9E,NA,(not associated),-57,1
1E:9D:55:91:23:39,NA,(not associated),-65,1
1E:A5:EE:72:F5:AE,NA,(not associated),-67,1
1E:A7:38:B2:C9:F4,NA,(not associated),-57,1
1E:A7:A5:AE:E7:E4,NA,(not associated),-49,1
1E:A8:BD:FA:FD:1E,NA,(not associated),-55,1
1E:AB:07:F0:47:11,NA,(not associated),-57,1
1E:AF:33:E1:A6:A4,NA,(not associated),-49,1
1E:B0:27:73:8F:53,NA,(not associated),-65,1
1E:B1:42:35:DD:62,NA,(not associated),-39,1
1E:B4:39:55:19:4C,NA,(not associated),-51,1
1E:B4:75:D2:17:45,NA,(not associated),-55,1
1E:B5:FB:D4:01:50,NA,(not associated),-73,1
1E:BE:B9:E3:B7:E9,NA,(not associated),-61,1
1E:C1:88:A4:E9:F7,NA,(not associated),-49,1
1E:C3:80:41:24:F0,NA,(not associated),-39,1
1E:CE:9F:4A:8A:5F,NA,(not associated),-73,1
1E:D9:AD:32:32:2D,NA,(not associated),-65,1
1E:DB:99:58:BC:A2,NA,(not associated),-63,1
1E:DF:25:C0:F4:C7,NA,(not associated),-61,1
1E:E0:C9:7A:CD:4B,NA,(not associated),-59,1
1E:E3:F3:52:37:AE,NA,(not associated),-59,1
1E:E7:C3:4C:6F:68,NA,(not associated),-55,1
1E:EE:8D:B4:51:FC,NA,(not associated),-67,1
1E:EE:C9:F0:2A:4C,NA,(not associated),-45,1
1E:EF:AA:C1:DD:45,NA,(not associated),-67,1
1E:F1:81:34:94:46,NA,(not associated),-51,1
1E:F2:B1:75:76:0B,NA,(not associated),-67,1
1E:F7:63:08:BA:7E,NA,(not associated),-65,1
1E:F9:C8:B2:92:33,NA,(not associated),-63,1
1E:FB:84:B2:07:95,NA,(not associated),-59,1
1E:FB:86:2C:D6:B0,NA,(not associated),-65,1
1E:FC:35:B3:92:1A,NA,(not associated),-63,1
1E:FF:7C:45:ED:8E,NA,(not associated),-61,1
22:00:43:91:B8:CB,NA,(not associated),-43,1
22:00:BE:90:2C:5B,NA,(not associated),-55,1
22:01:42:34:8B:8C,NA,(not associated),-63,1
22:01:B3:8A:48:34,NA,(not associated),-43,1
22:01:C3:69:08:EC,NA,(not associated),-55,1
22:03:E6:B7:78:31,NA,(not associated),-47,1
22:05:22:3B:4A:91,NA,(not associated),-63,1
22:08:D5:65:A3:B2,NA,(not associated),-45,1
22:0A:0A:44:53:A6,NA,(not associated),-65,1
22:0C:AA:99:98:19,NA,(not associated),-65,1
22:0C:DF:A0:7C:7E,NA,(not associated),-41,1
22:10:7D:31:B4:D7,NA,(not associated),-43,1
22:11:3F:23:5A:61,NA,(not associated),-53,1
22:14:03:29:28:A3,NA,(not associated),-67,1
22:14:1B:6D:E4:97,NA,(not associated),-43,1
22:14:68:19:1E:7D,NA,(not associated),-59,1
22:14:6E:BA:C1:02,NA,(not associated),-65,1
22:1E:B2:30:D9:5B,NA,00:25:00:FF:94:73,-70,1
22:22:5C:81:CD:91,NA,(not associated),-39,1
22:23:83:B8:3D:C5,NA,(not associated),-37,1
22:24:4D:35:21:4C,NA,(not associated),-61,1
22:2C:95:4F:54:18,NA,(not associated),-41,1
22:33:54:58:D7:7E,NA,(not associated),-61,1
22:39:FD:3B:C1:14,NA,(not associated),-51,1
22:3C:3F:FF:F6:D1,NA,AA:F4:3F:EE:49:0B,-61,1
22:3D:57:07:82:50,NA,(not associated),-61,1
22:3D:5A:54:98:31,NA,(not associated),-67,1
22:40:B3:96:CF:27,NA,(not associated),-59,1
22:48:52:59:B5:91,NA,(not associated),-49,1
22:49:29:18:8D:EA,NA,(not associated),-69,1
22:4A:D5:4B:62:60,NA,(not associated),-59,1
22:4B:14:8B:0C:5E,NA,(not associated),-55,1
22:4C:2D:22:AF:5A,NA,(not associated),-63,1
22:50:C2:C6:17:45,NA,(not associated),-63,1
22:53:FD:D7:C2:41,NA,(not associated),-72,1
22:56:AF:3F:B8:5D,NA,(not associated),-69,1
22:63:FA:A4:FC:68,NA,(not associated),-63,1
22:66:6D:87:5E:75,NA,(not associated),-67,1
22:68:8A:12:47:41,NA,(not associated),-51,1
22:74:4F:21:5D:63,NA,(not associated),-57,1
22:7A:D7:B6:4E:46,NA,(not associated),-41,1
22:7B:98:01:BB:9B,NA,(not associated),-39,1
22:7C:1D:9E:E3:36,NA,(not associated),-61,1
22:7C:92:4B:3B:67,NA,(not associated),-57,1
22:7F:06:01:DE:FD,NA,(not associated),-63,1
22:84:0E:7E:6E:DB,NA,(not associated),-55,1
22:84:77:B1:89:BA,NA,(not associated),-63,1
22:85:CB:22:FB:D0,NA,(not associated),-61,1
22:89:0C:A5:4C:75,NA,(not associated),-53,1
22:89:0E:01:C2:32,NA,(not associated),-59,1
22:89:6F:25:B0:ED,NA,(not associated),-45,1
22:8E:22:07:DF:CF,NA,(not associated),-61,1
22:90:59:6B:7B:28,NA,(not associated),-47,1
22:95:58:7D:FA:D8,NA,(not associated),-71,1
22:9D:1E:AA:53:2E,NA,(not associated),-61,1
22:9D:4A:1B:CB:97,NA,(not associated),-57,1
22:9D:9C:60:B6:B7,NA,(not associated),-78,1
22:9D:DE:90:99:25,NA,(not associated),-55,1
22:A1:3B:A3:45:6A,NA,(not associated),-57,1
22:A1:B2:B3:71:58,NA,(not associated),-59,1
22:A7:4C:E4:AA:2E,NA,(not associated),-37,1
22:A7:82:27:00:AB,NA,(not associated),-57,1
22:A7:EF:C4:7D:A6,NA,(not associated),-57,1
22:AA:0E:31:EF:5D,NA,(not associated),-41,1
22:AC:D2:10:D2:33,NA,(not associated),-51,1
22:AD:ED:B9:EE:6E,NA,(not associated),-61,1
22:B1:9F:42:5E:B2,NA,(not associated),-61,1
22:B5:5D:3D:DF:3C,NA,(not associated),-67,1
22:B7:E6:0D:06:DC,NA,(not associated),-45,1
22:B9:B0:49:AE:EB,NA,(not associated),-55,1
22:BE:6E:13:17:38,NA,(not associated),-67,1
22:C1:DE:CF:1C:AB,NA,(not associated),-77,1
22:C2:4B:1B:BA:2C,NA,(not associated),-53,1
22:CE:F3:4D:E8:1A,NA,(not associated),-51,1
22:D6:02:E6:53:BF,NA,(not associated),-63,1
22:D6:88:F2:0C:E1,NA,(not associated),-65,1
22:D7:51:1D:70:01,NA,(not associated),-65,1
22:D8:29:FF:D4:3A,NA,(not associated),-65,1
22:D8:8C:96:CC:9F,NA,(not associated),-65,1
22:E5:17:1D:64:77,NA,(not associated),-65,1
22:E7:D1:72:E4:A9,NA,(not associated),-35,1
22:EC:DD:61:FD:7A,NA,(not associated),-45,1
22:EC:E6:F3:55:BB,NA,(not associated),-51,1
22:EE:25:87:1E:6C,NA,(not associated),-61,1
22:F6:18:6C:07:F3,NA,(not associated),-55,1
22:F7:02:DC:2D:73,NA,(not associated),-39,1
22:F7:D7:BD:C9:0E,NA,(not associated),-47,1
22:FD:00:E9:F6:81,NA,(not associated),-55,1
22:FD:0F:7D:4D:77,NA,(not associated),-53,1
22:FD:D3:2E:7F:F9,NA,(not associated),-41,1
22:FE:07:62:93:0B,NA,(not associated),-49,1
22:FE:87:C5:D8:D2,NA,(not associated),-65,1
26:02:BC:AB:B7:34,NA,(not associated),-63,1
26:08:90:7C:32:5D,NA,(not associated),-51,1
26:08:F8:77:D5:18,NA,(not associated),-65,1
26:09:A7:6D:8A:45,NA,(not associated),-69,1
26:10:67:75:8B:16,NA,00:25:00:FF:94:73,-82,1
26:13:54:79:81:C6,NA,(not associated),-61,1
26:18:5B:2A:9E:DB,NA,(not associated),-43,1
26:1A:F6:F8:5D:09,NA,(not associated),-69,1
26:1C:BB:58:27:9D,NA,(not associated),-83,1
26:1D:2D:16:6E:B0,NA,(not associated),-57,1
26:1E:C3:F8:F5:79,NA,(not associated),-67,1
26:21:51:D4:20:7E,NA,(not associated),-59,1
26:21:62:08:77:AD,NA,(not associated),-69,1
26:26:8E:35:13:1E,NA,(not associated),-53,1
26:26:A5:0D:BC:E4,NA,(not associated),-63,1
26:27:61:11:02:B7,NA,(not associated),-45,1
26:2A:BE:73:A8:D6,NA,(not associated),-67,1
26:2A:D0:5C:C0:6C,NA,(not associated),-57,1
26:2C:3B:73:F5:DC,NA,(not associated),-65,1
26:2F:3B:5C:01:CD,NA,(not associated),-63,1
26:31:C5:A6:9E:D3,NA,(not associated),-45,1
26:33:12:71:69:45,NA,(not associated),-63,1
26:35:E2:E5:0C:95,NA,(not associated),-59,1
26:3A:79:E9:79:68,NA,(not associated),-61,1
26:3E:AC:8A:F8:F4,NA,(not associated),-63,1
26:41:61:47:78:2F,NA,(not associated),-53,1
26:43:FF:5E:6E:3E,NA,(not associated),-49,1
26:47:12:52:27:92,NA,(not associated),-83,1
26:48:B2:8F:42:83,NA,(not associated),-61,1
26:4E:16:88:05:01,NA,(not associated),-65,1
26:54:D3:DB:C1:89,NA,(not associated),-63,1
26:56:14:98:F2:BD,NA,(not associated),-45,1
26:58:FF:1D:0E:36,NA,(not associated),-39,1
26:5D:A6:3F:E6:CA,NA,(not associated),-41,1
26:5E:7A:FF:D7:E6,NA,(not associated),-67,1
26:68:B9:61:01:D6,NA,(not associated),-47,1
26:69:45:98:5F:6D,NA,(not associated),-49,1
26:6C:07:19:92:83,NA,(not associated),-49,1
26:6C:FD:08:F1:B6,NA,(not associated),-55,1
26:6D:54:4F:01:1A,NA,(not associated),-61,1
26:6D:71:87:15:64,NA,(not associated),-45,1
26:6F:49:C6:EB:CC,NA,(not associated),-47,1
26:70:0C:16:BF:34,NA,(not associated),-47,1
26:71:CC:7A:32:82,NA,(not associated),-59,1
26:72:73:DC:ED:48,NA,(not associated),-67,1
26:76:B5:CD:A6:7F,NA,(not associated),-63,1
26:78:2B:B1:55:D0,NA,(not associated),-45,1
26:79:85:14:E1:EB,NA,(not associated),-61,1
26:79:AD:8B:13:9A,NA,(not associated),-65,1
26:7A:C8:8C:C2:39,NA,(not associated),-47,1
26:7B:F2:28:E3:69,NA,(not associated),-41,1
26:7E:A2:AE:05:29,NA,(not associated),-69,1
26:7E:A8:13:24:AA,NA,(not associated),-53,1
26:7E:AB:35:E9:E6,NA,(not associated),-53,1
26:80:06:97:09:2F,NA,(not associated),-63,1
26:80:85:8E:A4:35,NA,(not associated),-51,1
26:85:17:C7:00:33,NA,(not associated),-67,1
26:89:44:BC:C1:17,NA,(not associated),-65,1
26:8B:81:E5:C0:6F,NA,(not associated),-53,1
26:8B:89:4A:EC:CB,NA,(not associated),-49,1
26:8D:D5:97:61:51,NA,(not associated),-39,1
26:8F:A4:22:A2:22,NA,(not associated),-53,1
26:95:82:4F:9F:FD,NA,(not associated),-71,1
26:99:2E:F7:E0:CB,NA,(not associated),-65,1
26:99:5A:6D:E2:1B,NA,(not associated),-61,1
26:99:D1:13:A2:F5,NA,(not associated),-57,1
26:9B:0C:4B:A7:23,NA,(not associated),-51,1
26:9F:85:DD:34:21,NA,(not associated),-65,1
26:A4:04:07:C5:6F,NA,(not associated),-59,1
26:A5:8A:D0:FF:1F,NA,(not associated),-41,1
26:A9:CF:23:FA:C5,NA,(not associated),-41,1
26:AD:5C:3D:E0:94,NA,(not associated),-61,1
26:AE:4C:DA:26:AE,NA,(not associated),-43,1
26:B2:BA:E8:E3:DE,NA,(not associated),-57,1
26:C0:EF:DE:CF:12,NA,(not associated),-37,1
26:C3:99:94:F7:94,NA,(not associated),-63,1
26:C5:28:6B:A0:B5,NA,(not associated),-41,1
26:C7:89:E5:89:55,NA,(not associated),-65,1
26:CB:4A:4F:9B:FA,NA,(not associated),-43,1
26:CF:96:8A:75:E4,NA,(not associated),-39,1
26:D0:B5:13:5F:56,NA,(not associated),-65,1
26:D1:8A:E7:34:6B,NA,(not associated),-59,1
26:D5:63:CF:1E:80,NA,(not associated),-55,1
26:D8:84:1A:67:94,NA,(not associated),-49,1
26:D9:34:86:F1:5B,NA,(not associated),-55,1
26:D9:97:88:33:3C,NA,(not associated),-63,1
26:D9:E7:83:85:37,NA,(not associated),-51,1
26:D9:F4:14:5D:07,NA,(not associated),-37,1
26:DD:D7:20:71:1A,NA,(not associated),-55,1
26:E4:FF:D4:8F:13,NA,(not associated),-45,1
26:E7:4A:2E:0B:8B,NA,(not associated),-61,1
26:E9:AE:1C:16:D0,NA,(not associated),-53,1
26:EC:D7:83:01:74,NA,(not associated),-55,1
26:ED:EB:B4:F6:9C,NA,(not associated),-67,1
26:F0:01:90:47:93,NA,(not associated),-61,1
26:F0:7C:BE:74:BF,NA,(not associated),-63,1
26:F1:06:CC:93:E4,NA,(not associated),-57,1
26:F2:06:C2:89:92,NA,(not associated),-53,1
26:FC:53:0B:82:C9,NA,(not associated),-35,1
2A:05:03:FB:CD:84,NA,(not associated),-61,1
2A:0C:D6:73:15:6C,NA,(not associated),-65,1
2A:0D:7B:33:05:6D,NA,(not associated),-63,1
2A:10:42:F2:36:51,NA,(not associated),-55,1
2A:10:52:63:1C:21,NA,(not associated),-55,1
2A:11:D0:1E:F6:0D,NA,(not associated),-59,1
2A:12:B6:34:97:93,NA,(not associated),-53,1
2A:14:8F:1B:5F:76,NA,(not associated),-57,1
2A:18:FC:0D:D6:9F,NA,(not associated),-55,1
2A:19:8C:18:1A:3D,NA,(not associated),-67,1
2A:1B:01:3E:E0:93,NA,(not associated),-67,1
2A:1B:1A:D3:47:C4,NA,(not associated),-39,1
2A:1B:70:AF:78:93,NA,(not associated),-41,1
2A:1C:21:72:7B:3E,NA,(not associated),-59,1
2A:1E:B6:DA:EA:D4,NA,(not associated),-63,1
2A:22:3A:A8:99:C0,NA,(not associated),-65,1
2A:22:92:A6:69:48,NA,(not associated),-57,1
2A:23:3E:59:FA:E8,NA,(not associated),-67,1
2A:27:3F:8D:29:28,NA,(not associated),-47,1
2A:2A:54:6A:10:DD,NA,(not associated),-67,1
2A:2A:C9:F0:45:2C,NA,(not associated),-35,1
2A:2B:B0:44:14:91,NA,(not associated),-67,1
2A:30:B3:A2:BD:3D,NA,(not associated),-53,1
2A:30:C7:18:61:87,NA,(not associated),-47,1
2A:33:3B:6B:74:69,NA,(not associated),-55,1
2A:34:68:53:D6:58,NA,(not associated),-61,1
2A:38:AC:B2:00:8B,NA,(not associated),-49,1
2A:39:37:FF:F0:B8,NA,(not associated),-63,1
2A:3C:9F:73:D3:70,NA,(not associated),-67,1
2A:42:C7:BC:2A:97,NA,(not associated),-59,1
2A:48:DC:25:D9:EB,NA,(not associated),-49,1
2A:4D:45:9B:EA:7B,NA,(not associated),-57,1
2A:50:6A:DE:37:C4,NA,(not associated),-67,1
2A:50:79:01:C0:45,NA,(not associated),-77,1
2A:52:48:90:7F:18,NA,(not associated),-61,1
2A:5A:DD:91:10:88,NA,(not associated),-61,1
2A:5C:E7:69:1B:3B,NA,(not associated),-61,1
2A:62:4A:DC:0B:F5,NA,(not associated),-67,1
2A:62:C5:05:F8:83,NA,(not associated),-43,1
2A:63:94:2D:88:CC,NA,(not associated),-57,1
2A:64:04:1A:18:3D,NA,(not associated),-67,1
2A:66:15:3A:73:14,NA,(not associated),-63,1
2A:6B:09:0E:61:6C,NA,(not associated),-55,1
2A:6D:03:B4:45:26,NA,(not associated),-51,1
2A:6E:CD:6D:8B:31,NA,(not associated),-63,1
2A:75:23:44:10:E0,NA,(not associated),-49,1
2A:75:FA:4C:8D:4A,NA,(not associated),-65,1
2A:7B:FD:BE:76:8B,NA,(not associated),-75,1
2A:7C:5B:75:90:12,NA,(not associated),-61,1
2A:7E:44:61:C5:09,NA,(not associated),-65,1
2A:7F:12:18:86:D4,NA,(not associated),-67,1
2A:80:F6:EF:3C:2C,NA,(not associated),-71,1
2A:83:47:7F:05:BE,NA,(not associated),-63,1
2A:8B:B9:D7:B8:50,NA,(not associated),-61,1
2A:91:3A:86:27:FA,NA,(not associated),-65,1
2A:93:4B:D1:E9:CC,NA,(not associated),-43,1
2A:94:3B:8D:C3:6A,NA,(not associated),-71,1
2A:94:55:59:F2:B4,NA,(not associated),-31,1
2A:95:F8:EB:73:20,NA,(not associated),-59,1
2A:97:C9:45:2C:47,NA,(not associated),-53,1
2A:98:58:13:52:3F,NA,(not associated),-37,1
2A:99:18:5F:B7:4C,NA,(not associated),-67,1
2A:99:94:D2:9B:8F,NA,(not associated),-59,1
2A:A4:12:EB:9C:FB,NA,(not associated),-49,1
2A:A4:3F:AC:42:FA,NA,(not associated),-61,1
2A:A4:4D:41:F1:D9,NA,(not associated),-63,1
2A:A6:70:AA:67:87,NA,(not associated),-59,1
2A:A9:2C:45:1F:84,NA,(not associated),-53,1
2A:AD:AE:AB:22:62,NA,(not associated),-45,1
2A:B0:52:D5:53:38,NA,(not associated),-65,1
2A:B3:5F:E4:01:BA,NA,(not associated),-61,1
2A:B4:7F:65:88:31,NA,(not associated),-63,1
2A:B5:A5:37:8B:5D,NA,(not associated),-39,1
2A:B6:74:18:F1:77,NA,(not associated),-57,1
2A:B9:6C:4B:C4:5B,NA,(not associated),-61,1
2A:C0:C2:61:44:61,NA,(not associated),-65,1
2A:C3:5B:1E:8B:46,NA,(not associated),-63,1
2A:CA:17:AD:0C:26,NA,(not associated),-41,1
2A:CA:7C:79:6A:20,NA,(not associated),-49,1
2A:CE:28:B5:84:81,NA,(not associated),-63,1
2A:CE:89:35:F1:7E,NA,(not associated),-43,1
2A:CF:07:5B:DE:B1,NA,(not associated),-67,1
2A:CF:7A:67:DE:A0,NA,(not associated),-61,1
2A:D1:C8:5B:88:59,NA,(not associated),-61,1
2A:D1:D0:65:A2:9B,NA,(not associated),-61,1
2A:DA:21:43:DE:6F,NA,(not associated),-65,1
2A:DB:B6:8B:56:51,NA,(not associated),-53,1
2A:DC:6A:A3:05:17,NA,(not associated),-59,1
2A:DE:9A:FD:9A:19,NA,(not associated),-63,1
2A:E3:F6:26:A4:41,NA,(not associated),-63,1
2A:EE:1B:31:4A:81,NA,(not associated),-63,1
2A:F5:62:FC:4F:3E,NA,(not associated),-55,1
2A:F6:24:07:DC:25,NA,(not associated),-67,1
2A:F9:7C:59:1C:FD,NA,(not associated),-63,1
2A:FA:8D:A6:C1:BA,NA,(not associated),-69,1
2A:FB:A5:B4:23:B2,NA,(not associated),-63,1
2A:FC:6A:4F:0A:43,NA,(not associated),-65,1
2A:FD:DA:C1:4E:B3,NA,(not associated),-33,1
2E:01:6A:DB:9D:3F,NA,(not associated),-55,1
2E:03:10:36:FC:73,NA,(not associated),-65,1
2E:03:50:30:D9:A3,NA,(not associated),-63,1
2E:04:04:F7:4C:38,NA,(not associated),-61,1
2E:07:3F:BD:FC:D6,NA,(not associated),-67,1
2E:09:FE:13:D5:6C,NA,(not associated),-57,1
2E:0A:23:2B:FF:00,NA,(not associated),-67,1
2E:0B:6D:E0:99:B5,NA,(not associated),-57,1
2E:0E:7A:AF:92:16,NA,(not associated),-49,1
2E:10:A0:FD:E5:A5,NA,(not associated),-41,1
2E:11:52:65:D2:93,NA,(not associated),-37,1
2E:12:05:31:56:C3,NA,(not associated),-57,1
2E:14:DC:42:F0:46,NA,(not associated),-65,1
2E:18:3F:85:D2:49,NA,(not associated),-45,1
2E:19:24:1F:BF:0A,NA,(not associated),-55,1
2E:1A:13:C2:84:22,NA,(not associated),-69,1
2E:1A:39:4B:ED:D3,NA,(not associated),-71,1
2E:1A:6F:0C:BF:0E,NA,(not associated),-61,1
2E:1B:60:3A:63:4D,NA,(not associated),-69,1
2E:1F:B7:08:3D:64,NA,(not associated),-41,1
2E:25:9C:21:78:F8,NA,(not associated),-47,1
2E:25:E3:D1:A0:E8,NA,(not associated),-65,1
2E:29:6A:E5:34:C1,NA,(not associated),-57,1
2E:2C:1B:F0:80:D6,NA,(not associated),-63,1
2E:32:43:CF:1D:EA,NA,(not associated),-63,1
2E:38:DC:8A:D3:86,NA,(not associated),-63,1
2E:3A:0C:CD:AD:27,NA,(not associated),-43,1
2E:3B:5C:6C:9D:CD,NA,(not associated),-57,1
2E:40:D3:86:DF:2D,NA,(not associated),-65,1
2E:41:0B:2C:86:74,NA,(not associated),-53,1
2E:43:A4:52:15:14,NA,(not associated),-65,1
2E:48:CA:A4:E2:E0,NA,(not associated),-53,1
2E:4F:42:63:86:56,NA,(not associated),-63,1
2E:51:51:22:02:DA,NA,(not associated),-49,1
2E:54:07:70:7A:53,NA,(not associated),-43,1
2E:56:A4:57:89:CC,NA,(not associated),-55,1
2E:57:71:22:04:36,NA,(not associated),-57,1
2E:59:7C:AD:16:7C,NA,(not associated),-59,1
2E:5C:53:12:BE:25,NA,(not associated),-43,1
2E:5C:8A:C1:92:EC,NA,(not associated),-59,1
2E:5C:D6:E8:39:21,NA,(not associated),-67,1
2E:60:16:B1:B5:41,NA,(not associated),-59,1
2E:62:B8:04:5A:38,NA,(not associated),-63,1
2E:65:47:73:52:BF,NA,(not associated),-59,1
2E:65:69:CD:1B:BB,NA,(not associated),-51,1
2E:68:4B:65:E3:D4,NA,(not associated),-63,1
2E:69:1D:16:C7:9D,NA,(not associated),-63,1
2E:69:D6:60:9E:A9,NA,(not associated),-61,1
2E:6C:FF:9A:7E:BA,NA,(not associated),-63,1
2E:6D:C9:68:54:AB,NA,(not associated),-67,1
2E:6F:71:02:8D:87,NA,(not associated),-53,1
2E:6F:BB:1B:6D:52,NA,(not associated),-63,1
2E:70:ED:6B:37:EE,NA,(not associated),-67,1
2E:70:F3:27:D1:30,NA,(not associated),-59,1
2E:72:3F:FF:A4:EA,NA,(not associated),-57,1
2E:72:9A:0C:EC:DF,NA,(not associated),-61,1
2E:77:56:23:4F:D6,NA,(not associated),-51,1
2E:77:8A:F7:08:FC,NA,(not associated),-35,1
2E:77:CB:F4:FF:DB,NA,(not associated),-53,1
2E:7E:2B:B3:B0:5C,NA,(not associated),-47,1
2E:81:20:D1:8D:CB,NA,(not associated),-67,1
2E:85:01:11:3D:37,NA,(not associated),-55,1
2E:85:6E:0E:13:87,NA,(not associated),-43,1
2E:85:B6:D8:1F:34,NA,(not associated),-39,1
2E:89:5D:BA:F9:F4,NA,(not associated),-59,1
2E:90:76:7B:B2:BB,NA,(not associated),-67,1
2E:91:15:FE:9C:9F,NA,(not associated),-63,1
2E:91:E0:89:15:E9,NA,(not associated),-63,1
2E:96:D0:8D:F4:5C,NA,(not associated),-61,1
2E:9A:CC:4E:69:A8,NA,(not associated),-33,1
2E:A8:A4:95:12:12,NA,(not associated),-55,1
2E:A8:B0:28:09:9C,NA,(not associated),-65,1
2E:A9:40:AC:B7:2D,NA,(not associated),-67,1
2E:AD:02:F8:00:A4,NA,(not associated),-57,1
2E:AD:D1:32:E3:0A,NA,(not associated),-61,1
2E:B0:CD:CF:A2:F0,NA,(not associated),-69,1
2E:B2:F4:8E:71:D0,NA,(not associated),-61,1
2E:B4:37:B9:7F:4D,NA,(not associated),-53,1
2E:B8:0B:B9:2D:97,NA,(not associated),-45,1
2E:BA:F5:BC:C0:9C,NA,(not associated),-59,1
2E:BB:47:66:BD:10,NA,(not associated),-61,1
2E:C0:AF:27:6D:54,NA,(not associated),-63,1
2E:C1:64:F6:33:08,NA,(not associated),-61,1
2E:C2:FF:A1:CC:1F,NA,(not associated),-61,1
2E:C5:27:69:C1:75,NA,(not associated),-61,1
2E:C6:33:DD:01:59,NA,(not associated),-67,1
2E:CA:5B:DC:06:E6,NA,(not associated),-55,1
2E:D5:03:CC:B5:BD,NA,(not associated),-67,1
2E:DF:59:D9:70:35,NA,(not associated),-63,1
2E:E1:50:B9:BE:80,NA,(not associated),-71,1
2E:E5:B7:09:E0:77,NA,(not associated),-59,1
2E:E7:E1:B8:53:71,NA,(not associated),-69,1
2E:EA:E0:CC:BD:5A,NA,(not associated),-69,1
2E:EB:B4:D7:C4:87,NA,(not associated),-59,1
2E:EC:0A:6E:0B:CE,NA,(not associated),-49,1
2E:EC:C4:D7:2A:68,NA,(not associated),-61,1
2E:ED:F9:D0:6F:5D,NA,(not associated),-63,1
2E:EE:D8:4C:E3:D7,NA,(not associated),-47,1
2E:F0:21:31:88:03,NA,(not associated),-35,1
2E:F3:63:38:22:AC,NA,(not associated),-41,1
2E:F3:E7:DB:10:B8,NA,(not associated),-65,1
30:05:05:9A:53:30,Intel Corporate,(not associated),-69,1
30:B1:B5:81:B1:B0,Arcadyan Corporation,00:26:99:BA:75:80,-73,1
32:00:39:DD:29:9F,NA,(not associated),-78,1
32:03:7B:FC:25:9D,NA,(not associated),-55,1
32:07:92:D6:A9:68,NA,(not associated),-57,1
32:10:29:8A:EE:9A,NA,(not associated),-47,1
32:11:3B:01:34:45,NA,(not associated),-45,1
32:14:FC:FC:C5:49,NA,(not associated),-63,1
32:16:97:97:22:47,NA,(not associated),-65,1
32:1F:A3:B0:2D:5C,NA,(not associated),-57,1
32:2A:AD:FB:F2:70,NA,(not associated),-63,1
32:30:F8:6A:AF:49,NA,(not associated),-59,1
32:32:8E:C2:7B:17,NA,(not associated),-53,1
32:34:B9:33:5E:63,NA,(not associated),-63,1
32:35:A2:76:DD:F3,NA,(not associated),-61,1
32:38:C8:10:F5:40,NA,(not associated),-45,1
32:3C:1D:D4:CD:A1,NA,(not associated),-57,1
32:42:60:24:49:A0,NA,(not associated),-53,1
32:44:23:7A:2A:CB,NA,(not associated),-55,1
32:47:81:20:A5:72,NA,(not associated),-55,1
32:47:ED:0B:73:19,NA,(not associated),-53,1
32:48:80:93:B2:B6,NA,(not associated),-49,1
32:4D:2A:CF:D0:5C,NA,(not associated),-57,1
32:4E:EE:1A:44:D9,NA,(not associated),-63,1
32:54:CA:FF:42:F1,NA,(not associated),-47,1
32:56:A4:57:3A:8E,NA,(not associated),-61,1
32:5F:E9:D4:BB:C8,NA,(not associated),-55,1
32:61:F8:C6:0A:7F,NA,(not associated),-71,1
32:65:D6:86:59:06,NA,(not associated),-45,1
32:6B:41:E6:8E:8A,NA,(not associated),-59,1
32:6C:18:81:69:18,NA,(not associated),-69,1
32:6D:A8:72:5B:00,NA,(not associated),-51,1
32:73:F4:1C:12:38,NA,(not associated),-61,1
32:74:27:B9:06:71,NA,(not associated),-65,1
32:75:BB:D7:94:25,NA,(not associated),-61,1
32:77:84:75:AC:E5,NA,(not associated),-53,1
32:79:2A:31:3B:75,NA,(not associated),-43,1
32:7A:03:A2:35:45,NA,(not associated),-61,1
32:7B:69:CF:87:2F,NA,(not associated),-67,1
32:7D:90:35:DC:54,NA,(not associated),-69,1
32:7F:75:1A:47:23,NA,(not associated),-69,1
32:80:88:4B:FF:69,NA,(not associated),-73,1
32:80:AD:76:38:49,NA,(not associated),-47,1
32:83:BF:AB:EF:1E,NA,(not associated),-63,1
32:84:6C:8D:76:8B,NA,(not associated),-61,1
32:85:98:F5:80:21,NA,(not associated),-59,1
32:86:61:1C:1D:28,NA,(not associated),-69,1
32:88:5E:F9:C4:DC,NA,(not associated),-53,1
32:89:D4:EA:6C:79,NA,(not associated),-65,1
32:8E:0A:75:4C:1F,NA,(not associated),-49,1
32:8E:33:C4:1E:C8,NA,(not associated),-51,1
32:91:4F:6F:7E:A1,NA,(not associated),-65,1
32:98:39:B8:43:A8,NA,(not associated),-55,1
32:9D:C9:9D:7B:80,NA,(not associated),-67,1
32:9F:E0:A2:A0:4C,NA,(not associated),-41,1
32:A9:01:03:99:C4,NA,(not associated),-71,1
32:A9:EE:33:78:DE,NA,(not associated),-51,1
32:B3:C1:C8:B5:79,NA,(not associated),-61,1
32:B5:30:7D:0C:C9,NA,(not associated),-59,1
32:B5:F4:42:92:5E,NA,(not associated),-45,1
32:B6:EA:CB:46:35,NA,(not associated),-53,1
32:B8:61:DF:7D:99,NA,(not associated),-63,1
32:BB:84:17:F8:AC,NA,(not associated),-63,1
32:BF:FF:8F:D9:66,NA,(not associated),-39,1
32:C0:18:B3:4D:E7,NA,(not associated),-39,1
32:C0:94:99:3A:5F,NA,(not associated),-61,1
32:C1:DE:9F:FE:2C,NA,(not associated),-59,1
32:C5:75:2F:16:C6,NA,(not associated),-45,1
32:C6:90:E6:C9:EB,NA,(not associated),-67,1
32:C7:40:B4:6D:CA,NA,(not associated),-41,1
32:C7:9B:2C:F8:22,NA,(not associated),-65,1
32:C9:36:06:17:A6,NA,(not associated),-67,1
32:CA:82:7C:2B:86,NA,(not associated),-59,1
32:CE:2E:3F:6F:BB,NA,(not associated),-61,1
32:CE:4C:7A:9D:D4,NA,(not associated),-61,1
32:CF:3D:4D:24:DF,NA,(not associated),-61,1
32:D0:07:A0:E4:06,NA,(not associated),-57,1
32:D0:EF:E6:BE:DF,NA,(not associated),-63,1
32:D2:05:7D:14:72,NA,00:25:00:FF:94:73,-57,1
32:D2:F3:52:54:26,NA,(not associated),-45,1
32:D3:21:D2:84:FF,NA,(not associated),-43,1
32:D5:C7:0A:C7:49,NA,(not associated),-59,1
32:DA:02:48:95:E7,NA,(not associated),-61,1
32:DE:55:56:9A:3C,NA,(not associated),-35,1
32:E4:FA:9A:C1:8B,NA,(not associated),-63,1
32:E5:11:56:D2:74,NA,(not associated),-37,1
32:EA:A9:E4:B7:95,NA,(not associated),-57,1
32:EC:FD:00:15:36,NA,(not associated),-65,1
32:F1:82:26:64:E7,NA,(not associated),-63,1
32:F2:DA:32:79:EC,NA,(not associated),-65,1
32:F3:14:4B:E1:C4,NA,(not associated),-83,1
32:F8:F0:5D:4D:FF,NA,(not associated),-57,1
32:F9:B8:45:A8:75,NA,(not associated),-69,1
32:FB:A7:5F:5C:19,NA,(not associated),-81,1
32:FC:02:95:37:31,NA,(not associated),-65,1
32:FD:B7:E8:D3:FA,NA,(not associated),-61,1
36:04:73:C4:05:11,NA,(not associated),-57,1
36:08:02:EF:13:D9,NA,(not associated),-45,1
36:0B:69:4E:7E:E9,NA,(not associated),-57,1
36:0B:87:E9:F2:58,NA,(not associated),-65,1
36:11:F4:33:87:FB,NA,(not associated),-67,1
36:13:2C:6C:7D:2D,NA,(not associated),-67,1
36:14:AB:9F:CE:4C,NA,(not associated),-65,1
36:14:FA:A2:C9:1A,NA,(not associated),-47,1
36:15:2A:A2:65:3D,NA,(not associated),-59,1
36:16:30:34:2A:37,NA,(not associated),-59,1
36:17:FC:C4:60:F4,NA,(not associated),-57,1
36:1B:19:EC:8C:F1,NA,(not associated),-35,1
36:1B:C7:CC:54:AB,NA,(not associated),-39,1
36:1F:CB:5D:61:66,NA,(not associated),-55,1
36:20:03:40:7D:FE,NA,(not associated),-59,1
36:24:DD:A1:4E:1A,NA,(not associated),-65,1
36:2B:85:98:FB:6D,NA,(not associated),-59,1
36:2C:0B:46:9F:E7,NA,(not associated),-53,1
36:2D:AC:15:67:FB,NA,(not associated),-51,1
36:2D:D7:62:92:C9,NA,(not associated),-57,1
36:31:F5:54:E4:AD,NA,(not associated),-57,1
36:3C:07:54:C9:47,NA,(not associated),-63,1
36:3E:4A:DE:C3:4A,NA,(not associated),-57,1
36:3E:53:69:11:2F,NA,(not associated),-57,1
36:3F:2E:C6:E1:63,NA,(not associated),-51,1
36:43:A0:27:E8:B3,NA,(not associated),-61,1
36:44:2E:ED:F8:15,NA,(not associated),-61,1
36:47:1B:4C:27:03,NA,(not associated),-55,1
36:4A:D3:93:A2:87,NA,(not associated),-65,1
36:4B:1A:AA:BA:63,NA,(not associated),-57,1
36:4C:F7:4A:43:F9,NA,(not associated),-49,1
36:4D:FF:38:75:69,NA,(not associated),-53,1
36:4E:BC:0B:41:7F,NA,(not associated),-63,1
36:53:0D:3C:FA:83,NA,(not associated),-51,1
36:56:36:56:0F:67,NA,(not associated),-67,1
36:5A:51:9B:F4:31,NA,(not associated),-66,1
36:5A:80:27:9B:7E,NA,(not associated),-37,1
36:5D:A6:B6:D6:EE,NA,(not associated),-55,1
36:5E:5E:18:B9:D7,NA,(not associated),-41,1
36:65:BB:49:E6:48,NA,(not associated),-55,1
36:69:E6:F5:65:7E,NA,(not associated),-45,1
36:6A:DE:8A:8F:90,NA,(not associated),-51,1
36:6C:96:DD:DE:DB,NA,(not associated),-59,1
36:6C:9C:8A:40:E1,NA,(not associated),-77,1
36:70:8B:6F:49:F1,NA,(not associated),-63,1
36:72:95:36:BF:3C,NA,(not associated),-47,1
36:74:7A:61:CB:F0,NA,(not associated),-45,1
36:7A:87:37:24:B9,NA,(not associated),-59,1
36:80:41:B2:2A:7E,NA,(not associated),-55,1
36:81:C0:FE:D7:F6,NA,(not associated),-33,1
36:85:01:D8:B3:8F,NA,(not associated),-55,1
36:86:42:FF:27:E9,NA,(not associated),-49,1
36:86:44:B3:6E:39,NA,(not associated),-57,1
36:86:61:22:98:1C,NA,(not associated),-51,1
36:8B:69:92:A4:EE,NA,(not associated),-61,1
36:8B:7D:50:83:29,NA,(not associated),-35,1
36:8C:27:FD:E6:57,NA,(not associated),-65,1
36:91:CF:E0:B0:77,NA,(not associated),-55,1
36:92:A0:C4:FC:EF,NA,(not associated),-55,1
36:93:2E:3A:06:2C,NA,(not associated),-63,1
36:93:68:0B:8D:BC,NA,(not associated),-67,1
36:9B:27:D2:E9:D3,NA,(not associated),-61,1
36:9B:36:A1:ED:14,NA,(not associated),-51,1
36:9B:7E:65:C7:BE,NA,(not associated),-57,1
36:9E:19:61:E2:82,NA,(not associated),-69,1
36:A4:24:16:D4:2A,NA,(not associated),-67,1
36:A5:F6:7A:16:56,NA,(not associated),-47,1
36:AB:52:AB:D0:6B,NA,(not associated),-47,1
36:AD:D4:64:C2:BE,NA,(not associated),-65,1
36:B0:2B:77:63:70,NA,(not associated),-51,1
36:B0:32:A4:92:A9,NA,(not associated),-67,1
36:B2:20:E9:B0:E9,NA,(not associated),-47,1
36:B3:12:C2:AD:CA,NA,(not associated),-51,1
36:B3:3E:37:A4:E8,NA,(not associated),-65,1
36:B5:1B:1B:08:05,NA,(not associated),-45,1
36:B5:DE:0E:90:76,NA,(not associated),-65,1
36:B5:FB:4E:37:9D,NA,(not associated),-45,1
36:B8:1E:CF:AF:D5,NA,(not associated),-55,1
36:BC:0C:AE:B9:25,NA,(not associated),-63,1
36:C3:F3:F8:1D:22,NA,(not associated),-65,1
36:C9:4A:E4:66:2D,NA,(not associated),-41,1
36:CC:78:A4:9A:EE,NA,(not associated),-51,1
36:CD:4E:9E:81:9A,NA,(not associated),-67,1
36:D0:53:E1:57:93,NA,(not associated),-71,1
36:D0:A9:A4:DB:02,NA,(not associated),-57,1
36:D1:AC:2D:E2:22,NA,(not associated),-53,1
36:D8:79:70:EF:D1,NA,(not associated),-61,1
36:D8:B3:AF:82:F3,NA,(not associated),-69,1
36:DB:35:93:DB:A2,NA,(not associated),-57,1
36:DD:72:6D:14:34,NA,(not associated),-59,1
36:E3:A4:1B:09:3B,NA,(not associated),-63,1
36:E4:30:2B:11:36,NA,(not associated),-57,1
36:E5:A2:D6:E7:2A,NA,(not associated),-41,1
36:E8:49:50:70:09,NA,(not associated),-63,1
36:ED:BD:2D:FC:8B,NA,(not associated),-43,1
36:F0:D9:F7:82:C0,NA,(not associated),-49,1
36:F1:98:5A:AA:9E,NA,(not associated),-61,1
36:FD:7F:BA:CF:E4,NA,(not associated),-63,1
36:FF:AD:64:EB:EB,NA,(not associated),-65,1
38:1A:52:0D:85:1D,Seiko Epson Corporation,(not associated),-55,1
38:1A:52:0D:90:A1,Seiko Epson Corporation,(not associated),-65,1
38:1A:52:0D:97:60,Seiko Epson Corporation,(not associated),-67,1
38:88:A4:58:C3:08,"Apple, Inc.",(not associated),-59,1
3A:00:9C:B3:74:91,NA,(not associated),-71,1
3A:01:2E:A7:46:AD,NA,(not associated),-59,1
3A:02:C8:91:D2:16,NA,(not associated),-65,1
3A:04:64:BA:8F:D6,NA,(not associated),-53,1
3A:06:1C:98:5E:DF,NA,(not associated),-61,1
3A:07:A2:DB:F3:24,NA,(not associated),-49,1
3A:07:F7:5E:9B:93,NA,(not associated),-67,1
3A:08:B8:3A:C0:86,NA,(not associated),-59,1
3A:13:52:8F:4F:CB,NA,(not associated),-61,1
3A:13:76:3E:A7:B6,NA,(not associated),-69,1
3A:14:0C:61:BF:74,NA,(not associated),-47,1
3A:14:A7:73:89:44,NA,(not associated),-65,1
3A:16:03:2A:5E:B3,NA,(not associated),-61,1
3A:18:9F:C0:BF:1B,NA,(not associated),-55,1
3A:1C:48:41:C8:AD,NA,(not associated),-51,1
3A:1C:BF:7F:5B:74,NA,(not associated),-69,1
3A:22:1C:AE:53:2B,NA,(not associated),-53,1
3A:22:44:0E:BB:5F,NA,(not associated),-61,1
3A:22:96:10:76:27,NA,(not associated),-67,1
3A:23:46:06:7C:40,NA,(not associated),-43,1
3A:25:1D:2B:AD:16,NA,(not associated),-65,1
3A:2A:AA:10:2B:C2,NA,(not associated),-45,1
3A:2B:40:E3:02:EC,NA,(not associated),-53,1
3A:2B:67:82:F4:E3,NA,(not associated),-67,1
3A:2B:A0:EB:8A:75,NA,(not associated),-43,1
3A:30:AE:AE:D3:00,NA,(not associated),-43,1
3A:30:B1:A1:52:DB,NA,(not associated),-35,1
3A:3B:9E:84:B4:C7,NA,00:25:00:FF:94:73,-83,1
3A:3F:AB:09:42:B3,NA,(not associated),-67,1
3A:40:C0:70:A3:F5,NA,(not associated),-63,1
3A:41:A9:7F:A2:8D,NA,(not associated),-45,1
3A:42:CA:40:4F:28,NA,(not associated),-67,1
3A:45:3C:C6:F7:5B,NA,(not associated),-65,1
3A:47:62:65:ED:8B,NA,(not associated),-65,1
3A:48:63:B4:CC:0A,NA,(not associated),-57,1
3A:4C:D2:BF:49:0B,NA,(not associated),-49,1
3A:4F:C8:D7:4B:28,NA,(not associated),-49,1
3A:50:BB:7D:05:E5,NA,(not associated),-55,1
3A:53:30:A2:EC:28,NA,(not associated),-74,1
3A:54:45:80:51:7C,NA,(not associated),-61,1
3A:56:BC:75:A2:2D,NA,(not associated),-41,1
3A:57:10:10:15:1C,NA,(not associated),-59,1
3A:61:00:FD:3A:67,NA,(not associated),-55,1
3A:67:35:AD:37:06,NA,(not associated),-55,1
3A:6A:38:09:B8:9C,NA,(not associated),-63,1
3A:6B:15:54:A0:38,NA,(not associated),-63,1
3A:6C:1F:0A:D3:3B,NA,(not associated),-63,1
3A:6F:62:CF:F1:57,NA,(not associated),-47,1
3A:74:33:8D:13:CB,NA,(not associated),-51,1
3A:76:BE:A9:16:55,NA,(not associated),-73,1
3A:77:7E:09:DD:55,NA,(not associated),-59,1
3A:7E:0C:C6:AA:E1,NA,(not associated),-61,1
3A:7E:5C:D8:C3:CC,NA,(not associated),-63,1
3A:80:52:41:CD:78,NA,(not associated),-65,1
3A:82:DB:78:18:48,NA,(not associated),-61,1
3A:85:03:71:DF:FB,NA,(not associated),-57,1
3A:8C:75:38:BF:18,NA,(not associated),-55,1
3A:8E:BC:51:97:D3,NA,(not associated),-69,1
3A:8E:E2:30:B3:87,NA,(not associated),-65,1
3A:91:31:7F:F5:20,NA,(not associated),-59,1
3A:96:F9:35:B5:F2,NA,(not associated),-67,1
3A:97:FC:86:C9:6F,NA,(not associated),-61,1
3A:9C:68:0B:92:DF,NA,(not associated),-53,1
3A:9D:47:9C:E1:FC,NA,(not associated),-67,1
3A:9E:18:E2:D1:11,NA,(not associated),-47,1
3A:9F:1E:92:40:51,NA,(not associated),-57,1
3A:A0:02:85:09:12,NA,(not associated),-53,1
3A:A0:FB:87:10:DE,NA,(not associated),-83,1
3A:A5:78:25:94:DB,NA,(not associated),-45,1
3A:A5:C2:00:B8:4D,NA,(not associated),-83,1
3A:A8:78:22:A8:81,NA,(not associated),-47,1
3A:AC:9D:BF:0C:1C,NA,(not associated),-73,1
3A:B2:7B:8C:1A:E0,NA,(not associated),-65,1
3A:B9:6A:D9:92:F8,NA,(not associated),-61,1
3A:BE:5C:5D:08:CA,NA,(not associated),-59,1
3A:C3:6C:5A:2F:36,NA,(not associated),-67,1
3A:C5:DD:32:91:CB,NA,(not associated),-69,1
3A:C8:EA:2A:83:06,NA,(not associated),-45,1
3A:CD:AA:08:7C:04,NA,(not associated),-55,1
3A:CE:72:FF:1B:07,NA,(not associated),-65,1
3A:CE:D3:C8:DE:22,NA,(not associated),-59,1
3A:D2:EB:CA:C7:72,NA,(not associated),-61,1
3A:D9:E7:F6:8F:CA,NA,(not associated),-65,1
3A:DA:4F:14:C4:E3,NA,(not associated),-55,1
3A:DB:6C:36:6B:5D,NA,(not associated),-63,1
3A:DD:9F:7C:81:9F,NA,(not associated),-57,1
3A:DE:89:18:37:DF,NA,(not associated),-61,1
3A:E4:5A:81:75:41,NA,(not associated),-57,1
3A:E8:66:44:4A:B3,NA,(not associated),-49,1
3A:EB:A6:33:0A:8A,NA,(not associated),-41,1
3A:EC:00:4C:2B:5B,NA,(not associated),-41,1
3A:EE:8F:01:2C:C4,NA,(not associated),-63,1
3A:F0:C0:C6:57:30,NA,(not associated),-51,1
3A:F1:44:42:34:D7,NA,(not associated),-67,1
3A:F4:F9:85:5A:37,NA,(not associated),-41,1
3A:F5:AC:5E:F5:81,NA,(not associated),-63,1
3A:F5:EE:39:BF:7F,NA,(not associated),-67,1
3A:FA:D1:2D:A5:A7,NA,(not associated),-67,1
3A:FC:15:9F:8B:49,NA,(not associated),-51,1
3A:FC:E4:CE:87:4A,NA,(not associated),-61,1
3A:FE:72:2F:48:8E,NA,(not associated),-53,1
3E:04:2B:DA:21:13,NA,(not associated),-39,1
3E:04:DF:EF:9D:BA,NA,(not associated),-55,1
3E:05:0C:6E:55:47,NA,(not associated),-41,1
3E:05:E5:32:DA:57,NA,(not associated),-61,1
3E:05:F8:A0:9A:82,NA,(not associated),-61,1
3E:06:35:5F:6D:74,NA,(not associated),-43,1
3E:09:AE:0C:B0:A7,NA,(not associated),-59,1
3E:0A:40:DE:84:61,NA,(not associated),-55,1
3E:0B:3F:C2:C1:6A,NA,(not associated),-63,1
3E:0B:E1:0E:0B:11,NA,(not associated),-43,1
3E:0D:03:F4:CF:16,NA,(not associated),-63,1
3E:0E:84:63:51:CE,NA,(not associated),-61,1
3E:0F:D9:41:28:9A,NA,(not associated),-49,1
3E:13:BA:D4:5D:51,NA,(not associated),-63,1
3E:14:48:89:75:04,NA,(not associated),-85,1
3E:16:BF:10:CF:6D,NA,(not associated),-47,1
3E:1D:C3:CF:BC:E2,NA,(not associated),-47,1
3E:1F:74:F1:E1:4C,NA,(not associated),-71,1
3E:20:8B:BF:67:9F,NA,(not associated),-61,1
3E:21:A5:AE:DA:90,NA,(not associated),-67,1
3E:21:EB:66:E6:85,NA,(not associated),-51,1
3E:22:D1:94:69:D4,NA,(not associated),-65,1
3E:24:06:42:75:7E,NA,(not associated),-57,1
3E:25:F9:F1:CC:56,NA,(not associated),-57,1
3E:27:82:AC:35:17,NA,(not associated),-65,1
3E:29:73:18:F4:EA,NA,(not associated),-63,1
3E:2A:29:9A:22:C0,NA,(not associated),-37,1
3E:2A:E2:A3:00:31,NA,(not associated),-47,1
3E:2B:F2:25:05:67,NA,(not associated),-65,1
3E:34:37:06:32:31,NA,(not associated),-65,1
3E:35:E4:4A:D3:3D,NA,(not associated),-55,1
3E:36:6D:55:B6:D9,NA,(not associated),-55,1
3E:38:47:41:24:9C,NA,(not associated),-59,1
3E:3E:1C:3C:4A:71,NA,(not associated),-65,1
3E:3F:4A:0F:97:97,NA,(not associated),-61,1
3E:3F:67:D8:DF:69,NA,(not associated),-63,1
3E:3F:C0:E5:C5:C3,NA,(not associated),-53,1
3E:41:1F:AE:AC:07,NA,(not associated),-45,1
3E:41:F3:73:E5:EC,NA,(not associated),-41,1
3E:42:3B:9D:16:D5,NA,(not associated),-67,1
3E:42:E5:30:59:FD,NA,(not associated),-63,1
3E:47:90:4A:C1:91,NA,(not associated),-57,1
3E:53:14:80:05:15,NA,(not associated),-37,1
3E:53:27:DA:4C:80,NA,(not associated),-49,1
3E:55:49:F3:52:0B,NA,(not associated),-65,1
3E:57:4A:B9:9F:63,NA,(not associated),-39,1
3E:57:C0:DF:EB:55,NA,(not associated),-43,1
3E:59:C0:24:CF:96,NA,(not associated),-51,1
3E:5A:0F:60:F9:8B,NA,(not associated),-53,1
3E:5A:A0:83:B2:1A,NA,(not associated),-67,1
3E:61:E2:B5:0E:AB,NA,(not associated),-43,1
3E:64:10:CA:07:36,NA,(not associated),-39,1
3E:65:5C:41:25:3D,NA,(not associated),-59,1
3E:67:BA:82:BF:D1,NA,(not associated),-61,1
3E:6D:9D:5F:86:6D,NA,(not associated),-67,1
3E:6D:9F:54:22:9F,NA,(not associated),-65,1
3E:6E:5A:95:16:49,NA,(not associated),-47,1
3E:71:F8:20:34:18,NA,(not associated),-65,1
3E:74:0C:30:DB:1F,NA,(not associated),-53,1
3E:74:6F:8C:07:AA,NA,(not associated),-67,1
3E:81:70:07:F1:96,NA,(not associated),-59,1
3E:82:08:7E:BD:99,NA,(not associated),-65,1
3E:84:5F:82:6A:E1,NA,(not associated),-57,1
3E:86:07:25:15:29,NA,(not associated),-71,1
3E:89:6D:F9:6B:AE,NA,(not associated),-37,1
3E:89:A7:CD:ED:5D,NA,(not associated),-69,1
3E:8B:CF:07:D3:D1,NA,(not associated),-61,1
3E:8E:84:36:20:6C,NA,(not associated),-55,1
3E:91:9E:87:00:9A,NA,(not associated),-49,1
3E:91:DE:4C:BE:E3,NA,(not associated),-65,1
3E:92:3C:49:5E:06,NA,(not associated),-53,1
3E:92:42:7F:55:3F,NA,(not associated),-63,1
3E:92:6B:3F:98:70,NA,(not associated),-69,1
3E:94:59:9B:37:F2,NA,(not associated),-55,1
3E:96:B0:0B:45:93,NA,(not associated),-61,1
3E:97:C9:F9:01:FC,NA,(not associated),-65,1
3E:A1:4D:7B:3C:83,NA,(not associated),-53,1
3E:A3:C1:56:B7:71,NA,(not associated),-55,1
3E:A4:57:F3:B3:1E,NA,(not associated),-61,1
3E:A8:CC:6C:24:FB,NA,(not associated),-57,1
3E:AB:D0:A3:D7:6E,NA,(not associated),-61,1
3E:AB:EE:C0:CF:26,NA,(not associated),-55,1
3E:B0:B5:63:76:20,NA,(not associated),-67,1
3E:B1:07:97:1A:7A,NA,(not associated),-59,1
3E:B5:29:01:43:13,NA,(not associated),-53,1
3E:C0:72:4E:98:78,NA,(not associated),-57,1
3E:C0:D5:10:7E:EB,NA,(not associated),-73,1
3E:CB:F6:1B:DE:21,NA,(not associated),-57,1
3E:CC:AB:39:AC:D1,NA,(not associated),-65,1
3E:CD:C6:06:59:2C,NA,(not associated),-61,1
3E:D5:14:F0:5A:70,NA,(not associated),-35,1
3E:D6:10:39:4B:73,NA,(not associated),-59,1
3E:D6:6F:A1:5B:09,NA,(not associated),-49,1
3E:D8:AC:A9:D2:93,NA,(not associated),-73,1
3E:DA:01:71:0C:AA,NA,(not associated),-67,1
3E:DC:61:AB:9B:14,NA,(not associated),-69,1
3E:DC:A1:AB:E4:8B,NA,(not associated),-81,1
3E:E2:3A:F0:58:22,NA,(not associated),-55,1
3E:ED:3E:32:C3:7E,NA,(not associated),-57,1
3E:EE:AB:C0:10:F5,NA,(not associated),-65,1
3E:EE:EB:DF:AC:75,NA,(not associated),-63,1
3E:F2:C0:5E:AE:9F,NA,(not associated),-33,1
3E:F5:9D:1E:0D:F6,NA,(not associated),-59,1
3E:F6:3B:1C:79:8B,NA,(not associated),-63,1
3E:FB:76:1B:04:88,NA,(not associated),-59,1
3E:FE:09:1A:0B:F4,NA,(not associated),-61,1
3E:FF:E8:A6:4C:D0,NA,(not associated),-43,1
42:00:8C:0D:85:CD,NA,(not associated),-47,1
42:04:F5:CD:20:FB,NA,(not associated),-67,1
42:07:63:13:97:9A,NA,(not associated),-61,1
42:0C:CD:B5:68:E3,NA,(not associated),-39,1
42:15:4A:79:CA:F2,NA,(not associated),-57,1
42:1D:00:53:0E:F4,NA,(not associated),-67,1
42:22:E2:F8:2B:59,NA,(not associated),-63,1
42:26:7A:AE:CC:6B,NA,(not associated),-65,1
42:2B:8B:68:C4:8A,NA,(not associated),-61,1
42:2D:C2:69:13:FB,NA,(not associated),-67,1
42:32:1B:BE:AC:09,NA,(not associated),-35,1
42:34:DF:F4:47:C1,NA,(not associated),-43,1
42:35:06:2F:D8:81,NA,(not associated),-57,1
42:36:27:89:29:82,NA,(not associated),-55,1
42:37:E9:85:F7:B4,NA,(not associated),-59,1
42:38:1C:18:B4:EB,NA,(not associated),-69,1
42:3B:9A:0E:A1:64,NA,(not associated),-65,1
42:3B:AE:6E:D8:F5,NA,(not associated),-71,1
42:3B:F9:B5:CC:B0,NA,(not associated),-67,1
42:3C:65:CC:B9:A8,NA,(not associated),-39,1
42:3C:6A:AE:E9:9F,NA,(not associated),-63,1
42:3D:00:ED:4A:9B,NA,(not associated),-43,1
42:3E:59:C0:BA:02,NA,(not associated),-33,1
42:46:99:39:50:AC,NA,(not associated),-65,1
42:47:37:56:93:56,NA,(not associated),-33,1
42:49:FD:9B:BD:03,NA,(not associated),-57,1
42:4E:30:91:13:03,NA,(not associated),-31,1
42:54:FA:87:34:A0,NA,(not associated),-43,1
42:55:E4:0A:C2:8E,NA,(not associated),-59,1
42:57:97:98:ED:61,NA,(not associated),-71,1
42:5A:E7:D5:45:C6,NA,(not associated),-65,1
42:5B:55:4F:C5:9E,NA,(not associated),-59,1
42:5E:78:B9:76:8B,NA,(not associated),-53,1
42:68:56:EF:AC:7E,NA,(not associated),-61,1
42:6E:5A:09:DD:20,NA,(not associated),-55,1
42:6E:6A:CD:76:96,NA,(not associated),-57,1
42:75:93:93:7B:50,NA,(not associated),-67,1
42:76:E0:FF:02:3B,NA,(not associated),-43,1
42:77:BD:E5:99:D9,NA,(not associated),-55,1
42:78:C6:E6:A5:7C,NA,(not associated),-47,1
42:7B:C8:AF:EF:B5,NA,(not associated),-57,1
42:7B:F6:23:20:00,NA,(not associated),-59,1
42:7C:A4:45:9A:32,NA,(not associated),-47,1
42:82:54:D4:0D:47,NA,(not associated),-39,1
42:86:9A:7C:C5:E0,NA,(not associated),-59,1
42:87:C5:A1:A8:81,NA,(not associated),-55,1
42:88:AF:D7:5E:6C,NA,(not associated),-61,1
42:8E:3F:78:4B:74,NA,(not associated),-71,1
42:91:97:26:76:9D,NA,(not associated),-41,1
42:92:71:B8:95:EB,NA,(not associated),-67,1
42:95:20:46:12:01,NA,(not associated),-63,1
42:97:91:CF:6A:7F,NA,(not associated),-67,1
42:9E:04:7E:D7:81,NA,(not associated),-69,1
42:A1:40:44:1C:CA,NA,(not associated),-69,1
42:A7:70:4D:4D:F0,NA,(not associated),-69,1
42:AA:9B:41:50:18,NA,(not associated),-61,1
42:AB:32:89:5B:6A,NA,(not associated),-67,1
42:B4:0B:93:9D:81,NA,(not associated),-43,1
42:B4:2F:FF:2A:75,NA,(not associated),-63,1
42:BF:24:5E:0B:61,NA,(not associated),-67,1
42:C1:14:D4:B5:63,NA,(not associated),-59,1
42:C2:78:B8:AA:00,NA,(not associated),-39,1
42:C4:EE:EF:16:7B,NA,(not associated),-53,1
42:CB:78:4E:A0:25,NA,(not associated),-55,1
42:D4:89:88:83:ED,NA,(not associated),-47,1
42:DC:10:E8:46:FB,NA,(not associated),-67,1
42:DD:BD:C4:B7:3A,NA,(not associated),-51,1
42:E6:26:70:73:4D,NA,(not associated),-45,1
42:EB:27:09:B0:7E,NA,(not associated),-39,1
42:F0:B5:97:F9:85,NA,(not associated),-69,1
42:F3:3D:13:9F:46,NA,(not associated),-57,1
42:FA:BB:2D:99:CE,NA,(not associated),-37,1
42:FD:E3:D3:B1:34,NA,(not associated),-73,1
46:02:FB:56:7D:4A,NA,(not associated),-53,1
46:08:05:A1:A4:9E,NA,(not associated),-67,1
46:08:F2:D7:0A:1F,NA,(not associated),-67,1
46:0E:8C:C1:B6:64,NA,(not associated),-37,1
46:0F:10:5C:6E:D1,NA,(not associated),-63,1
46:10:11:BC:9B:81,NA,(not associated),-45,1
46:12:5D:B6:2E:11,NA,(not associated),-51,1
46:14:DB:13:0E:E3,NA,(not associated),-45,1
46:17:52:50:67:47,NA,(not associated),-55,1
46:19:29:1F:2C:A2,NA,(not associated),-63,1
46:19:4E:C9:97:2D,NA,(not associated),-67,1
46:1E:81:85:12:9C,NA,(not associated),-65,1
46:22:84:44:D6:B3,NA,(not associated),-41,1
46:24:CC:8B:62:A5,NA,(not associated),-69,1
46:30:EC:EA:9A:D0,NA,(not associated),-67,1
46:34:CD:27:C3:2B,NA,(not associated),-63,1
46:38:49:FF:0A:8E,NA,(not associated),-59,1
46:3A:D1:0F:EB:A1,NA,(not associated),-61,1
46:3D:92:5F:79:09,NA,(not associated),-71,1
46:40:53:D7:8F:D9,NA,(not associated),-53,1
46:41:99:D2:96:92,NA,(not associated),-63,1
46:42:7E:DE:D5:C5,NA,(not associated),-55,1
46:44:00:6E:CD:B4,NA,(not associated),-51,1
46:49:EB:C8:64:47,NA,(not associated),-59,1
46:4B:41:56:A7:50,NA,(not associated),-53,1
46:4C:9B:11:9B:5B,NA,(not associated),-61,1
46:4E:08:96:2B:7A,NA,(not associated),-63,1
46:50:17:BC:2A:FB,NA,(not associated),-55,1
46:50:5C:CA:5D:AC,NA,(not associated),-55,1
46:53:6B:7C:23:07,NA,(not associated),-63,1
46:58:B5:78:E6:EC,NA,(not associated),-63,1
46:59:08:C1:8F:6D,NA,(not associated),-57,1
46:5E:AB:E2:A5:0D,NA,(not associated),-61,1
46:5E:C3:DE:9C:51,NA,(not associated),-57,1
46:60:B5:58:2A:C2,NA,(not associated),-51,1
46:62:B0:2A:38:E3,NA,(not associated),-69,1
46:63:73:EA:BE:F4,NA,(not associated),-61,1
46:65:90:7D:D1:2C,NA,(not associated),-65,1
46:66:A7:DC:77:6F,NA,(not associated),-63,1
46:66:CC:FF:C0:E9,NA,(not associated),-61,1
46:69:F4:50:59:AE,NA,(not associated),-71,1
46:6F:A4:6C:F1:D9,NA,(not associated),-63,1
46:72:F7:21:02:76,NA,(not associated),-69,1
46:74:FB:3E:F6:92,NA,(not associated),-63,1
46:75:17:18:CA:B4,NA,(not associated),-55,1
46:75:CF:2F:6B:34,NA,(not associated),-75,1
46:75:E7:B8:5E:CB,NA,(not associated),-61,1
46:7C:5A:02:99:3E,NA,(not associated),-63,1
46:7D:07:8C:DB:63,NA,(not associated),-69,1
46:7D:10:F6:DF:04,NA,(not associated),-49,1
46:7F:E4:77:AE:90,NA,(not associated),-55,1
46:83:59:A6:A4:84,NA,(not associated),-57,1
46:84:27:91:9F:2F,NA,(not associated),-55,1
46:85:74:9F:F5:29,NA,(not associated),-59,1
46:86:CE:C0:82:AF,NA,(not associated),-59,1
46:89:65:29:DC:53,NA,(not associated),-47,1
46:8A:0E:3E:77:E7,NA,(not associated),-61,1
46:8D:D1:D9:66:2C,NA,(not associated),-53,1
46:8F:52:23:C9:EB,NA,(not associated),-59,1
46:8F:90:A1:50:57,NA,(not associated),-55,1
46:93:32:A2:55:6A,NA,(not associated),-57,1
46:9B:28:87:AD:4C,NA,(not associated),-55,1
46:A2:AE:C5:18:FA,NA,(not associated),-53,1
46:A2:C1:5F:88:08,NA,(not associated),-55,1
46:A7:85:EE:E8:9B,NA,(not associated),-55,1
46:A8:4E:8C:D1:81,NA,(not associated),-61,1
46:A9:7C:F3:35:FE,NA,(not associated),-61,1
46:AE:93:59:80:13,NA,(not associated),-31,1
46:B0:1C:64:C8:54,NA,(not associated),-41,1
46:B0:29:2B:1C:3A,NA,(not associated),-53,1
46:B0:39:56:33:9C,NA,(not associated),-51,1
46:B1:12:AA:4D:67,NA,(not associated),-57,1
46:B6:18:A6:70:AA,NA,(not associated),-53,1
46:B7:70:3E:A9:52,NA,(not associated),-59,1
46:B7:E2:C7:FA:B4,NA,(not associated),-55,1
46:B9:CE:D6:94:9B,NA,(not associated),-61,1
46:B9:F8:FB:42:83,NA,(not associated),-39,1
46:BE:62:59:53:AD,NA,(not associated),-35,1
46:BE:78:07:D1:D3,NA,(not associated),-55,1
46:BF:43:91:29:01,NA,(not associated),-55,1
46:C2:F4:17:41:FA,NA,(not associated),-63,1
46:C3:34:03:88:81,NA,(not associated),-67,1
46:C3:64:29:F5:1E,NA,(not associated),-61,1
46:C4:24:DD:B5:76,NA,(not associated),-37,1
46:C4:42:2E:7D:C2,NA,(not associated),-43,1
46:C7:4E:7E:74:06,NA,(not associated),-55,1
46:C7:C8:48:E6:F8,NA,(not associated),-55,1
46:CA:06:D8:0E:B5,NA,(not associated),-31,1
46:CB:96:07:E4:5D,NA,(not associated),-61,1
46:CB:B9:67:F7:A9,NA,(not associated),-65,1
46:CF:F8:64:C0:34,NA,(not associated),-59,1
46:D9:D5:DF:20:E3,NA,(not associated),-57,1
46:E2:A0:D8:0D:7E,NA,(not associated),-65,1
46:EA:95:A4:30:E5,NA,(not associated),-43,1
46:EA:D3:C0:50:1E,NA,(not associated),-88,1
46:EB:F9:8E:2F:C5,NA,(not associated),-47,1
46:EE:4F:60:C0:ED,NA,(not associated),-69,1
48:A4:72:33:DC:C7,Intel Corporate,(not associated),-71,1
4A:01:47:30:B5:71,NA,(not associated),-61,1
4A:05:7B:39:C9:16,NA,(not associated),-63,1
4A:08:1B:CE:DA:D8,NA,(not associated),-57,1
4A:09:02:94:AD:C1,NA,(not associated),-63,1
4A:09:48:31:8C:73,NA,(not associated),-55,1
4A:10:BE:BD:88:1B,NA,(not associated),-51,1
4A:11:6E:71:1B:46,NA,(not associated),-61,1
4A:17:F2:48:C6:58,NA,(not associated),-41,1
4A:18:67:E6:6B:88,NA,(not associated),-55,1
4A:1A:E1:E7:16:68,NA,(not associated),-57,1
4A:1B:B1:7A:7E:8A,NA,(not associated),-51,1
4A:1C:01:4F:10:38,NA,(not associated),-57,1
4A:1D:70:92:10:F8,NA,(not associated),-45,1
4A:1E:F9:C7:BF:12,NA,(not associated),-63,1
4A:20:D2:32:B4:98,NA,(not associated),-63,1
4A:24:7D:88:E6:AD,NA,(not associated),-41,1
4A:26:2E:25:CA:05,NA,(not associated),-65,1
4A:27:E1:59:50:DA,NA,(not associated),-39,1
4A:2A:21:C4:D6:C9,NA,(not associated),-59,1
4A:2C:3A:D0:01:B7,NA,(not associated),-59,1
4A:2D:40:6A:A8:F5,NA,(not associated),-79,1
4A:2D:B6:04:6B:82,NA,(not associated),-39,1
4A:30:6B:C2:A2:41,NA,(not associated),-57,1
4A:34:4E:1B:C9:58,NA,(not associated),-63,1
4A:34:EA:A0:9E:6A,NA,(not associated),-63,1
4A:37:E4:FA:03:7D,NA,(not associated),-57,1
4A:38:37:57:77:7F,NA,(not associated),-61,1
4A:38:CE:15:71:01,NA,(not associated),-51,1
4A:39:ED:10:37:02,NA,(not associated),-71,1
4A:3A:84:20:6F:1C,NA,(not associated),-57,1
4A:3B:CD:53:02:30,NA,(not associated),-57,1
4A:3D:9B:ED:FD:C6,NA,(not associated),-61,1
4A:45:11:7A:38:41,NA,(not associated),-47,1
4A:47:84:00:B9:DE,NA,(not associated),-51,1
4A:49:DD:81:22:3B,NA,(not associated),-69,1
4A:4A:F9:E0:4C:65,NA,(not associated),-63,1
4A:4B:A6:F6:5A:05,NA,(not associated),-55,1
4A:4E:1A:3D:84:53,NA,(not associated),-65,1
4A:4E:48:EC:6B:EF,NA,(not associated),-59,1
4A:52:D9:07:1C:A3,NA,(not associated),-61,1
4A:55:FE:36:21:06,NA,(not associated),-65,1
4A:59:CE:DE:C3:A2,NA,(not associated),-53,1
4A:5D:24:1D:74:CA,NA,(not associated),-53,1
4A:5D:79:B5:F6:02,NA,(not associated),-67,1
4A:60:8A:2A:9D:2B,NA,(not associated),-47,1
4A:68:EE:DB:13:8E,NA,(not associated),-53,1
4A:6C:9F:12:47:64,NA,(not associated),-65,1
4A:6C:A5:2F:0E:58,NA,(not associated),-67,1
4A:6D:05:25:0C:41,NA,(not associated),-55,1
4A:78:5A:EF:78:11,NA,(not associated),-39,1
4A:7E:82:2F:EB:77,NA,(not associated),-71,1
4A:83:C5:37:94:CE,NA,(not associated),-67,1
4A:85:D3:E5:50:F5,NA,(not associated),-57,1
4A:85:D5:71:55:80,NA,(not associated),-65,1
4A:86:6B:F5:2C:1C,NA,(not associated),-57,1
4A:88:70:A9:10:40,NA,(not associated),-63,1
4A:8B:1E:BC:19:B6,NA,(not associated),-65,1
4A:8D:8C:F4:1F:EA,NA,(not associated),-69,1
4A:8D:C0:56:9D:87,NA,(not associated),-43,1
4A:91:A6:F0:53:9A,NA,(not associated),-65,1
4A:92:41:44:78:6C,NA,(not associated),-53,1
4A:9A:D5:89:08:42,NA,(not associated),-47,1
4A:A0:54:84:AA:0C,NA,(not associated),-45,1
4A:A0:7D:0C:21:5D,NA,(not associated),-61,1
4A:A1:8D:DA:E1:E1,NA,(not associated),-55,1
4A:A1:DA:B4:E6:B5,NA,(not associated),-55,1
4A:AA:F4:AC:0A:BA,NA,(not associated),-59,1
4A:AD:A1:F3:7A:77,NA,(not associated),-63,1
4A:AF:FD:3A:45:EC,NA,(not associated),-55,1
4A:B8:64:01:5F:EA,NA,(not associated),-65,1
4A:B8:FA:D3:B2:4F,NA,(not associated),-63,1
4A:BC:13:D4:D3:52,NA,(not associated),-51,1
4A:C1:B8:4C:15:E0,NA,(not associated),-61,1
4A:C3:64:FB:34:96,NA,(not associated),-67,1
4A:C5:C9:68:C2:DC,NA,(not associated),-67,1
4A:C7:51:CD:43:7C,NA,(not associated),-73,1
4A:CC:71:71:94:DE,NA,(not associated),-49,1
4A:CC:BE:71:74:46,NA,(not associated),-53,1
4A:D1:2E:EC:E2:A2,NA,(not associated),-65,1
4A:D2:60:73:A6:7A,NA,(not associated),-59,1
4A:D5:62:6E:19:C7,NA,(not associated),-67,1
4A:D8:21:DA:07:BA,NA,(not associated),-59,1
4A:D9:A1:A4:26:8A,NA,(not associated),-51,1
4A:DA:97:F4:40:5E,NA,(not associated),-57,1
4A:DB:7E:91:3D:02,NA,(not associated),-63,1
4A:DC:86:32:B4:81,NA,(not associated),-63,1
4A:DC:D2:8C:8E:0F,NA,(not associated),-57,1
4A:DD:D3:A0:4F:A4,NA,(not associated),-55,1
4A:DF:33:5E:10:0E,NA,(not associated),-45,1
4A:E0:73:C8:2E:BE,NA,(not associated),-63,1
4A:E2:AE:1A:0B:3D,NA,(not associated),-55,1
4A:E2:B4:E5:23:B2,NA,(not associated),-55,1
4A:E4:C8:D5:40:BA,NA,(not associated),-41,1
4A:E5:19:A9:A0:30,NA,(not associated),-45,1
4A:E6:AF:DF:89:11,NA,(not associated),-61,1
4A:F5:7D:39:55:D8,NA,(not associated),-67,1
4A:F7:F6:2C:F9:C2,NA,(not associated),-61,1
4A:F9:9A:91:DB:9C,NA,(not associated),-47,1
4A:FB:25:13:42:CB,NA,(not associated),-57,1
4A:FE:F9:0F:E8:25,NA,(not associated),-51,1
4E:07:4E:18:C9:CF,NA,(not associated),-53,1
4E:0B:65:AC:D5:4E,NA,(not associated),-53,1
4E:0D:44:23:08:28,NA,(not associated),-55,1
4E:0E:22:DB:DF:CE,NA,(not associated),-59,1
4E:0E:66:DE:DB:62,NA,(not associated),-59,1
4E:12:63:92:CD:BD,NA,(not associated),-61,1
4E:12:93:66:14:27,NA,(not associated),-65,1
4E:19:3A:81:4A:78,NA,(not associated),-33,1
4E:1A:33:0D:3B:F1,NA,(not associated),-57,1
4E:1B:18:82:51:D6,NA,(not associated),-53,1
4E:1D:1C:3D:1C:77,NA,(not associated),-55,1
4E:1D:9B:CF:40:8D,NA,(not associated),-63,1
4E:1E:43:34:84:BD,NA,(not associated),-33,1
4E:1E:F9:78:DE:24,NA,(not associated),-67,1
4E:24:2B:A9:0F:30,NA,(not associated),-43,1
4E:27:5E:6A:68:AD,NA,(not associated),-59,1
4E:2C:2D:A8:B2:7A,NA,(not associated),-59,1
4E:30:B3:17:8D:D6,NA,(not associated),-67,1
4E:31:35:CC:BF:87,NA,(not associated),-63,1
4E:47:C3:11:D1:2B,NA,(not associated),-63,1
4E:48:0A:5F:C5:A9,NA,(not associated),-41,1
4E:4E:76:DC:4E:06,NA,(not associated),-61,1
4E:51:45:AD:7D:26,NA,(not associated),-57,1
4E:52:90:06:44:65,NA,(not associated),-69,1
4E:53:59:AC:40:22,NA,(not associated),-57,1
4E:56:9A:C7:7A:ED,NA,(not associated),-61,1
4E:59:2B:09:C3:81,NA,(not associated),-61,1
4E:59:3C:95:66:9A,NA,(not associated),-61,1
4E:59:E4:2F:0B:48,NA,(not associated),-71,1
4E:5C:FA:22:6D:E2,NA,(not associated),-53,1
4E:61:B3:50:FD:51,NA,(not associated),-41,1
4E:61:F3:A6:F6:F2,NA,(not associated),-35,1
4E:67:72:22:CE:1A,NA,(not associated),-55,1
4E:67:FD:0E:FD:B4,NA,(not associated),-57,1
4E:6B:25:F7:F2:3D,NA,(not associated),-49,1
4E:6C:7C:76:FF:18,NA,(not associated),-57,1
4E:6C:EF:4D:07:9B,NA,(not associated),-63,1
4E:6D:3C:F1:AC:E5,NA,(not associated),-51,1
4E:6E:59:85:DF:D4,NA,(not associated),-67,1
4E:6E:84:91:99:83,NA,(not associated),-67,1
4E:6E:B4:66:E5:F9,NA,(not associated),-63,1
4E:70:85:F5:27:2B,NA,(not associated),-69,1
4E:73:63:53:49:D5,NA,(not associated),-49,1
4E:73:81:DD:44:8A,NA,(not associated),-61,1
4E:7D:70:3E:78:B8,NA,(not associated),-51,1
4E:83:6C:67:15:A8,NA,(not associated),-71,1
4E:85:59:10:D2:8B,NA,(not associated),-41,1
4E:89:8B:29:D3:AD,NA,(not associated),-63,1
4E:95:82:04:4E:73,NA,(not associated),-63,1
4E:97:58:F3:B9:22,NA,(not associated),-49,1
4E:98:10:4D:D2:5A,NA,(not associated),-69,1
4E:99:7B:55:6E:9C,NA,(not associated),-65,1
4E:9A:40:F1:61:36,NA,(not associated),-69,1
4E:9B:23:55:BB:A7,NA,(not associated),-53,1
4E:9C:7C:5A:88:DC,NA,(not associated),-55,1
4E:9D:83:92:2D:2D,NA,(not associated),-76,1
4E:9E:3A:05:E0:F2,NA,(not associated),-53,1
4E:9F:23:E8:32:A0,NA,(not associated),-59,1
4E:9F:68:C0:7E:CC,NA,(not associated),-51,1
4E:A1:9A:B0:66:8F,NA,(not associated),-53,1
4E:AD:9E:9B:31:71,NA,(not associated),-61,1
4E:B3:C8:D0:C8:A2,NA,(not associated),-55,1
4E:B4:53:46:76:AA,NA,(not associated),-65,1
4E:B4:5B:C8:CF:15,NA,(not associated),-41,1
4E:B4:88:29:9C:17,NA,(not associated),-65,1
4E:B4:B8:BB:65:57,NA,(not associated),-55,1
4E:B8:13:7D:31:7A,NA,(not associated),-35,1
4E:B9:05:B5:B9:C2,NA,(not associated),-67,1
4E:C0:02:00:8F:D2,NA,(not associated),-45,1
4E:C2:30:76:50:6E,NA,(not associated),-61,1
4E:C2:8B:2D:70:55,NA,(not associated),-73,1
4E:C2:8C:27:B9:B2,NA,(not associated),-67,1
4E:C5:9A:15:E5:DD,NA,(not associated),-45,1
4E:C9:AA:46:10:05,NA,(not associated),-35,1
4E:CC:67:66:C6:3E,NA,(not associated),-73,1
4E:CD:04:A2:FF:D2,NA,(not associated),-67,1
4E:CE:B9:B1:4A:7F,NA,(not associated),-57,1
4E:CF:33:1F:98:2B,NA,(not associated),-59,1
4E:D1:C4:C6:F8:0A,NA,(not associated),-55,1
4E:D6:79:65:A8:55,NA,(not associated),-61,1
4E:E0:C4:61:6F:BF,NA,(not associated),-45,1
4E:E9:91:EE:52:50,NA,(not associated),-61,1
4E:ED:47:A9:22:8B,NA,(not associated),-59,1
4E:EF:10:5C:17:00,NA,(not associated),-65,1
4E:EF:FA:AB:7B:DD,NA,(not associated),-53,1
4E:F3:38:37:4C:4F,NA,(not associated),-67,1
4E:F7:61:1E:00:09,NA,(not associated),-59,1
4E:FA:57:EE:3F:28,NA,(not associated),-49,1
4E:FC:0B:01:A6:A0,NA,(not associated),-69,1
4E:FC:E4:4C:09:02,NA,(not associated),-69,1
52:01:03:04:FB:09,NA,(not associated),-57,1
52:02:78:37:5D:F2,NA,(not associated),-67,1
52:04:BD:84:52:06,NA,(not associated),-51,1
52:06:0C:67:5C:3F,NA,(not associated),-57,1
52:08:18:65:3B:BB,NA,(not associated),-39,1
52:08:5D:C1:EC:B7,NA,(not associated),-61,1
52:0A:82:7D:42:D5,NA,(not associated),-49,1
52:0C:5C:5E:E1:F5,NA,(not associated),-65,1
52:0E:22:9D:A2:D0,NA,(not associated),-69,1
52:11:09:17:32:83,NA,(not associated),-65,1
52:15:A7:55:B5:7B,NA,(not associated),-55,1
52:16:1E:12:8F:DA,NA,(not associated),-45,1
52:1B:62:00:95:14,NA,(not associated),-43,1
52:1F:5F:90:F8:43,NA,(not associated),-63,1
52:1F:B4:DA:E9:9F,NA,(not associated),-43,1
52:28:7E:46:12:72,NA,(not associated),-59,1
52:32:3E:54:38:E4,NA,(not associated),-67,1
52:35:14:16:4A:45,NA,(not associated),-71,1
52:43:A2:9B:91:C1,NA,(not associated),-65,1
52:4E:14:D4:B2:FD,NA,(not associated),-67,1
52:50:7C:B1:CA:A9,NA,(not associated),-65,1
52:5A:6C:BF:14:F4,NA,(not associated),-69,1
52:5D:B3:07:60:A0,NA,(not associated),-79,1
52:63:1C:5B:E2:29,NA,(not associated),-39,1
52:67:10:2C:3C:B7,NA,(not associated),-53,1
52:69:06:35:41:AA,NA,(not associated),-63,1
52:75:90:82:8A:EE,NA,(not associated),-59,1
52:76:16:D7:6A:B1,NA,(not associated),-67,1
52:77:D3:8D:EA:79,NA,(not associated),-57,1
52:78:1D:3C:DD:12,NA,(not associated),-63,1
52:7A:01:15:2E:30,NA,(not associated),-55,1
52:7C:5A:2E:97:61,NA,(not associated),-37,1
52:80:2C:CA:7E:11,NA,(not associated),-59,1
52:84:22:FA:83:47,NA,(not associated),-53,1
52:84:89:D5:CA:78,NA,(not associated),-61,1
52:86:F0:7F:B2:FE,NA,(not associated),-51,1
52:87:81:F9:E8:DC,NA,(not associated),-67,1
52:87:AF:AB:AC:2A,NA,(not associated),-49,1
52:88:FA:00:90:8F,NA,(not associated),-67,1
52:8C:3D:43:8E:F4,NA,(not associated),-65,1
52:92:80:86:B2:04,NA,(not associated),-55,1
52:94:4B:30:8C:C8,NA,(not associated),-47,1
52:95:18:70:8C:2C,NA,(not associated),-61,1
52:96:86:57:2F:17,NA,(not associated),-61,1
52:9D:08:39:77:EE,NA,(not associated),-57,1
52:9D:1C:F3:70:98,NA,(not associated),-59,1
52:A4:3B:ED:85:A9,NA,(not associated),-59,1
52:A8:22:A8:87:0B,NA,(not associated),-63,1
52:AB:56:B8:C1:DD,NA,(not associated),-59,1
52:AB:88:94:65:EB,NA,(not associated),-47,1
52:AC:F8:CB:10:C1,NA,(not associated),-65,1
52:B2:14:78:B5:48,NA,(not associated),-57,1
52:B4:4F:66:C5:73,NA,(not associated),-63,1
52:B4:73:2E:94:90,NA,(not associated),-43,1
52:B5:D3:BA:0E:4E,NA,(not associated),-57,1
52:B6:07:F8:50:3C,NA,(not associated),-59,1
52:B8:2E:78:8C:72,NA,(not associated),-39,1
52:B9:9D:5C:B8:1E,NA,(not associated),-65,1
52:BB:3C:86:E7:E4,NA,(not associated),-55,1
52:BB:C2:2E:4F:9C,NA,(not associated),-77,1
52:C8:0B:54:04:DB,NA,(not associated),-67,1
52:CA:0E:F0:EC:78,NA,(not associated),-59,1
52:CA:1F:56:D7:6D,NA,(not associated),-61,1
52:CA:70:7C:CC:72,NA,(not associated),-59,1
52:CB:33:8E:14:71,NA,(not associated),-53,1
52:CB:F2:12:D6:51,NA,(not associated),-63,1
52:D0:D7:9C:CA:C5,NA,(not associated),-61,1
52:D1:27:6E:12:7F,NA,(not associated),-55,1
52:D7:3E:08:B7:BE,NA,(not associated),-63,1
52:D8:9C:9D:49:C2,NA,(not associated),-65,1
52:DB:F6:2B:CA:DD,NA,(not associated),-55,1
52:E2:6A:50:FA:43,NA,(not associated),-47,1
52:E5:D6:47:AD:2E,NA,(not associated),-49,1
52:E7:93:4B:F1:98,NA,(not associated),-55,1
52:E7:B8:F5:C9:3A,NA,(not associated),-65,1
52:E8:16:5E:57:6F,NA,(not associated),-49,1
52:EA:20:8A:25:E5,NA,(not associated),-59,1
52:F1:D4:6E:2E:A8,NA,(not associated),-57,1
52:F4:11:30:8E:18,NA,(not associated),-61,1
52:F8:37:CB:7E:A2,NA,(not associated),-65,1
52:FF:26:F0:D6:02,NA,(not associated),-65,1
52:FF:E9:67:0D:37,NA,(not associated),-69,1
56:00:4E:10:73:37,NA,(not associated),-69,1
56:0A:2B:33:FD:8B,NA,(not associated),-61,1
56:0B:5D:64:2A:0C,NA,(not associated),-61,1
56:0C:2B:34:7C:D8,NA,(not associated),-37,1
56:0E:BB:19:1E:F8,NA,(not associated),-51,1
56:10:D3:07:2C:EE,NA,(not associated),-49,1
56:12:42:63:D0:C9,NA,(not associated),-67,1
56:12:E2:35:75:B1,NA,(not associated),-37,1
56:15:EB:44:CE:68,NA,(not associated),-63,1
56:1B:EF:27:A0:7D,NA,(not associated),-67,1
56:1E:E7:99:2B:36,NA,(not associated),-53,1
56:1F:96:36:BE:87,NA,(not associated),-59,1
56:1F:DC:DD:7D:9C,NA,(not associated),-43,1
56:20:8E:C9:23:2D,NA,(not associated),-53,1
56:25:24:C6:9C:45,NA,(not associated),-67,1
56:26:A0:7D:30:FD,NA,(not associated),-39,1
56:28:E4:B9:50:2A,NA,(not associated),-61,1
56:29:AF:8B:F6:A0,NA,(not associated),-59,1
56:2C:74:76:4E:DC,NA,(not associated),-57,1
56:2D:9D:87:81:11,NA,(not associated),-73,1
56:30:C7:A6:9C:17,NA,(not associated),-49,1
56:31:16:85:0E:A0,NA,(not associated),-51,1
56:33:08:D7:E3:80,NA,(not associated),-51,1
56:33:19:3C:77:3B,NA,(not associated),-63,1
56:33:89:7A:5F:4C,NA,(not associated),-47,1
56:39:14:1F:13:00,NA,(not associated),-63,1
56:3E:D6:80:42:8E,NA,(not associated),-65,1
56:3F:21:02:ED:95,NA,(not associated),-57,1
56:44:5D:17:89:E2,NA,(not associated),-63,1
56:4A:CC:9F:93:79,NA,(not associated),-59,1
56:4F:37:AE:09:EF,NA,(not associated),-49,1
56:51:69:2C:72:18,NA,(not associated),-65,1
56:52:C4:61:69:43,NA,(not associated),-57,1
56:57:7A:5C:71:A5,NA,(not associated),-65,1
56:58:4D:44:FE:04,NA,(not associated),-43,1
56:59:A0:89:86:35,NA,(not associated),-55,1
56:5B:56:86:3F:6D,NA,(not associated),-53,1
56:5C:A9:38:6A:A5,NA,(not associated),-43,1
56:5E:90:F5:35:7A,NA,(not associated),-57,1
56:60:51:48:6E:57,NA,(not associated),-51,1
56:60:54:62:E8:EF,NA,(not associated),-37,1
56:60:A1:3C:F9:85,NA,(not associated),-63,1
56:63:1F:DF:40:A8,NA,(not associated),-33,1
56:66:59:FF:D8:E0,NA,(not associated),-61,1
56:66:98:07:72:37,NA,(not associated),-59,1
56:67:75:4E:22:4A,NA,(not associated),-57,1
56:68:82:DF:7B:E0,NA,(not associated),-43,1
56:69:0B:C8:66:B6,NA,(not associated),-53,1
56:69:E0:32:20:14,NA,(not associated),-67,1
56:69:F9:03:1E:8E,NA,(not associated),-55,1
56:75:0C:36:CF:A5,NA,(not associated),-65,1
56:78:39:39:98:DF,NA,(not associated),-59,1
56:7C:05:80:46:CA,NA,(not associated),-55,1
56:7D:B5:8B:C4:11,NA,(not associated),-65,1
56:7E:7F:BE:72:7D,NA,(not associated),-51,1
56:7E:B9:A5:0B:20,NA,(not associated),-59,1
56:7F:E7:C3:42:43,NA,(not associated),-63,1
56:82:C1:6A:6D:85,NA,(not associated),-53,1
56:84:6D:D3:68:26,NA,(not associated),-53,1
56:84:A6:5A:CE:C7,NA,(not associated),-67,1
56:8D:C4:9C:F4:39,NA,(not associated),-35,1
56:8E:EB:5D:26:CC,NA,(not associated),-49,1
56:90:2F:BA:19:96,NA,(not associated),-57,1
56:94:0D:8B:1F:05,NA,(not associated),-59,1
56:94:0F:87:D6:93,NA,(not associated),-61,1
56:95:4F:9F:87:8C,NA,(not associated),-57,1
56:9A:D5:E2:0C:13,NA,(not associated),-51,1
56:9B:97:C7:29:30,NA,(not associated),-73,1
56:9C:C5:BA:C4:A3,NA,(not associated),-43,1
56:9F:73:F2:42:95,NA,(not associated),-59,1
56:A2:29:5E:5E:E3,NA,(not associated),-63,1
56:A2:B5:4F:27:0E,NA,(not associated),-67,1
56:A8:E6:C0:D4:E4,NA,(not associated),-67,1
56:A9:B7:BE:8A:ED,NA,(not associated),-57,1
56:A9:CE:41:4B:30,NA,(not associated),-71,1
56:A9:FE:A0:1D:17,NA,(not associated),-45,1
56:AC:65:50:7E:F5,NA,(not associated),-55,1
56:B0:99:C3:7B:3A,NA,(not associated),-59,1
56:B7:FB:29:20:05,NA,(not associated),-55,1
56:B8:71:FD:E1:0C,NA,(not associated),-59,1
56:B9:5D:0C:B1:83,NA,(not associated),-61,1
56:C1:72:D3:39:1D,NA,(not associated),-53,1
56:C1:CC:EA:C7:84,NA,(not associated),-39,1
56:C5:FE:0C:9C:A4,NA,(not associated),-59,1
56:C9:90:B0:85:66,NA,(not associated),-59,1
56:CA:80:86:28:C4,NA,(not associated),-61,1
56:CA:9E:31:31:07,NA,(not associated),-57,1
56:CB:16:67:1F:D1,NA,(not associated),-53,1
56:CE:64:09:2F:87,NA,(not associated),-71,1
56:D1:92:9B:14:AB,NA,(not associated),-49,1
56:D5:AF:90:41:06,NA,(not associated),-67,1
56:DB:2E:10:45:A1,NA,(not associated),-61,1
56:DC:26:C7:BC:9A,NA,(not associated),-59,1
56:DE:BF:46:36:B0,NA,(not associated),-61,1
56:E4:B7:77:F7:F3,NA,(not associated),-61,1
56:E5:35:59:A5:0B,NA,(not associated),-69,1
56:E5:91:E9:FE:CE,NA,(not associated),-59,1
56:E9:0D:24:68:05,NA,(not associated),-65,1
56:EB:EC:21:A4:47,NA,(not associated),-55,1
56:ED:03:6A:C6:B6,NA,(not associated),-57,1
56:EE:1E:3D:55:F2,NA,(not associated),-55,1
56:F3:03:D2:44:E6,NA,(not associated),-47,1
56:F3:95:7D:6E:8F,NA,(not associated),-67,1
56:F5:BD:FC:03:8C,NA,(not associated),-61,1
56:F7:DE:25:CA:2E,NA,(not associated),-63,1
56:F9:C4:2C:42:DC,NA,(not associated),-53,1
56:FC:2D:AE:74:34,NA,(not associated),-59,1
56:FF:50:CC:31:01,NA,(not associated),-53,1
5A:00:3F:68:CF:AB,NA,(not associated),-67,1
5A:02:93:0A:2F:AA,NA,(not associated),-57,1
5A:08:D5:9F:B7:C1,NA,(not associated),-53,1
5A:0E:9B:BA:CA:42,NA,(not associated),-55,1
5A:21:1F:99:2C:12,NA,(not associated),-39,1
5A:22:42:C1:74:42,NA,(not associated),-69,1
5A:26:78:CE:6E:99,NA,(not associated),-57,1
5A:29:7B:0A:80:DF,NA,(not associated),-67,1
5A:30:47:B4:70:90,NA,(not associated),-65,1
5A:3E:B2:CA:22:0C,NA,(not associated),-39,1
5A:3E:D5:D3:CC:CB,NA,(not associated),-63,1
5A:43:B1:09:D7:FD,NA,(not associated),-69,1
5A:45:6D:0D:CC:8F,NA,(not associated),-71,1
5A:46:DC:1B:98:E0,NA,(not associated),-63,1
5A:49:3F:10:86:C0,NA,(not associated),-67,1
5A:4C:12:8D:88:6F,NA,(not associated),-65,1
5A:4D:F8:47:A4:3B,NA,(not associated),-53,1
5A:50:3C:4F:C2:A8,NA,(not associated),-41,1
5A:56:7F:D4:5F:38,NA,(not associated),-67,1
5A:5A:AC:A8:29:38,NA,(not associated),-65,1
5A:5B:75:1F:F4:C6,NA,(not associated),-71,1
5A:62:91:D4:5F:94,NA,(not associated),-55,1
5A:62:E5:58:40:A1,NA,(not associated),-53,1
5A:67:18:77:12:21,NA,(not associated),-57,1
5A:6A:29:6C:05:BF,NA,(not associated),-59,1
5A:6C:7C:24:04:F2,NA,(not associated),-65,1
5A:70:12:ED:94:EB,NA,(not associated),-53,1
5A:70:51:36:6A:4F,NA,(not associated),-57,1
5A:70:7A:94:E2:CD,NA,(not associated),-41,1
5A:72:1E:7D:4F:61,NA,(not associated),-67,1
5A:78:26:B3:AD:D2,NA,(not associated),-65,1
5A:79:67:D3:49:BF,NA,(not associated),-47,1
5A:79:BE:75:70:4E,NA,(not associated),-73,1
5A:86:75:71:3E:27,NA,(not associated),-55,1
5A:86:C7:E7:CE:7C,NA,(not associated),-59,1
5A:8A:BE:11:23:C2,NA,(not associated),-51,1
5A:8B:63:5C:95:4A,NA,(not associated),-61,1
5A:8F:53:A5:84:5C,NA,(not associated),-63,1
5A:94:ED:16:8A:B5,NA,(not associated),-65,1
5A:95:70:DB:DE:23,NA,(not associated),-61,1
5A:96:4E:40:DE:2B,NA,(not associated),-73,1
5A:96:E7:58:1D:A1,NA,(not associated),-51,1
5A:97:CC:59:ED:BD,NA,(not associated),-47,1
5A:97:CE:D1:C3:67,NA,(not associated),-63,1
5A:9B:9A:C3:09:78,NA,(not associated),-45,1
5A:A1:A8:09:5C:E7,NA,(not associated),-59,1
5A:A1:F8:5A:32:3E,NA,(not associated),-55,1
5A:A3:1E:8F:B1:91,NA,(not associated),-61,1
5A:A3:23:BA:28:EF,NA,(not associated),-55,1
5A:A5:0F:E9:4F:CA,NA,(not associated),-59,1
5A:AB:CF:0D:96:8C,NA,(not associated),-57,1
5A:AB:CF:56:DE:1C,NA,(not associated),-55,1
5A:AB:CF:8E:CC:C5,NA,(not associated),-51,1
5A:AB:CF:A0:9F:96,NA,(not associated),-59,1
5A:AB:CF:A9:F1:B1,NA,(not associated),-47,1
5A:AB:CF:AE:EE:A5,NA,(not associated),-45,1
5A:AF:E5:50:5C:FA,NA,(not associated),-71,1
5A:B3:E1:89:32:94,NA,(not associated),-65,1
5A:B7:4D:97:78:FC,NA,(not associated),-45,1
5A:B9:E1:FF:66:F5,NA,(not associated),-39,1
5A:BA:C6:E1:4E:E5,NA,(not associated),-55,1
5A:BA:E3:AD:7D:5B,NA,(not associated),-45,1
5A:BC:98:82:AE:EF,NA,(not associated),-55,1
5A:BC:C4:F6:F8:D9,NA,(not associated),-45,1
5A:BE:03:1F:F5:3E,NA,(not associated),-59,1
5A:C2:1B:D2:0D:59,NA,(not associated),-59,1
5A:C4:B1:BB:86:80,NA,(not associated),-51,1
5A:C6:8F:75:D1:36,NA,(not associated),-67,1
5A:C6:D7:F8:D4:CF,NA,(not associated),-65,1
5A:C9:36:CB:92:07,NA,(not associated),-59,1
5A:CB:86:29:E8:8E,NA,(not associated),-57,1
5A:D2:0B:2E:90:AD,NA,(not associated),-73,1
5A:DA:4B:49:6D:E7,NA,(not associated),-63,1
5A:E0:02:21:FE:F0,NA,(not associated),-63,1
5A:E4:95:E2:1B:6A,NA,(not associated),-63,1
5A:E6:FC:A5:CD:23,NA,(not associated),-65,1
5A:E7:D9:62:8E:27,NA,(not associated),-65,1
5A:EA:70:15:69:64,NA,(not associated),-57,1
5A:EE:69:E3:B5:58,NA,(not associated),-51,1
5A:EE:C7:EB:FC:29,NA,(not associated),-53,1
5A:F4:35:AC:E2:77,NA,(not associated),-65,1
5A:F6:D5:2A:32:68,NA,(not associated),-65,1
5A:FA:BA:E2:FB:49,NA,(not associated),-47,1
5A:FC:3A:2C:03:E4,NA,(not associated),-57,1
5A:FC:AA:8D:76:F2,NA,(not associated),-59,1
5A:FD:DC:3C:A9:8D,NA,(not associated),-37,1
5A:FE:60:23:1D:96,NA,(not associated),-57,1
5C:51:81:37:EA:25,"Samsung Electronics Co.,Ltd",(not associated),-55,1
5E:01:54:85:D0:B6,NA,(not associated),-67,1
5E:01:C2:78:DB:3A,NA,(not associated),-61,1
5E:03:95:30:E5:29,NA,(not associated),-39,1
5E:07:09:0D:67:D4,NA,(not associated),-57,1
5E:07:26:2E:77:C3,NA,(not associated),-53,1
5E:08:47:51:AF:E3,NA,(not associated),-67,1
5E:09:76:76:7E:CC,NA,(not associated),-67,1
5E:0A:32:AE:8D:BA,NA,(not associated),-69,1
5E:0B:EA:7A:78:65,NA,(not associated),-61,1
5E:0B:FF:7E:2F:62,NA,(not associated),-51,1
5E:0E:DB:7E:54:1F,NA,(not associated),-63,1
5E:14:6F:59:AE:6E,NA,(not associated),-51,1
5E:15:09:BB:27:72,NA,(not associated),-65,1
5E:18:F6:18:89:7A,NA,(not associated),-57,1
5E:1A:BC:CC:8F:19,NA,(not associated),-61,1
5E:1D:55:0D:7E:22,NA,(not associated),-51,1
5E:25:8B:9A:D5:A2,NA,(not associated),-49,1
5E:25:CE:AE:ED:BD,NA,(not associated),-65,1
5E:26:5E:0C:F1:C9,NA,(not associated),-63,1
5E:26:A2:F1:8A:FB,NA,(not associated),-43,1
5E:2B:E8:76:85:BC,NA,(not associated),-43,1
5E:2C:52:62:74:9A,NA,(not associated),-59,1
5E:2D:D0:52:04:DA,NA,(not associated),-45,1
5E:2E:87:A4:B0:0E,NA,E8:28:C1:DC:33:12,-1,1
5E:2F:D8:5A:DE:4F,NA,(not associated),-67,1
5E:34:99:36:1D:F6,NA,(not associated),-63,1
5E:38:17:BF:39:76,NA,(not associated),-71,1
5E:38:8D:01:6B:A5,NA,(not associated),-63,1
5E:3C:14:83:5B:63,NA,(not associated),-67,1
5E:3F:1E:DF:96:54,NA,(not associated),-53,1
5E:4B:BC:CE:84:4E,NA,(not associated),-73,1
5E:4B:E3:67:71:98,NA,(not associated),-69,1
5E:4C:2D:95:3B:E8,NA,(not associated),-51,1
5E:4C:FE:F1:AA:36,NA,(not associated),-65,1
5E:54:5E:C4:E4:19,NA,(not associated),-51,1
5E:58:41:E8:F3:85,NA,(not associated),-67,1
5E:5A:71:FD:86:12,NA,(not associated),-55,1
5E:5B:64:E5:7B:E8,NA,(not associated),-69,1
5E:5C:72:83:20:50,NA,(not associated),-55,1
5E:5D:03:D7:7C:DD,NA,(not associated),-67,1
5E:5E:F9:AC:C3:AC,NA,(not associated),-61,1
5E:5F:4E:5D:F5:9B,NA,(not associated),-51,1
5E:61:D2:75:A9:23,NA,(not associated),-59,1
5E:61:D4:DD:07:B0,NA,(not associated),-67,1
5E:63:7A:CB:F9:67,NA,(not associated),-47,1
5E:64:5C:9E:E5:12,NA,(not associated),-57,1
5E:67:1E:5A:A3:5B,NA,(not associated),-67,1
5E:6A:11:A1:27:A3,NA,(not associated),-57,1
5E:6C:CE:2E:C0:D0,NA,(not associated),-61,1
5E:6C:DD:B0:5E:3F,NA,(not associated),-41,1
5E:71:2D:B4:DB:44,NA,(not associated),-63,1
5E:75:A0:3E:F3:21,NA,(not associated),-45,1
5E:76:91:85:AA:E9,NA,(not associated),-45,1
5E:79:AD:0A:DC:AB,NA,(not associated),-69,1
5E:79:AD:DC:84:86,NA,(not associated),-59,1
5E:7B:A9:6E:06:B1,NA,(not associated),-65,1
5E:7C:07:18:1C:88,NA,(not associated),-45,1
5E:7E:88:27:A4:4B,NA,(not associated),-63,1
5E:7F:82:C7:EA:D4,NA,(not associated),-43,1
5E:81:7F:CB:4D:02,NA,(not associated),-63,1
5E:82:2B:0D:66:B6,NA,(not associated),-51,1
5E:87:E0:0B:F4:B9,NA,(not associated),-67,1
5E:8E:25:E2:1A:F6,NA,(not associated),-59,1
5E:8E:A6:5E:34:81,NA,(not associated),-53,1
5E:8E:DD:CD:4F:CF,NA,(not associated),-63,1
5E:8F:AC:61:E8:93,NA,(not associated),-63,1
5E:93:84:8C:8D:63,NA,(not associated),-57,1
5E:95:41:2F:D1:18,NA,(not associated),-63,1
5E:96:3C:00:0F:CD,NA,(not associated),-53,1
5E:9B:14:E9:F8:DB,NA,(not associated),-39,1
5E:9D:1C:9C:1C:A9,NA,(not associated),-51,1
5E:A1:6D:1B:BE:C8,NA,(not associated),-61,1
5E:A2:36:F3:0C:B2,NA,(not associated),-47,1
5E:A5:8D:8B:25:3B,NA,(not associated),-67,1
5E:AA:AA:FB:BB:04,NA,(not associated),-65,1
5E:AB:70:74:96:35,NA,(not associated),-63,1
5E:AC:C4:4F:DC:67,NA,(not associated),-59,1
5E:AD:F1:3D:B3:17,NA,(not associated),-61,1
5E:AF:87:D9:AD:A9,NA,(not associated),-67,1
5E:B0:63:C7:E8:04,NA,(not associated),-53,1
5E:B1:4B:8C:63:E2,NA,(not associated),-49,1
5E:B6:26:2B:C1:23,NA,(not associated),-59,1
5E:B8:0B:8C:71:85,NA,(not associated),-35,1
5E:B9:0A:37:29:67,NA,(not associated),-73,1
5E:BB:33:32:16:7E,NA,(not associated),-47,1
5E:C0:AC:32:A2:A5,NA,(not associated),-59,1
5E:C8:78:0D:58:FB,NA,(not associated),-63,1
5E:CB:3A:37:C5:17,NA,(not associated),-53,1
5E:D0:F5:17:89:B1,NA,(not associated),-63,1
5E:D2:E3:B3:1A:EB,NA,(not associated),-65,1
5E:D4:70:B9:47:17,NA,(not associated),-67,1
5E:D8:C3:A7:1B:12,NA,(not associated),-59,1
5E:D9:0A:68:E5:37,NA,(not associated),-61,1
5E:D9:2B:BB:43:2B,NA,(not associated),-59,1
5E:DA:80:43:9C:12,NA,(not associated),-67,1
5E:DE:A9:4C:40:83,NA,(not associated),-59,1
5E:E0:54:1C:2F:E9,NA,(not associated),-59,1
5E:E6:12:5B:AE:BE,NA,(not associated),-49,1
5E:E7:9D:53:0B:7E,NA,(not associated),-69,1
5E:EA:6F:75:32:47,NA,(not associated),-67,1
5E:F0:E4:6D:95:39,NA,(not associated),-67,1
5E:F1:41:33:89:CD,NA,(not associated),-49,1
5E:F1:69:16:99:38,NA,(not associated),-39,1
5E:F3:1F:97:38:83,NA,(not associated),-45,1
5E:F7:AB:FB:C2:F8,NA,(not associated),-69,1
5E:FE:D2:2F:12:EF,NA,(not associated),-55,1
62:00:25:13:62:D5,NA,(not associated),-51,1
62:00:EF:70:E0:88,NA,(not associated),-49,1
62:01:9A:BB:BA:A4,NA,(not associated),-49,1
62:04:44:EE:AF:07,NA,(not associated),-47,1
62:04:57:F1:2F:B5,NA,(not associated),-59,1
62:06:6E:24:7D:56,NA,(not associated),-67,1
62:07:81:5C:02:10,NA,(not associated),-51,1
62:0E:61:AD:38:B5,NA,(not associated),-53,1
62:0F:66:AF:C7:2B,NA,(not associated),-55,1
62:0F:80:A8:14:0E,NA,(not associated),-55,1
62:15:10:3F:0A:2E,NA,(not associated),-43,1
62:17:13:98:63:8A,NA,(not associated),-55,1
62:18:5F:6E:D1:F5,NA,(not associated),-57,1
62:19:E6:75:29:2C,NA,(not associated),-49,1
62:1B:1A:5A:81:26,NA,(not associated),-63,1
62:1E:D8:F2:47:86,NA,(not associated),-69,1
62:1F:DE:84:A8:93,NA,(not associated),-49,1
62:21:CB:7E:55:96,NA,(not associated),-61,1
62:24:A8:FE:DB:41,NA,(not associated),-67,1
62:25:21:01:16:90,NA,(not associated),-49,1
62:26:EF:E2:E6:10,NA,(not associated),-65,1
62:28:BF:F4:24:B0,NA,(not associated),-57,1
62:2C:11:3B:93:DD,NA,(not associated),-65,1
62:2C:7D:D2:79:08,NA,(not associated),-35,1
62:2D:18:C1:AA:36,NA,(not associated),-47,1
62:34:5C:69:B0:8B,NA,(not associated),-55,1
62:36:B9:8E:CA:75,NA,(not associated),-65,1
62:38:EA:C3:84:E4,NA,(not associated),-59,1
62:3D:10:A9:DE:CD,NA,(not associated),-47,1
62:3F:58:93:81:7E,NA,(not associated),-41,1
62:46:53:8C:5F:D6,NA,(not associated),-55,1
62:46:5F:E8:77:98,NA,(not associated),-61,1
62:48:85:D3:AD:45,NA,(not associated),-57,1
62:4B:1E:BE:99:1C,NA,(not associated),-51,1
62:4B:63:0C:CB:AF,NA,(not associated),-55,1
62:54:2C:0A:E5:3A,NA,(not associated),-63,1
62:55:DD:FB:AD:45,NA,(not associated),-61,1
62:5A:E7:E6:C4:35,NA,(not associated),-47,1
62:5B:63:D1:8E:36,NA,(not associated),-61,1
62:63:53:DA:8F:9C,NA,(not associated),-41,1
62:66:91:05:25:02,NA,(not associated),-71,1
62:67:9B:4A:93:8B,NA,(not associated),-71,1
62:68:8F:50:34:BE,NA,(not associated),-55,1
62:71:DB:E7:22:79,NA,(not associated),-55,1
62:76:E3:C8:96:75,NA,(not associated),-65,1
62:81:38:0B:A5:1F,NA,(not associated),-51,1
62:83:E5:1F:CE:42,NA,(not associated),-61,1
62:85:71:3C:18:91,NA,(not associated),-43,1
62:87:63:42:6C:0F,NA,(not associated),-59,1
62:89:3D:96:9B:8D,NA,(not associated),-45,1
62:8A:47:B2:6A:43,NA,(not associated),-53,1
62:91:E9:9F:97:6C,NA,(not associated),-35,1
62:92:51:6D:16:45,NA,(not associated),-55,1
62:96:4E:40:08:63,NA,(not associated),-47,1
62:98:0F:80:7D:D3,NA,(not associated),-53,1
62:98:CC:F6:61:02,NA,(not associated),-61,1
62:9E:94:46:42:6D,NA,(not associated),-63,1
62:9E:96:F7:9E:6E,NA,(not associated),-61,1
62:9F:E9:73:5A:09,NA,(not associated),-61,1
62:A3:95:EA:7D:D8,NA,(not associated),-39,1
62:AA:54:FF:06:F4,NA,(not associated),-55,1
62:AA:5D:50:E7:59,NA,(not associated),-57,1
62:AA:FD:2F:56:3E,NA,(not associated),-61,1
62:AB:D0:67:47:31,NA,(not associated),-51,1
62:AC:75:5E:BE:5B,NA,(not associated),-67,1
62:AD:60:D4:05:02,NA,(not associated),-67,1
62:AF:D8:6C:FC:6F,NA,(not associated),-59,1
62:B0:02:BE:B3:AE,NA,(not associated),-49,1
62:B2:89:44:B1:86,NA,(not associated),-53,1
62:B5:80:16:CF:F0,NA,(not associated),-67,1
62:B7:E0:3D:A5:F8,NA,(not associated),-51,1
62:BB:9B:FA:82:0A,NA,(not associated),-67,1
62:BB:CB:3B:12:19,NA,(not associated),-67,1
62:BF:0F:F4:A7:46,NA,(not associated),-59,1
62:C1:9D:8B:1A:9B,NA,(not associated),-49,1
62:C5:31:27:0B:63,NA,(not associated),-53,1
62:C6:59:91:2F:EA,NA,(not associated),-65,1
62:C7:37:D3:77:D4,NA,(not associated),-61,1
62:CA:85:D5:C8:AE,NA,(not associated),-59,1
62:CC:DF:85:9D:B0,NA,(not associated),-55,1
62:D1:40:CD:51:3B,NA,(not associated),-51,1
62:D3:BA:E5:69:E7,NA,(not associated),-61,1
62:D9:82:37:57:49,NA,(not associated),-49,1
62:DB:D6:B5:52:39,NA,(not associated),-43,1
62:E1:6D:AC:48:B9,NA,(not associated),-69,1
62:E1:9A:96:58:3A,NA,(not associated),-61,1
62:E4:5C:BD:4F:6D,NA,(not associated),-53,1
62:E7:50:3A:0F:11,NA,(not associated),-59,1
62:E7:A0:B8:8B:11,NA,(not associated),-61,1
62:E8:2F:50:B1:AB,NA,(not associated),-43,1
62:E9:13:68:6E:3A,NA,(not associated),-67,1
62:EB:B7:C5:F0:FE,NA,(not associated),-55,1
62:EC:E8:0F:38:B1,NA,(not associated),-45,1
62:F0:E3:4A:1B:EA,NA,(not associated),-61,1
62:F1:4E:A2:74:11,NA,(not associated),-55,1
62:F1:F0:58:8A:68,NA,(not associated),-63,1
62:F4:C0:6C:8A:0A,NA,(not associated),-67,1
62:F8:84:C4:F6:E4,NA,(not associated),-45,1
62:F8:89:EC:26:C2,NA,(not associated),-57,1
62:F8:BF:78:D4:6D,NA,(not associated),-67,1
62:F9:4D:E5:90:C0,NA,(not associated),-63,1
62:F9:6C:99:74:CE,NA,(not associated),-55,1
62:FB:68:CB:CA:B8,NA,(not associated),-47,1
62:FC:25:35:01:E1,NA,(not associated),-59,1
62:FC:43:37:FC:0D,NA,(not associated),-47,1
62:FC:45:33:C4:DA,NA,(not associated),-73,1
62:FF:00:4F:40:46,NA,(not associated),-67,1
66:04:75:E0:07:DE,NA,(not associated),-49,1
66:06:6B:6B:F7:CE,NA,(not associated),-67,1
66:10:CD:74:A3:D9,NA,(not associated),-55,1
66:1E:98:6D:4E:FC,NA,(not associated),-55,1
66:20:57:2F:2E:8F,NA,(not associated),-43,1
66:20:9D:C0:95:34,NA,(not associated),-67,1
66:21:A6:20:F1:A3,NA,(not associated),-63,1
66:21:EE:22:19:87,NA,(not associated),-45,1
66:22:E1:71:D0:12,NA,(not associated),-57,1
66:27:64:BD:B6:D9,NA,(not associated),-39,1
66:29:B0:22:7E:26,NA,(not associated),-65,1
66:35:6F:5D:90:C3,NA,(not associated),-69,1
66:35:B6:17:89:E7,NA,(not associated),-63,1
66:39:C8:59:54:FF,NA,(not associated),-55,1
66:3A:74:10:15:1D,NA,(not associated),-41,1
66:3A:AE:FE:8A:5E,NA,(not associated),-41,1
66:3F:D7:F2:DB:93,NA,(not associated),-61,1
66:45:4B:5A:F3:D2,NA,(not associated),-57,1
66:47:BB:4A:BA:26,NA,(not associated),-47,1
66:49:5B:F8:19:80,NA,(not associated),-53,1
66:4B:23:58:7E:00,NA,(not associated),-61,1
66:4D:7A:EA:9B:26,NA,(not associated),-59,1
66:4E:56:15:D5:59,NA,(not associated),-73,1
66:52:78:E9:60:C7,NA,(not associated),-65,1
66:55:AF:88:7D:1C,NA,(not associated),-45,1
66:5B:89:D8:28:0A,NA,(not associated),-61,1
66:60:75:08:F7:39,NA,(not associated),-35,1
66:60:AA:44:ED:92,NA,(not associated),-47,1
66:61:BC:80:F6:89,NA,(not associated),-31,1
66:64:AB:5E:10:9B,NA,(not associated),-41,1
66:65:06:84:77:1A,NA,(not associated),-51,1
66:65:87:7A:FF:11,NA,(not associated),-39,1
66:66:AB:B6:E2:A1,NA,(not associated),-39,1
66:68:64:81:BC:68,NA,(not associated),-47,1
66:6B:F2:3D:04:A4,NA,(not associated),-55,1
66:73:AA:01:BE:6A,NA,(not associated),-63,1
66:78:B0:95:F2:BC,NA,(not associated),-65,1
66:7C:51:6F:42:83,NA,(not associated),-59,1
66:7D:4F:C6:E8:DA,NA,(not associated),-69,1
66:7F:4E:60:D6:8A,NA,(not associated),-55,1
66:84:A7:6A:A9:42,NA,(not associated),-49,1
66:88:63:5A:F7:EC,NA,(not associated),-57,1
66:8A:67:17:26:97,NA,(not associated),-59,1
66:8A:9A:0A:60:F3,NA,(not associated),-67,1
66:8D:FA:52:AD:C1,NA,(not associated),-49,1
66:8F:1D:DB:99:D5,NA,(not associated),-57,1
66:90:14:C0:07:9F,NA,(not associated),-41,1
66:91:10:E7:9B:A4,NA,(not associated),-65,1
66:93:3A:07:9D:73,NA,(not associated),-61,1
66:96:2A:19:00:BF,NA,(not associated),-57,1
66:97:1A:FC:91:EC,NA,(not associated),-61,1
66:97:62:89:6F:5C,NA,(not associated),-39,1
66:A0:33:CD:AB:41,NA,(not associated),-53,1
66:A0:C5:F4:67:8D,NA,(not associated),-61,1
66:A1:02:03:A5:51,NA,(not associated),-61,1
66:A1:11:74:AA:7C,NA,(not associated),-61,1
66:A1:53:E4:B8:55,NA,(not associated),-61,1
66:A3:2E:DC:DE:0B,NA,(not associated),-65,1
66:A3:71:42:1F:07,NA,(not associated),-61,1
66:A3:D9:C3:3F:C2,NA,(not associated),-57,1
66:A5:B0:A6:EC:34,NA,(not associated),-49,1
66:A6:06:79:58:1E,NA,(not associated),-59,1
66:A6:93:26:50:A9,NA,(not associated),-71,1
66:A9:C6:FE:5D:F1,NA,(not associated),-51,1
66:AA:C3:0A:20:92,NA,(not associated),-45,1
66:AC:0C:6C:8B:25,NA,(not associated),-59,1
66:B0:C9:66:82:31,NA,(not associated),-67,1
66:B0:D6:EC:7D:2F,NA,(not associated),-43,1
66:B1:20:C6:1C:14,NA,(not associated),-51,1
66:B1:96:9C:11:B4,NA,(not associated),-59,1
66:B2:88:EB:EA:8B,NA,(not associated),-41,1
66:B8:09:73:41:E9,NA,(not associated),-37,1
66:BA:33:04:2E:AD,NA,(not associated),-63,1
66:BA:A7:14:60:61,NA,(not associated),-59,1
66:BA:BC:7A:C1:CE,NA,(not associated),-53,1
66:BB:C4:0B:06:4E,NA,(not associated),-63,1
66:BC:9B:7E:79:7D,NA,(not associated),-39,1
66:BD:01:41:C9:69,NA,(not associated),-65,1
66:C0:CD:E2:60:A5,NA,(not associated),-51,1
66:C4:52:4B:F9:84,NA,(not associated),-65,1
66:CB:27:0F:EE:0A,NA,(not associated),-63,1
66:D3:0C:00:E0:31,NA,(not associated),-53,1
66:D3:66:44:F3:59,NA,(not associated),-61,1
66:D5:32:66:C1:D0,NA,(not associated),-63,1
66:D7:53:AA:E7:82,NA,(not associated),-51,1
66:D8:08:E3:8C:A3,NA,(not associated),-61,1
66:DA:AE:12:62:01,NA,(not associated),-51,1
66:DD:11:82:D6:09,NA,(not associated),-55,1
66:DE:A2:2A:F6:FA,NA,(not associated),-51,1
66:DF:11:67:C7:CB,NA,(not associated),-69,1
66:DF:48:8F:B5:88,NA,(not associated),-55,1
66:E1:49:51:6D:14,NA,(not associated),-65,1
66:E1:FE:64:EE:55,NA,(not associated),-59,1
66:E5:09:00:08:11,NA,(not associated),-53,1
66:E9:28:C4:E2:B2,NA,(not associated),-39,1
66:E9:A1:BD:47:1C,NA,(not associated),-39,1
66:F0:21:37:93:8D,NA,(not associated),-65,1
66:F4:D5:E6:E2:CB,NA,(not associated),-49,1
66:F5:7E:37:58:04,NA,(not associated),-61,1
66:F7:53:38:1E:EE,NA,(not associated),-65,1
66:FE:1D:0D:B1:83,NA,(not associated),-61,1
68:79:DA:59:64:17,NA,(not associated),-67,1
68:E7:C2:F0:C9:D9,"Samsung Electronics Co.,Ltd",(not associated),-73,1
6A:00:C3:3B:9F:4E,NA,(not associated),-59,1
6A:01:52:BF:B5:13,NA,(not associated),-65,1
6A:03:18:FA:C0:7F,NA,(not associated),-53,1
6A:04:A8:52:86:74,NA,(not associated),-67,1
6A:06:17:39:8C:18,NA,(not associated),-43,1
6A:09:14:04:43:E2,NA,(not associated),-67,1
6A:0B:DD:43:AE:42,NA,(not associated),-53,1
6A:0F:A5:93:33:C4,NA,(not associated),-57,1
6A:11:37:F8:FF:88,NA,(not associated),-61,1
6A:15:36:C5:7D:5A,NA,(not associated),-61,1
6A:15:B8:65:28:05,NA,(not associated),-51,1
6A:18:A3:B2:36:F4,NA,(not associated),-59,1
6A:18:F8:20:88:94,NA,(not associated),-57,1
6A:19:53:1A:29:6B,NA,(not associated),-43,1
6A:19:BD:BE:86:6B,NA,(not associated),-61,1
6A:1A:B6:A0:BC:94,NA,(not associated),-61,1
6A:1F:6E:31:DB:16,NA,(not associated),-55,1
6A:1F:C4:1C:DE:86,NA,(not associated),-71,1
6A:20:2D:A6:19:73,NA,(not associated),-59,1
6A:21:62:C2:36:3A,NA,(not associated),-59,1
6A:24:CA:F0:8E:9C,NA,(not associated),-63,1
6A:29:00:BD:08:78,NA,(not associated),-65,1
6A:29:37:0F:04:CF,NA,(not associated),-57,1
6A:2A:4F:6F:ED:5A,NA,(not associated),-63,1
6A:2C:F2:1F:C1:4D,NA,(not associated),-65,1
6A:2E:30:F1:19:F8,NA,(not associated),-53,1
6A:2E:BC:21:55:40,NA,(not associated),-57,1
6A:2F:2B:B7:3B:78,NA,(not associated),-67,1
6A:2F:73:9F:5E:B7,NA,(not associated),-69,1
6A:31:07:52:22:44,NA,(not associated),-63,1
6A:38:5E:F6:A9:D0,NA,(not associated),-65,1
6A:38:C5:31:30:9A,NA,(not associated),-69,1
6A:39:C8:F2:84:FD,NA,(not associated),-55,1
6A:3B:E2:90:86:57,NA,(not associated),-55,1
6A:3C:A7:6D:47:76,NA,(not associated),-49,1
6A:3D:23:79:84:38,NA,(not associated),-59,1
6A:3D:91:F0:9F:9D,NA,(not associated),-59,1
6A:45:43:13:D3:07,NA,(not associated),-39,1
6A:4D:D7:AB:BC:D5,NA,(not associated),-53,1
6A:50:D4:EB:F5:F2,NA,(not associated),-61,1
6A:53:3A:B2:E4:10,NA,(not associated),-63,1
6A:53:61:8C:2B:75,NA,(not associated),-61,1
6A:55:DB:42:A3:78,NA,(not associated),-69,1
6A:56:F8:15:8E:B6,NA,(not associated),-51,1
6A:56:FC:CE:F2:2B,NA,(not associated),-41,1
6A:59:B2:2D:58:B5,NA,(not associated),-67,1
6A:5A:99:14:9D:E7,NA,(not associated),-55,1
6A:5D:B5:1F:7C:6D,NA,(not associated),-65,1
6A:60:63:E2:C1:BB,NA,(not associated),-53,1
6A:61:12:A3:F2:FE,NA,(not associated),-63,1
6A:63:86:56:97:4B,NA,(not associated),-55,1
6A:67:E5:C2:4B:19,NA,(not associated),-67,1
6A:6A:20:62:2F:FF,NA,00:25:00:FF:94:73,-72,1
6A:6E:AC:FD:17:1A,NA,(not associated),-49,1
6A:73:2C:BC:5E:3F,NA,(not associated),-69,1
6A:74:4C:74:82:9B,NA,(not associated),-49,1
6A:77:77:E8:B8:51,NA,(not associated),-47,1
6A:7A:5C:2E:FA:11,NA,(not associated),-47,1
6A:7A:80:A9:CE:E5,NA,(not associated),-55,1
6A:7E:07:FE:81:4E,NA,(not associated),-63,1
6A:7E:40:88:A6:98,NA,(not associated),-57,1
6A:80:A4:46:51:B3,NA,(not associated),-67,1
6A:82:09:92:C4:ED,NA,(not associated),-59,1
6A:82:1A:75:1D:0D,NA,(not associated),-53,1
6A:83:C4:4E:69:DD,NA,(not associated),-61,1
6A:88:2D:AC:6F:F3,NA,(not associated),-61,1
6A:8F:47:32:67:2E,NA,(not associated),-57,1
6A:93:CC:42:7C:7E,NA,(not associated),-75,1
6A:95:4F:45:40:AD,NA,(not associated),-45,1
6A:99:6C:99:2E:CF,NA,(not associated),-55,1
6A:99:72:82:07:5D,NA,(not associated),-51,1
6A:9A:52:4B:76:97,NA,(not associated),-43,1
6A:9E:E3:70:2E:CC,NA,(not associated),-43,1
6A:A1:81:A7:60:5D,NA,(not associated),-65,1
6A:A4:4A:62:1D:4C,NA,(not associated),-53,1
6A:A5:06:4C:31:69,NA,(not associated),-55,1
6A:A5:C7:13:5C:A0,NA,(not associated),-39,1
6A:A6:01:BF:19:3E,NA,(not associated),-67,1
6A:A8:97:F8:E6:0A,NA,(not associated),-59,1
6A:A8:B5:F3:F5:79,NA,(not associated),-37,1
6A:A9:2F:A0:C4:F0,NA,(not associated),-59,1
6A:AC:15:AE:13:9E,NA,(not associated),-59,1
6A:AD:5A:0C:D9:79,NA,(not associated),-33,1
6A:AE:A0:9A:51:35,NA,(not associated),-61,1
6A:B1:5B:23:D6:BB,NA,(not associated),-61,1
6A:B7:B8:93:C8:2A,NA,(not associated),-39,1
6A:BA:72:F4:70:54,NA,(not associated),-63,1
6A:BF:62:F5:5C:6F,NA,(not associated),-67,1
6A:BF:A2:D3:B3:35,NA,(not associated),-35,1
6A:C0:62:19:C4:17,NA,(not associated),-43,1
6A:C4:2A:62:BD:3D,NA,(not associated),-59,1
6A:C8:E6:D0:73:FB,NA,(not associated),-55,1
6A:CA:87:10:8B:54,NA,(not associated),-65,1
6A:CB:F4:CD:F3:2C,NA,(not associated),-59,1
6A:CD:1E:28:9A:96,NA,(not associated),-39,1
6A:CD:1F:DE:99:53,NA,(not associated),-47,1
6A:CE:2C:38:82:BA,NA,(not associated),-43,1
6A:D3:27:66:DF:31,NA,(not associated),-65,1
6A:D8:B0:E6:2F:6B,NA,(not associated),-55,1
6A:DC:54:98:F1:D4,NA,(not associated),-37,1
6A:DF:A1:AE:EA:5C,NA,(not associated),-61,1
6A:E3:1A:36:77:10,NA,(not associated),-47,1
6A:E4:DF:39:F9:4C,NA,(not associated),-53,1
6A:E8:64:24:8F:05,NA,(not associated),-65,1
6A:EB:26:84:72:F1,NA,(not associated),-57,1
6A:EE:50:2A:14:CA,NA,(not associated),-45,1
6A:EF:85:F3:12:B5,NA,(not associated),-57,1
6A:F3:46:A5:DD:6F,NA,(not associated),-61,1
6A:F5:17:DD:80:22,NA,(not associated),-49,1
6A:F9:A4:36:78:BD,NA,(not associated),-65,1
6A:FC:6A:1F:79:E2,NA,(not associated),-65,1
6A:FD:A9:E6:D1:FC,NA,(not associated),-57,1
6A:FF:69:4E:7C:39,NA,(not associated),-63,1
6E:01:01:7A:70:BB,NA,(not associated),-63,1
6E:03:7D:70:1B:A8,NA,00:25:00:FF:94:73,-82,1
6E:04:68:BD:E2:49,NA,(not associated),-37,1
6E:04:BC:81:7D:00,NA,(not associated),-57,1
6E:05:CC:02:52:BD,NA,(not associated),-59,1
6E:06:65:1A:EB:A8,NA,(not associated),-59,1
6E:06:BD:53:9B:F7,NA,(not associated),-59,1
6E:08:7A:B1:43:4A,NA,(not associated),-47,1
6E:12:BC:31:D0:03,NA,(not associated),-63,1
6E:15:25:23:4C:B5,NA,(not associated),-39,1
6E:15:EB:6A:07:25,NA,(not associated),-63,1
6E:18:45:0B:16:98,NA,(not associated),-67,1
6E:1D:46:92:42:0B,NA,(not associated),-55,1
6E:23:83:CB:D2:0F,NA,(not associated),-59,1
6E:23:F7:30:57:07,NA,(not associated),-67,1
6E:24:3E:44:3D:8D,NA,(not associated),-61,1
6E:25:37:C9:7A:DC,NA,(not associated),-69,1
6E:25:7B:3F:0C:50,NA,(not associated),-59,1
6E:30:01:4A:0C:FF,NA,(not associated),-47,1
6E:30:2E:A8:69:EC,NA,(not associated),-69,1
6E:31:E2:29:14:5A,NA,(not associated),-59,1
6E:35:86:32:A8:42,NA,(not associated),-39,1
6E:36:28:E0:89:14,NA,(not associated),-55,1
6E:37:5A:67:BA:03,NA,(not associated),-63,1
6E:39:0A:B3:CB:9E,NA,(not associated),-57,1
6E:46:83:78:8E:03,NA,(not associated),-55,1
6E:47:54:EF:B5:63,NA,(not associated),-53,1
6E:49:3F:9A:E7:DD,NA,(not associated),-53,1
6E:4C:56:45:A8:F2,NA,(not associated),-53,1
6E:4F:79:18:18:73,NA,(not associated),-45,1
6E:4F:F4:CA:06:0D,NA,(not associated),-55,1
6E:51:27:71:40:CD,NA,(not associated),-51,1
6E:52:F7:28:EF:A5,NA,(not associated),-61,1
6E:55:74:E1:30:91,NA,(not associated),-57,1
6E:59:B0:3C:64:67,NA,(not associated),-63,1
6E:5C:FD:74:DD:9E,NA,(not associated),-45,1
6E:66:78:CC:A4:7B,NA,(not associated),-65,1
6E:66:D1:CE:CE:0A,NA,(not associated),-41,1
6E:6C:6C:6E:E9:EB,NA,(not associated),-61,1
6E:6E:50:D5:A4:E4,NA,(not associated),-47,1
6E:6F:F6:C5:A0:F0,NA,(not associated),-67,1
6E:74:86:B6:65:CA,NA,(not associated),-43,1
6E:74:B9:94:C3:4B,NA,(not associated),-67,1
6E:75:F8:20:4E:D7,NA,(not associated),-61,1
6E:7E:27:DB:B8:F7,NA,(not associated),-55,1
6E:7E:2E:33:29:8C,NA,(not associated),-65,1
6E:7F:33:A1:04:17,NA,(not associated),-57,1
6E:80:9F:E9:0B:B7,NA,(not associated),-57,1
6E:83:24:B3:55:0C,NA,(not associated),-53,1
6E:86:19:CF:96:B9,NA,(not associated),-35,1
6E:8C:18:49:AE:F9,NA,(not associated),-65,1
6E:8F:0A:19:67:CA,NA,(not associated),-63,1
6E:8F:FF:57:B7:7A,NA,(not associated),-57,1
6E:90:AD:B7:D9:D1,NA,(not associated),-53,1
6E:9A:71:32:F8:6E,NA,(not associated),-55,1
6E:9A:73:EB:2E:4A,NA,(not associated),-63,1
6E:9C:6B:A1:86:40,NA,(not associated),-71,1
6E:9D:9E:C8:2B:B2,NA,(not associated),-63,1
6E:A0:94:13:3C:A4,NA,(not associated),-51,1
6E:A2:74:4F:03:59,NA,(not associated),-49,1
6E:AA:4E:66:2D:7E,NA,(not associated),-61,1
6E:AD:E8:7A:85:EF,NA,(not associated),-35,1
6E:AE:57:B8:78:D1,NA,(not associated),-47,1
6E:AE:7A:3D:F1:E9,NA,(not associated),-61,1
6E:AF:5A:FD:70:B8,NA,(not associated),-69,1
6E:B0:5D:BD:3C:37,NA,(not associated),-37,1
6E:B2:DE:5F:C5:CB,NA,(not associated),-67,1
6E:B3:CB:55:CF:A8,NA,(not associated),-53,1
6E:B5:25:2B:8A:FA,NA,(not associated),-45,1
6E:B6:24:42:2E:23,NA,(not associated),-67,1
6E:B7:0E:8C:B3:7E,NA,(not associated),-49,1
6E:B7:FA:D6:26:D1,NA,(not associated),-39,1
6E:BC:8F:F1:2C:38,NA,(not associated),-45,1
6E:BD:A3:0D:6C:A7,NA,(not associated),-53,1
6E:C2:50:99:61:10,NA,(not associated),-53,1
6E:C7:0E:DE:D3:8B,NA,(not associated),-65,1
6E:D6:70:74:F7:C8,NA,(not associated),-53,1
6E:DB:8E:D5:BF:80,NA,(not associated),-49,1
6E:DD:EB:AA:B6:70,NA,(not associated),-63,1
6E:DE:D0:75:1D:3F,NA,(not associated),-51,1
6E:E1:7A:DD:B1:A0,NA,(not associated),-51,1
6E:E4:74:CB:02:AF,NA,(not associated),-51,1
6E:E5:D8:1B:6F:6F,NA,(not associated),-67,1
6E:EA:2B:9A:63:DC,NA,(not associated),-49,1
6E:ED:F6:87:30:5C,NA,(not associated),-65,1
6E:EE:A1:51:B3:E0,NA,(not associated),-65,1
6E:F1:1B:29:A4:5A,NA,(not associated),-53,1
6E:F1:A6:39:68:00,NA,(not associated),-67,1
6E:F5:BC:83:01:C9,NA,(not associated),-39,1
6E:F8:AE:FC:AF:DF,NA,(not associated),-63,1
70:1A:B8:DE:20:1A,Intel Corporate,(not associated),-73,1
70:1A:B8:DF:26:2C,Intel Corporate,(not associated),-69,1
70:1A:B8:FC:CB:41,Intel Corporate,(not associated),-73,1
70:3A:51:3B:C2:53,Xiaomi Communications Co Ltd,(not associated),-45,1
72:01:47:66:DE:9B,NA,(not associated),-59,1
72:02:C9:58:D0:7B,NA,(not associated),-69,1
72:04:6E:58:09:05,NA,(not associated),-57,1
72:05:8C:B2:EC:E4,NA,(not associated),-57,1
72:09:20:7A:A3:AD,NA,(not associated),-57,1
72:0B:A3:15:D1:0A,NA,(not associated),-49,1
72:14:96:52:C4:DC,NA,(not associated),-35,1
72:16:4A:F4:B9:E2,NA,(not associated),-55,1
72:16:80:C5:EA:E4,NA,(not associated),-63,1
72:1B:02:9F:15:A9,NA,(not associated),-55,1
72:1E:AE:60:A8:80,NA,(not associated),-55,1
72:1F:F5:52:B4:54,NA,(not associated),-57,1
72:22:04:58:31:9F,NA,(not associated),-63,1
72:24:E6:5B:92:90,NA,(not associated),-47,1
72:28:F9:FE:A8:77,NA,(not associated),-61,1
72:29:4C:E0:D6:5D,NA,(not associated),-69,1
72:2A:ED:44:99:67,NA,(not associated),-65,1
72:2F:49:AD:02:47,NA,(not associated),-59,1
72:3A:D2:05:ED:B6,NA,(not associated),-53,1
72:3C:43:A4:83:65,NA,(not associated),-41,1
72:3F:FD:24:4E:E0,NA,(not associated),-63,1
72:41:6E:01:7F:34,NA,(not associated),-47,1
72:41:F6:34:15:D9,NA,(not associated),-55,1
72:42:7E:E6:A7:45,NA,(not associated),-47,1
72:42:9F:C3:C3:49,NA,(not associated),-61,1
72:44:1E:3E:8B:37,NA,(not associated),-63,1
72:44:D6:4D:79:96,NA,(not associated),-59,1
72:45:08:6B:63:C4,NA,(not associated),-39,1
72:45:9C:FE:69:28,NA,(not associated),-39,1
72:4A:0B:6F:D3:20,NA,(not associated),-59,1
72:4C:09:A1:C3:E7,NA,(not associated),-65,1
72:4C:CC:6F:F0:CF,NA,(not associated),-67,1
72:4E:70:56:B3:6F,NA,(not associated),-63,1
72:52:11:50:E1:A2,NA,(not associated),-63,1
72:53:0F:30:41:4C,NA,(not associated),-67,1
72:54:74:1F:EF:E0,NA,(not associated),-53,1
72:54:9B:A8:50:AB,NA,(not associated),-37,1
72:55:89:94:99:2C,NA,(not associated),-59,1
72:55:A5:F7:7E:C8,NA,(not associated),-57,1
72:55:BF:9A:86:C4,NA,(not associated),-67,1
72:58:59:7D:9F:CC,NA,(not associated),-65,1
72:5F:F2:EE:CE:8C,NA,(not associated),-55,1
72:61:E0:61:1F:DF,NA,(not associated),-63,1
72:61:E3:89:EB:80,NA,(not associated),-69,1
72:64:E6:EC:8D:4A,NA,(not associated),-71,1
72:67:37:73:37:1F,NA,(not associated),-55,1
72:67:5A:66:3D:14,NA,(not associated),-47,1
72:69:EC:0A:F4:07,NA,(not associated),-63,1
72:71:6A:FB:42:8A,NA,(not associated),-61,1
72:71:D9:C8:89:C9,NA,(not associated),-73,1
72:73:F5:B4:BB:0B,NA,(not associated),-69,1
72:77:41:F2:45:BD,NA,(not associated),-55,1
72:7A:E3:E2:57:85,NA,(not associated),-67,1
72:7B:D7:A8:98:86,NA,(not associated),-61,1
72:7E:89:11:88:A5,NA,(not associated),-69,1
72:83:16:25:AE:E0,NA,(not associated),-47,1
72:83:2F:F3:56:A8,NA,(not associated),-51,1
72:83:94:89:A1:6B,NA,(not associated),-73,1
72:86:60:78:28:D0,NA,(not associated),-53,1
72:87:23:79:71:93,NA,(not associated),-43,1
72:8D:4A:95:25:2D,NA,(not associated),-59,1
72:96:55:36:6D:8A,NA,(not associated),-73,1
72:9E:0E:1A:D9:C5,NA,(not associated),-57,1
72:9E:1B:B0:4B:C3,NA,(not associated),-53,1
72:A3:5E:A4:60:F0,NA,(not associated),-63,1
72:A3:B7:DD:FB:5C,NA,(not associated),-59,1
72:A3:E6:B0:81:E3,NA,(not associated),-67,1
72:A4:21:4F:C9:40,NA,(not associated),-61,1
72:A4:E8:C6:C3:75,NA,(not associated),-49,1
72:A5:03:3F:3B:DA,NA,(not associated),-61,1
72:A8:6D:CB:63:82,NA,(not associated),-53,1
72:A8:A8:6B:4D:72,NA,(not associated),-53,1
72:AB:EB:90:13:CB,NA,(not associated),-61,1
72:B1:4F:13:C6:50,NA,(not associated),-65,1
72:B9:3C:71:46:17,NA,(not associated),-61,1
72:B9:6C:24:8F:AE,NA,(not associated),-57,1
72:BA:C9:79:86:51,NA,(not associated),-69,1
72:C0:73:5F:BC:FE,NA,(not associated),-63,1
72:C0:CD:83:7A:98,NA,(not associated),-61,1
72:C2:98:79:9C:28,NA,(not associated),-39,1
72:C7:0A:DA:77:8B,NA,(not associated),-41,1
72:C8:8A:93:B6:8C,NA,(not associated),-61,1
72:C9:34:B6:E9:A7,NA,(not associated),-51,1
72:CB:E0:5A:16:06,NA,00:25:00:FF:94:73,-85,1
72:CE:0F:4C:F0:48,NA,(not associated),-67,1
72:CE:B9:AD:8C:FC,NA,(not associated),-55,1
72:CE:D8:AB:50:00,NA,(not associated),-63,1
72:D1:3C:31:68:05,NA,(not associated),-63,1
72:D3:B0:A8:14:0A,NA,(not associated),-43,1
72:D3:E5:47:D8:DA,NA,(not associated),-61,1
72:D5:E1:D1:F8:88,NA,(not associated),-51,1
72:DA:F5:2A:DC:1D,NA,(not associated),-69,1
72:DB:A4:54:E0:6B,NA,(not associated),-67,1
72:DB:AC:40:5D:36,NA,(not associated),-69,1
72:DC:90:34:02:5E,NA,(not associated),-45,1
72:E1:4E:9B:54:00,NA,(not associated),-63,1
72:E1:82:66:B0:FB,NA,(not associated),-59,1
72:E4:06:12:E0:3A,NA,(not associated),-69,1
72:E5:DA:73:C6:A2,NA,(not associated),-65,1
72:E6:0A:99:A7:6E,NA,(not associated),-77,1
72:E8:4B:39:AD:51,NA,(not associated),-59,1
72:EA:1F:DC:E6:DC,NA,(not associated),-47,1
72:EA:94:80:45:29,NA,(not associated),-53,1
72:EC:8E:08:8B:FE,NA,(not associated),-69,1
72:ED:2E:37:9E:F3,NA,(not associated),-49,1
72:EE:97:77:02:1D,NA,(not associated),-71,1
72:F4:41:EE:AB:E2,NA,(not associated),-61,1
72:F7:00:64:FB:50,NA,(not associated),-59,1
72:FA:0A:6A:38:1C,NA,(not associated),-63,1
72:FA:E0:53:EC:C7,NA,(not associated),-63,1
72:FF:8C:A3:78:2B,NA,(not associated),-55,1
72:FF:90:5A:83:20,NA,(not associated),-61,1
74:D8:A1:FD:A9:C1,NA,(not associated),-65,1
76:04:6B:8E:46:EF,NA,(not associated),-59,1
76:06:3C:3B:E6:F1,NA,(not associated),-51,1
76:08:4C:AD:42:E4,NA,(not associated),-55,1
76:08:A5:41:F9:C4,NA,(not associated),-63,1
76:09:6F:D3:AC:C3,NA,(not associated),-65,1
76:0A:BC:E4:BA:3F,NA,(not associated),-63,1
76:0C:45:D4:B7:44,NA,(not associated),-57,1
76:0F:12:BC:B1:2A,NA,(not associated),-65,1
76:10:56:4A:8F:D1,NA,(not associated),-67,1
76:13:01:B1:1B:A5,NA,(not associated),-67,1
76:13:69:42:E8:96,NA,(not associated),-43,1
76:14:0E:BB:8A:B0,NA,(not associated),-49,1
76:1C:59:C1:F9:3D,NA,(not associated),-63,1
76:1E:3E:0A:F7:C6,NA,(not associated),-65,1
76:21:43:1C:4C:8B,NA,(not associated),-61,1
76:24:73:10:2A:29,NA,(not associated),-59,1
76:26:51:48:57:AA,NA,(not associated),-63,1
76:27:6A:10:AC:8E,NA,(not associated),-55,1
76:27:B0:5A:A8:62,NA,(not associated),-55,1
76:2D:1E:23:2C:1C,NA,(not associated),-65,1
76:2D:A0:EA:37:5A,NA,(not associated),-55,1
76:40:12:30:CE:02,NA,(not associated),-59,1
76:43:18:21:A2:28,NA,(not associated),-65,1
76:47:1C:54:C7:D7,NA,(not associated),-53,1
76:49:01:52:C4:B2,NA,(not associated),-59,1
76:4A:1B:A2:2E:04,NA,(not associated),-71,1
76:4D:44:95:00:42,NA,(not associated),-65,1
76:4F:2B:44:4A:E1,NA,(not associated),-53,1
76:4F:31:D7:6D:B1,NA,(not associated),-63,1
76:57:BF:DE:AD:71,NA,(not associated),-61,1
76:59:2B:6B:3E:D1,NA,(not associated),-37,1
76:5A:3F:63:41:10,NA,(not associated),-53,1
76:5E:D1:CD:39:D7,NA,(not associated),-47,1
76:63:EF:02:82:40,NA,(not associated),-59,1
76:64:04:B6:1D:EC,NA,(not associated),-61,1
76:67:DC:6A:26:5D,NA,(not associated),-65,1
76:6B:EB:6F:28:41,NA,(not associated),-59,1
76:6D:80:3A:A8:86,NA,(not associated),-77,1
76:73:49:B4:21:46,NA,(not associated),-33,1
76:73:65:1E:4A:CC,NA,(not associated),-53,1
76:75:EE:0D:CF:41,NA,(not associated),-67,1
76:76:76:B5:3C:4A,NA,(not associated),-53,1
76:76:A9:C0:AE:1E,NA,(not associated),-53,1
76:79:77:24:00:73,NA,(not associated),-59,1
76:7D:B0:01:9C:4A,NA,(not associated),-65,1
76:86:87:5D:C3:75,NA,(not associated),-67,1
76:8C:9F:AA:B2:17,NA,(not associated),-63,1
76:8D:12:91:B0:AF,NA,(not associated),-49,1
76:8D:EC:E0:8E:49,NA,(not associated),-33,1
76:92:72:F9:88:0B,NA,(not associated),-59,1
76:94:54:27:9C:4E,NA,(not associated),-59,1
76:99:9B:DD:FA:0B,NA,(not associated),-59,1
76:99:EB:15:5C:69,NA,(not associated),-55,1
76:9F:32:E8:7F:01,NA,(not associated),-61,1
76:9F:E6:33:BB:B5,NA,(not associated),-57,1
76:A2:40:BD:DF:E7,NA,(not associated),-65,1
76:A5:22:F3:42:BC,NA,(not associated),-67,1
76:AF:FE:A6:8D:8D,NA,(not associated),-65,1
76:B1:CA:50:FF:68,NA,(not associated),-57,1
76:B2:0D:13:95:7A,NA,(not associated),-71,1
76:B3:4E:38:19:45,NA,(not associated),-63,1
76:B5:DB:14:57:C4,NA,(not associated),-61,1
76:B6:93:0D:0F:AE,NA,(not associated),-63,1
76:B7:6D:5D:C7:2D,NA,(not associated),-49,1
76:B8:92:F3:D4:47,NA,(not associated),-43,1
76:BA:2E:88:1A:F9,NA,(not associated),-67,1
76:BA:D3:1C:AD:AD,NA,(not associated),-51,1
76:BD:43:CF:66:F1,NA,(not associated),-61,1
76:BD:BE:8E:4D:96,NA,(not associated),-65,1
76:BF:A0:AD:EF:9E,NA,(not associated),-51,1
76:C0:3C:D2:45:54,NA,(not associated),-61,1
76:C2:04:7D:CF:0A,NA,(not associated),-51,1
76:C3:19:30:4D:7D,NA,(not associated),-59,1
76:C4:15:09:C5:4E,NA,(not associated),-53,1
76:C6:D1:72:66:49,NA,(not associated),-57,1
76:CE:58:C5:CE:56,NA,(not associated),-65,1
76:CF:8A:45:BB:57,NA,(not associated),-67,1
76:D1:34:5E:67:F2,NA,(not associated),-35,1
76:D3:0C:83:7E:BC,NA,(not associated),-63,1
76:DA:19:EF:9A:1D,NA,(not associated),-45,1
76:DC:04:F2:94:8E,NA,(not associated),-63,1
76:DD:96:4E:24:C2,NA,(not associated),-67,1
76:DF:A3:62:BA:BF,NA,(not associated),-37,1
76:E1:A4:73:1E:CC,NA,(not associated),-45,1
76:E3:6C:A2:AC:07,NA,(not associated),-69,1
76:E3:74:BB:D2:32,NA,(not associated),-43,1
76:E3:B5:A3:CC:17,NA,(not associated),-61,1
76:E3:DA:37:95:E4,NA,(not associated),-61,1
76:E5:15:EA:30:2F,NA,(not associated),-53,1
76:E6:EC:6F:65:0C,NA,(not associated),-63,1
76:E9:95:0E:CF:29,NA,(not associated),-65,1
76:EA:E2:33:22:1F,NA,(not associated),-65,1
76:EC:AF:76:97:6C,NA,(not associated),-65,1
76:EF:B9:1E:3E:BD,NA,(not associated),-63,1
76:F1:C2:D0:6D:F4,NA,(not associated),-61,1
76:F2:DB:6C:1E:73,NA,(not associated),-61,1
76:F4:46:B7:EF:9A,NA,(not associated),-65,1
76:F6:13:C9:D1:DD,NA,(not associated),-59,1
76:FC:B8:0D:DE:FC,NA,(not associated),-65,1
7A:0B:AA:21:ED:43,NA,(not associated),-69,1
7A:0E:DF:6F:5F:D4,NA,(not associated),-61,1
7A:0F:86:6E:48:F5,NA,(not associated),-69,1
7A:11:F8:F6:09:6B,NA,(not associated),-67,1
7A:12:47:E7:44:EE,NA,(not associated),-67,1
7A:13:FD:3F:ED:D4,NA,(not associated),-55,1
7A:14:33:23:2C:11,NA,(not associated),-51,1
7A:14:C5:98:D1:BE,NA,(not associated),-53,1
7A:17:93:13:A4:B0,NA,(not associated),-45,1
7A:17:D1:9F:60:0E,NA,(not associated),-65,1
7A:1A:89:18:AC:EA,NA,(not associated),-67,1
7A:1A:CB:3E:18:E6,NA,(not associated),-67,1
7A:1C:18:53:0F:05,NA,(not associated),-61,1
7A:1F:10:D9:45:E0,NA,(not associated),-59,1
7A:20:7F:C3:45:2E,NA,(not associated),-49,1
7A:27:75:D9:AB:44,NA,(not associated),-45,1
7A:2A:30:5F:7E:C9,NA,(not associated),-37,1
7A:33:1E:DB:50:65,NA,(not associated),-63,1
7A:3E:B9:83:BE:BD,NA,(not associated),-45,1
7A:42:41:D4:BE:72,NA,(not associated),-63,1
7A:47:AC:BD:EA:79,NA,(not associated),-55,1
7A:48:27:22:9F:54,NA,(not associated),-61,1
7A:4A:0F:7A:54:04,NA,(not associated),-39,1
7A:4B:E5:CB:EA:3E,NA,(not associated),-81,1
7A:4D:2A:7C:E3:61,NA,(not associated),-63,1
7A:4D:E2:40:1C:CC,NA,(not associated),-45,1
7A:50:75:59:F9:84,NA,(not associated),-65,1
7A:52:B4:81:9D:DE,NA,(not associated),-47,1
7A:53:1B:82:D6:04,NA,(not associated),-65,1
7A:59:17:67:BD:0B,NA,(not associated),-61,1
7A:59:39:45:AF:80,NA,(not associated),-65,1
7A:59:DF:4A:76:1B,NA,(not associated),-53,1
7A:59:E2:5E:BD:0B,NA,(not associated),-61,1
7A:5A:3C:CA:F6:E3,NA,(not associated),-53,1
7A:5B:12:D0:24:1F,NA,(not associated),-55,1
7A:5B:66:B0:C5:A8,NA,(not associated),-49,1
7A:5E:26:AA:12:2D,NA,(not associated),-63,1
7A:67:AD:10:F5:67,NA,(not associated),-57,1
7A:6B:0B:DE:4A:AE,NA,(not associated),-61,1
7A:6B:DF:96:63:80,NA,(not associated),-67,1
7A:6C:AF:19:B5:E0,NA,(not associated),-47,1
7A:6F:95:3F:ED:2F,NA,(not associated),-71,1
7A:71:75:07:EF:25,NA,(not associated),-55,1
7A:75:80:8E:D3:32,NA,(not associated),-65,1
7A:78:0A:9D:24:51,NA,(not associated),-71,1
7A:7A:BA:E8:53:E8,NA,(not associated),-59,1
7A:7C:34:F9:E8:FE,NA,(not associated),-75,1
7A:7D:3B:B8:DD:6B,NA,(not associated),-51,1
7A:7E:57:D1:7E:47,NA,(not associated),-31,1
7A:7F:CA:58:6C:AD,NA,(not associated),-69,1
7A:80:41:F0:71:1B,NA,(not associated),-67,1
7A:82:D2:D5:3C:1A,NA,(not associated),-45,1
7A:84:8E:3A:CB:D0,NA,(not associated),-49,1
7A:84:B3:64:0D:3A,NA,(not associated),-45,1
7A:86:0A:74:EE:62,NA,(not associated),-65,1
7A:88:82:DC:72:F5,NA,(not associated),-69,1
7A:8B:C2:4C:69:8E,NA,(not associated),-57,1
7A:8D:2E:90:4C:DA,NA,(not associated),-65,1
7A:8D:4A:D0:21:86,NA,(not associated),-51,1
7A:93:9C:41:13:72,NA,(not associated),-51,1
7A:95:91:F2:CD:D7,NA,(not associated),-47,1
7A:97:03:D6:27:ED,NA,(not associated),-61,1
7A:97:3B:D9:40:F3,NA,(not associated),-59,1
7A:99:F7:33:BF:3B,NA,(not associated),-55,1
7A:9A:CC:CC:0E:CB,NA,(not associated),-49,1
7A:9D:6C:07:14:69,NA,(not associated),-61,1
7A:9D:72:57:F8:0E,NA,(not associated),-45,1
7A:9D:81:10:F3:19,NA,(not associated),-67,1
7A:A0:B8:33:5C:70,NA,(not associated),-53,1
7A:A2:94:06:FA:F9,NA,(not associated),-57,1
7A:A4:60:79:B1:09,NA,(not associated),-65,1
7A:A5:D3:96:C7:89,NA,(not associated),-51,1
7A:A6:18:60:58:AA,NA,(not associated),-61,1
7A:A6:A7:23:CD:BC,NA,(not associated),-61,1
7A:A8:D3:D7:BF:3C,NA,(not associated),-55,1
7A:AC:C3:72:9F:63,NA,(not associated),-57,1
7A:B0:03:E8:7F:13,NA,(not associated),-57,1
7A:B1:A3:37:1E:9B,NA,(not associated),-45,1
7A:B2:3C:1D:AE:56,NA,(not associated),-51,1
7A:B2:A4:1B:22:9B,NA,(not associated),-49,1
7A:B9:6C:73:68:9F,NA,(not associated),-61,1
7A:BC:8E:FD:56:9D,NA,(not associated),-59,1
7A:BD:68:25:F9:13,NA,(not associated),-65,1
7A:C6:78:02:59:B4,NA,(not associated),-69,1
7A:CB:A3:F2:1C:B6,NA,(not associated),-47,1
7A:CD:5A:3C:1B:C7,NA,(not associated),-57,1
7A:CE:4C:A7:E9:97,NA,(not associated),-59,1
7A:CE:58:2D:48:CD,NA,(not associated),-51,1
7A:D2:E6:7B:F3:30,NA,(not associated),-63,1
7A:D3:B0:7D:71:F0,NA,(not associated),-33,1
7A:D6:E8:6C:1E:A5,NA,(not associated),-53,1
7A:DB:68:E1:20:07,NA,(not associated),-71,1
7A:E2:D5:F4:7C:8D,NA,(not associated),-61,1
7A:E7:60:3B:95:BF,NA,(not associated),-63,1
7A:E8:4F:9A:16:3E,NA,(not associated),-63,1
7A:ED:47:F9:6D:8D,NA,(not associated),-63,1
7A:F1:DD:3A:AA:85,NA,(not associated),-45,1
7A:F2:07:03:9E:0D,NA,(not associated),-59,1
7A:F5:96:E0:C5:25,NA,(not associated),-59,1
7A:FA:E2:4F:A5:D1,NA,(not associated),-67,1
7A:FA:E6:94:32:1F,NA,(not associated),-57,1
7E:00:31:97:EA:B4,NA,(not associated),-55,1
7E:03:0D:61:A6:ED,NA,(not associated),-63,1
7E:04:AB:B2:8E:58,NA,(not associated),-47,1
7E:06:0F:47:F1:97,NA,(not associated),-63,1
7E:07:88:18:73:F8,NA,(not associated),-59,1
7E:09:7D:7B:37:F2,NA,(not associated),-65,1
7E:0E:EA:01:0D:92,NA,(not associated),-65,1
7E:11:2C:C4:77:CC,NA,(not associated),-39,1
7E:16:A4:74:6E:E5,NA,(not associated),-57,1
7E:16:FD:51:1F:B0,NA,(not associated),-57,1
7E:17:7A:C4:CB:52,NA,(not associated),-43,1
7E:18:C0:B3:15:54,NA,(not associated),-47,1
7E:20:DD:D9:B4:7B,NA,(not associated),-57,1
7E:24:77:70:56:AB,NA,(not associated),-65,1
7E:2C:2C:CA:CD:14,NA,(not associated),-67,1
7E:31:6E:E2:A2:66,NA,(not associated),-57,1
7E:31:F7:BD:98:08,NA,(not associated),-39,1
7E:32:63:DF:5E:6D,NA,(not associated),-65,1
7E:32:A1:FF:66:B4,NA,(not associated),-67,1
7E:33:1C:8A:CC:23,NA,(not associated),-35,1
7E:38:8F:D1:99:0E,NA,(not associated),-49,1
7E:38:DB:DD:45:C0,NA,(not associated),-59,1
7E:3A:82:1E:12:A4,NA,(not associated),-51,1
7E:3A:8F:06:49:1C,NA,(not associated),-43,1
7E:40:5D:82:96:85,NA,(not associated),-73,1
7E:41:5E:0C:82:02,NA,(not associated),-39,1
7E:43:86:80:13:1C,NA,(not associated),-55,1
7E:49:14:DB:13:15,NA,(not associated),-63,1
7E:4E:EA:89:54:8E,NA,(not associated),-61,1
7E:4F:2D:13:71:2D,NA,(not associated),-63,1
7E:50:F5:88:BD:57,NA,(not associated),-41,1
7E:55:38:99:81:A0,NA,(not associated),-65,1
7E:58:A2:E6:5C:84,NA,(not associated),-41,1
7E:5E:15:55:24:8F,NA,(not associated),-47,1
7E:5F:45:46:8C:64,NA,(not associated),-67,1
7E:64:71:55:9B:E5,NA,(not associated),-33,1
7E:68:F1:03:31:99,NA,(not associated),-53,1
7E:6D:64:8F:28:85,NA,(not associated),-55,1
7E:6E:1B:70:09:6B,NA,(not associated),-65,1
7E:72:AF:3B:B2:CA,NA,(not associated),-65,1
7E:74:0F:BA:2B:F9,NA,(not associated),-47,1
7E:75:58:A7:E3:E7,NA,(not associated),-55,1
7E:7B:6C:95:92:16,NA,(not associated),-51,1
7E:80:42:9C:4B:47,NA,(not associated),-57,1
7E:80:99:17:7F:CE,NA,(not associated),-61,1
7E:84:D4:46:32:91,NA,(not associated),-61,1
7E:86:5D:81:A0:C1,NA,(not associated),-51,1
7E:87:32:B6:61:1E,NA,(not associated),-59,1
7E:88:AD:5F:F8:34,NA,(not associated),-61,1
7E:88:D1:52:A9:94,NA,(not associated),-43,1
7E:88:DB:D3:B5:65,NA,(not associated),-69,1
7E:8B:55:9B:01:63,NA,(not associated),-57,1
7E:8B:63:1E:B9:5F,NA,(not associated),-51,1
7E:8D:FC:19:9A:F9,NA,(not associated),-65,1
7E:8F:99:C6:B0:96,NA,(not associated),-59,1
7E:91:2C:57:45:FC,NA,(not associated),-63,1
7E:91:9E:6B:47:D2,NA,(not associated),-39,1
7E:91:C8:E9:E3:8D,NA,(not associated),-67,1
7E:92:7A:DD:F9:29,NA,(not associated),-51,1
7E:98:63:32:74:9A,NA,(not associated),-35,1
7E:98:EF:57:AD:24,NA,(not associated),-55,1
7E:A9:F6:04:92:CB,NA,(not associated),-63,1
7E:B1:D3:9A:95:9A,NA,(not associated),-43,1
7E:B3:D6:D9:C8:E3,NA,(not associated),-43,1
7E:B6:06:5E:49:69,NA,(not associated),-35,1
7E:B6:3C:2D:5F:61,NA,(not associated),-63,1
7E:B8:9D:98:FF:5B,NA,(not associated),-59,1
7E:B9:73:9C:29:B2,NA,(not associated),-57,1
7E:B9:B9:98:4D:B1,NA,(not associated),-55,1
7E:BC:C5:2F:38:AA,NA,(not associated),-57,1
7E:BE:D8:E2:C8:AF,NA,(not associated),-37,1
7E:C1:02:34:C0:E7,NA,(not associated),-63,1
7E:C5:DC:57:2D:4F,NA,(not associated),-47,1
7E:C6:CB:70:97:F8,NA,(not associated),-61,1
7E:C8:18:25:DD:08,NA,(not associated),-67,1
7E:C8:64:10:4D:EE,NA,(not associated),-55,1
7E:C9:8B:CB:36:41,NA,(not associated),-59,1
7E:CE:8E:30:E6:C0,NA,(not associated),-65,1
7E:CF:99:90:76:9D,NA,(not associated),-69,1
7E:D0:6E:27:9A:A6,NA,(not associated),-39,1
7E:D0:94:76:DF:7D,NA,(not associated),-55,1
7E:D1:9A:88:EB:A1,NA,(not associated),-61,1
7E:D6:14:46:E0:3B,NA,(not associated),-55,1
7E:D9:0C:DA:62:6A,NA,(not associated),-49,1
7E:E0:BA:BF:86:9D,NA,(not associated),-55,1
7E:E6:75:A2:40:AE,NA,(not associated),-59,1
7E:E7:71:9B:4B:20,NA,(not associated),-63,1
7E:E7:BB:44:1B:27,NA,(not associated),-57,1
7E:E8:43:27:6E:2F,NA,(not associated),-67,1
7E:E9:DF:08:CD:19,NA,(not associated),-43,1
7E:EB:3B:85:F5:7A,NA,(not associated),-41,1
7E:F0:4A:68:F6:99,NA,(not associated),-61,1
7E:F4:C9:6D:F3:92,NA,(not associated),-51,1
7E:F5:15:87:AB:22,NA,(not associated),-61,1
7E:F6:63:C4:1C:A2,NA,(not associated),-49,1
7E:F8:E9:62:A4:00,NA,(not associated),-51,1
82:01:5E:F1:6E:E1,NA,(not associated),-57,1
82:04:45:E7:7B:A3,NA,(not associated),-57,1
82:06:A0:C0:7A:0F,NA,(not associated),-59,1
82:06:F1:6C:12:66,NA,(not associated),-65,1
82:0D:9E:71:37:90,NA,(not associated),-45,1
82:17:65:4C:44:29,NA,(not associated),-51,1
82:18:A7:E1:0C:B6,NA,(not associated),-69,1
82:25:41:98:DD:EB,NA,(not associated),-65,1
82:26:8D:42:6A:4F,NA,(not associated),-71,1
82:27:8B:A6:E3:7B,NA,(not associated),-55,1
82:2A:61:50:23:62,NA,(not associated),-67,1
82:2A:9D:C5:00:7B,NA,(not associated),-59,1
82:2D:DB:A4:79:9F,NA,(not associated),-57,1
82:2E:58:49:9F:B8,NA,(not associated),-59,1
82:35:86:41:13:D0,NA,(not associated),-63,1
82:3E:69:5D:8F:6F,NA,(not associated),-35,1
82:3E:FE:72:27:5E,NA,(not associated),-47,1
82:3F:53:F7:CC:71,NA,(not associated),-67,1
82:40:DB:06:B6:9C,NA,(not associated),-41,1
82:45:33:F4:EC:38,NA,(not associated),-67,1
82:45:BB:91:B4:05,NA,(not associated),-61,1
82:45:E1:27:F9:99,NA,(not associated),-53,1
82:47:F6:33:7E:8A,NA,(not associated),-63,1
82:4B:57:3A:49:6C,NA,(not associated),-45,1
82:4B:73:49:E2:B6,NA,(not associated),-67,1
82:4C:C2:1E:26:DF,NA,(not associated),-57,1
82:4D:50:3F:95:9C,NA,(not associated),-49,1
82:4F:03:65:5A:42,NA,(not associated),-69,1
82:50:C4:64:BE:A7,NA,(not associated),-53,1
82:58:DC:A8:2C:85,NA,(not associated),-51,1
82:5E:F4:56:95:6E,NA,(not associated),-65,1
82:5F:9C:FA:48:B6,NA,(not associated),-63,1
82:69:64:38:40:F1,NA,(not associated),-59,1
82:75:47:A0:DE:5B,NA,(not associated),-65,1
82:75:4B:44:D2:E6,NA,(not associated),-49,1
82:76:DD:79:5A:82,NA,(not associated),-43,1
82:7B:5B:00:3E:54,NA,(not associated),-61,1
82:81:84:EE:44:73,NA,(not associated),-63,1
82:87:EC:BA:C2:45,NA,(not associated),-47,1
82:88:58:C3:4F:B8,NA,(not associated),-67,1
82:8A:40:EC:EB:11,NA,(not associated),-31,1
82:8B:9B:56:47:78,NA,(not associated),-61,1
82:92:7D:E8:B2:DD,NA,(not associated),-31,1
82:94:F1:BE:C9:3F,NA,(not associated),-57,1
82:98:BE:19:E6:75,NA,(not associated),-69,1
82:9A:2B:1D:45:EF,NA,(not associated),-53,1
82:9A:CA:02:AC:A3,NA,(not associated),-69,1
82:9C:5B:BA:3F:72,NA,(not associated),-61,1
82:9C:CE:03:AF:4B,NA,(not associated),-65,1
82:A0:24:59:2E:5F,NA,(not associated),-69,1
82:A0:EA:89:9F:33,NA,(not associated),-33,1
82:A2:EA:AE:06:1E,NA,(not associated),-51,1
82:A5:30:5D:21:80,NA,(not associated),-59,1
82:A6:E4:AB:3D:91,NA,(not associated),-63,1
82:A9:C1:E7:F9:00,NA,(not associated),-65,1
82:AB:B6:4B:D8:47,NA,(not associated),-45,1
82:AD:93:41:7D:2E,NA,(not associated),-57,1
82:B0:08:40:93:A3,NA,(not associated),-67,1
82:B0:5D:A3:AA:A6,NA,(not associated),-67,1
82:B0:F1:5E:2F:FD,NA,(not associated),-57,1
82:BA:05:6D:77:B5,NA,(not associated),-47,1
82:BE:68:E1:D5:1B,NA,(not associated),-63,1
82:BE:71:A0:A5:9F,NA,(not associated),-55,1
82:BF:EB:9B:84:41,NA,(not associated),-51,1
82:CB:15:A4:C4:06,NA,(not associated),-61,1
82:CC:D5:5B:5C:16,NA,(not associated),-51,1
82:D5:34:CA:6E:F5,NA,(not associated),-65,1
82:D6:FE:93:49:97,NA,(not associated),-61,1
82:DA:D8:67:45:54,NA,(not associated),-47,1
82:DB:A6:26:91:6E,NA,(not associated),-37,1
82:E1:FA:65:A2:2A,NA,(not associated),-51,1
82:E3:15:14:FE:6A,NA,(not associated),-59,1
82:E8:B5:6C:58:4E,NA,(not associated),-53,1
82:E8:E9:D5:B9:DF,NA,(not associated),-59,1
82:EA:E7:BF:E0:C1,NA,(not associated),-61,1
82:EA:F2:BE:4A:B9,NA,(not associated),-55,1
82:ED:99:68:8A:6C,NA,(not associated),-75,1
82:F0:09:1B:C5:CD,NA,(not associated),-59,1
82:F1:5C:9A:50:0B,NA,(not associated),-49,1
82:F4:B2:4B:9E:28,NA,(not associated),-67,1
82:F5:5D:2C:B0:50,NA,(not associated),-39,1
82:FD:AD:1D:79:86,NA,(not associated),-59,1
82:FE:4D:59:7F:9B,NA,(not associated),-55,1
86:00:DD:7E:04:18,NA,(not associated),-63,1
86:09:E4:28:B0:57,NA,(not associated),-63,1
86:0B:50:5C:B2:BD,NA,(not associated),-61,1
86:0C:83:90:1D:BE,NA,(not associated),-33,1
86:0C:D5:C5:B3:C9,NA,(not associated),-51,1
86:0D:C1:AE:B0:61,NA,(not associated),-53,1
86:0F:7F:F7:70:E5,NA,(not associated),-55,1
86:11:51:29:FA:1E,NA,(not associated),-49,1
86:11:F1:7A:C3:02,NA,(not associated),-65,1
86:12:84:5E:86:A9,NA,(not associated),-49,1
86:16:E4:CD:17:D8,NA,00:0D:97:6B:93:DF,-69,1
86:17:DD:62:A5:9D,NA,(not associated),-67,1
86:1A:40:ED:70:3C,NA,(not associated),-59,1
86:1C:5D:EB:1F:7D,NA,(not associated),-53,1
86:1C:9E:3A:9F:C1,NA,(not associated),-55,1
86:1E:EF:DB:28:46,NA,(not associated),-47,1
86:21:A1:3D:21:2D,NA,(not associated),-65,1
86:25:72:48:34:1C,NA,(not associated),-51,1
86:26:B8:3A:AD:67,NA,(not associated),-63,1
86:28:A0:F0:DA:20,NA,(not associated),-63,1
86:28:B1:99:D2:B2,NA,(not associated),-67,1
86:2B:5C:3F:9A:04,NA,(not associated),-39,1
86:37:5F:59:21:79,NA,(not associated),-61,1
86:3B:F5:2F:BE:62,NA,(not associated),-61,1
86:3C:66:2F:78:05,NA,(not associated),-53,1
86:3D:4E:94:62:32,NA,(not associated),-59,1
86:41:0F:4A:AA:45,NA,(not associated),-82,1
86:41:B1:A9:98:9D,NA,(not associated),-63,1
86:42:9C:CE:5D:14,NA,(not associated),-67,1
86:44:AF:F9:3B:AB,NA,(not associated),-86,1
86:46:9E:F8:52:DC,NA,(not associated),-61,1
86:48:C7:33:F1:98,NA,(not associated),-55,1
86:4B:36:A8:15:B4,NA,(not associated),-67,1
86:50:75:87:89:10,NA,(not associated),-53,1
86:63:82:B4:8D:5E,NA,(not associated),-63,1
86:64:DC:E8:17:22,NA,(not associated),-35,1
86:67:6C:FA:74:01,NA,(not associated),-43,1
86:68:81:CC:15:5D,NA,(not associated),-59,1
86:69:76:55:3D:A3,NA,(not associated),-61,1
86:6A:F7:EC:77:F8,NA,(not associated),-53,1
86:6D:C2:33:54:A1,NA,(not associated),-59,1
86:77:CD:F4:42:FE,NA,(not associated),-69,1
86:7A:8F:C8:77:55,NA,(not associated),-43,1
86:7B:1D:2B:37:59,NA,(not associated),-41,1
86:7D:C4:D8:C1:43,NA,(not associated),-53,1
86:88:FB:17:71:B5,NA,(not associated),-79,1
86:8B:2B:65:18:3B,NA,(not associated),-59,1
86:8D:09:31:B2:DD,NA,(not associated),-51,1
86:8E:AB:9D:8C:D0,NA,(not associated),-49,1
86:90:93:FB:A9:5A,NA,(not associated),-35,1
86:96:5C:91:EE:0C,NA,(not associated),-43,1
86:9C:86:BB:83:86,NA,(not associated),-47,1
86:9E:83:DD:1A:85,NA,(not associated),-63,1
86:A2:0B:BB:4E:58,NA,(not associated),-61,1
86:A3:46:87:4C:DF,NA,(not associated),-65,1
86:AB:BD:38:23:31,NA,(not associated),-63,1
86:AE:9D:55:42:30,NA,(not associated),-69,1
86:B0:2E:CF:8D:7D,NA,(not associated),-55,1
86:B0:D5:F3:55:8F,NA,(not associated),-65,1
86:B4:0F:60:07:1A,NA,(not associated),-71,1
86:B6:90:87:D0:5C,NA,(not associated),-59,1
86:B7:DE:7B:C3:17,NA,(not associated),-51,1
86:B9:4C:93:B7:FA,NA,(not associated),-61,1
86:BB:DD:D6:24:43,NA,(not associated),-63,1
86:BC:61:44:F3:40,NA,(not associated),-33,1
86:C1:70:0F:F8:7B,NA,(not associated),-65,1
86:C4:5D:2E:83:6D,NA,(not associated),-53,1
86:C6:00:A1:A2:35,NA,(not associated),-51,1
86:C6:12:F3:4F:E5,NA,(not associated),-51,1
86:CC:A2:38:A9:A6,NA,(not associated),-51,1
86:CC:B0:53:A2:A4,NA,(not associated),-45,1
86:CD:50:82:5E:03,NA,(not associated),-61,1
86:CE:25:DF:68:43,NA,(not associated),-55,1
86:CF:C2:2F:69:0F,NA,(not associated),-59,1
86:D3:E4:1E:78:EC,NA,(not associated),-59,1
86:D4:BA:90:5F:0D,NA,(not associated),-63,1
86:D4:DE:69:4F:3E,NA,(not associated),-45,1
86:D8:86:34:E1:DF,NA,(not associated),-67,1
86:DB:25:A8:C7:12,NA,(not associated),-47,1
86:DE:88:70:02:32,NA,(not associated),-61,1
86:DE:B0:73:75:C8,NA,(not associated),-55,1
86:DF:29:A0:4A:15,NA,(not associated),-37,1
86:E2:D9:A0:A2:BD,NA,(not associated),-51,1
86:E3:8E:13:E3:FD,NA,(not associated),-43,1
86:E5:0C:1C:65:0F,NA,(not associated),-53,1
86:E5:E9:18:55:93,NA,(not associated),-59,1
86:E7:05:14:74:93,NA,(not associated),-69,1
86:E9:D6:7C:95:70,NA,(not associated),-37,1
86:EC:E3:E5:24:E8,NA,(not associated),-51,1
86:F0:4F:09:41:CC,NA,(not associated),-59,1
86:F4:DD:CC:1D:76,NA,(not associated),-55,1
86:F7:14:10:44:E6,NA,(not associated),-65,1
8A:05:A6:73:11:73,NA,(not associated),-55,1
8A:07:AA:AF:F3:03,NA,(not associated),-69,1
8A:09:1D:7F:CB:3A,NA,(not associated),-59,1
8A:0B:4D:EE:61:40,NA,(not associated),-65,1
8A:0C:A4:D6:47:D2,NA,(not associated),-45,1
8A:0E:05:CA:81:9F,NA,(not associated),-49,1
8A:10:4F:BA:04:94,NA,(not associated),-53,1
8A:11:E5:3E:CC:98,NA,(not associated),-57,1
8A:12:AA:DE:6D:AF,NA,(not associated),-43,1
8A:15:87:2B:02:63,NA,(not associated),-55,1
8A:18:30:50:24:9D,NA,(not associated),-37,1
8A:19:3E:9D:0F:CD,NA,(not associated),-61,1
8A:1A:F9:AC:BA:06,NA,(not associated),-43,1
8A:25:BE:19:0D:AF,NA,(not associated),-37,1
8A:29:4C:08:65:26,NA,(not associated),-63,1
8A:2C:96:C5:36:B2,NA,(not associated),-53,1
8A:2E:9B:2C:9B:B6,NA,(not associated),-57,1
8A:3D:BE:55:C0:38,NA,(not associated),-61,1
8A:3F:B5:70:BE:BD,NA,(not associated),-67,1
8A:47:D0:90:79:41,NA,(not associated),-55,1
8A:48:25:98:9A:21,NA,(not associated),-59,1
8A:4A:0B:34:FE:3F,NA,(not associated),-65,1
8A:4A:C9:EB:26:57,NA,(not associated),-57,1
8A:55:E2:15:13:BB,NA,(not associated),-63,1
8A:55:F0:EA:84:63,NA,(not associated),-65,1
8A:57:4F:37:D5:0B,NA,(not associated),-59,1
8A:59:2E:4E:E7:54,NA,(not associated),-63,1
8A:5B:E5:92:6B:ED,NA,(not associated),-63,1
8A:5C:1F:7F:5E:AB,NA,(not associated),-45,1
8A:5C:80:1C:0D:14,NA,(not associated),-61,1
8A:68:30:25:22:3B,NA,(not associated),-55,1
8A:69:41:89:DC:BF,NA,(not associated),-51,1
8A:6B:F8:AD:6E:78,NA,(not associated),-53,1
8A:6D:C8:2B:DD:F9,NA,(not associated),-85,1
8A:6D:D3:BE:82:CB,NA,(not associated),-39,1
8A:73:6C:BC:F8:26,NA,(not associated),-67,1
8A:74:6E:BC:62:FF,NA,(not associated),-69,1
8A:75:90:1B:49:DD,NA,(not associated),-53,1
8A:77:29:8A:DE:1B,NA,(not associated),-65,1
8A:79:BD:10:C9:BA,NA,(not associated),-57,1
8A:7D:9D:9A:05:EE,NA,(not associated),-41,1
8A:7E:85:5D:19:3F,NA,(not associated),-53,1
8A:80:3B:E3:E8:90,NA,(not associated),-65,1
8A:81:A5:B7:0A:47,NA,(not associated),-59,1
8A:82:7B:D9:C7:22,NA,(not associated),-63,1
8A:85:AA:B6:F6:6D,NA,(not associated),-55,1
8A:85:ED:8C:E2:69,NA,(not associated),-61,1
8A:87:2E:35:4B:45,NA,(not associated),-47,1
8A:88:72:C2:6C:43,NA,(not associated),-39,1
8A:8E:AC:BD:49:85,NA,(not associated),-53,1
8A:91:A2:A2:C3:E7,NA,(not associated),-67,1
8A:92:97:F1:52:35,NA,(not associated),-47,1
8A:93:3F:59:39:4A,NA,(not associated),-73,1
8A:93:7A:61:50:91,NA,(not associated),-71,1
8A:95:D4:10:4E:57,NA,(not associated),-55,1
8A:97:1F:32:70:FD,NA,(not associated),-67,1
8A:9A:6C:77:B1:4B,NA,(not associated),-59,1
8A:9B:AB:04:46:86,NA,(not associated),-55,1
8A:9D:1F:0E:8D:83,NA,(not associated),-63,1
8A:A3:FC:D9:26:62,NA,(not associated),-67,1
8A:A4:7A:FF:9C:FF,NA,(not associated),-61,1
8A:A8:11:0C:EA:AA,NA,(not associated),-63,1
8A:B1:32:08:29:0A,NA,(not associated),-57,1
8A:B2:01:AB:F3:6F,NA,(not associated),-69,1
8A:B2:D4:EB:5E:18,NA,(not associated),-55,1
8A:B5:70:4D:90:2A,NA,(not associated),-55,1
8A:B6:3D:48:C7:AD,NA,(not associated),-69,1
8A:BD:D8:29:F2:90,NA,(not associated),-43,1
8A:C4:34:4D:84:98,NA,(not associated),-57,1
8A:C7:82:2B:F7:A8,NA,(not associated),-53,1
8A:C7:B5:08:9E:EB,NA,(not associated),-51,1
8A:CD:4C:2E:64:98,NA,(not associated),-67,1
8A:CF:EA:C9:0F:5B,NA,(not associated),-57,1
8A:D3:DB:70:E0:AC,NA,(not associated),-59,1
8A:D5:BD:E2:D9:6C,NA,(not associated),-57,1
8A:D6:A4:7E:DE:B1,NA,(not associated),-47,1
8A:DA:E5:E7:CD:2A,NA,(not associated),-53,1
8A:DF:5C:2F:65:5E,NA,(not associated),-43,1
8A:DF:93:34:7C:2F,NA,(not associated),-49,1
8A:E2:B6:F4:9C:3C,NA,(not associated),-47,1
8A:E5:E9:75:A0:32,NA,(not associated),-53,1
8A:E8:65:B8:04:24,NA,(not associated),-47,1
8A:EF:44:55:51:6B,NA,(not associated),-67,1
8A:F2:70:89:4C:A5,NA,(not associated),-41,1
8A:F4:24:C6:1F:06,NA,(not associated),-39,1
8A:FD:2C:15:98:88,NA,(not associated),-61,1
8A:FF:2F:0C:F3:05,NA,(not associated),-63,1
8C:55:4A:84:F8:AF,Intel Corporate,(not associated),-73,1
8E:01:5E:48:C7:38,NA,(not associated),-53,1
8E:03:A5:54:E1:BE,NA,(not associated),-67,1
8E:03:CF:23:CD:9C,NA,(not associated),-63,1
8E:04:C6:56:1B:74,NA,(not associated),-61,1
8E:06:4B:25:BC:B9,NA,(not associated),-59,1
8E:0D:4E:87:1B:31,NA,(not associated),-59,1
8E:12:F9:58:BE:C5,NA,(not associated),-47,1
8E:15:D3:71:D3:8F,NA,(not associated),-35,1
8E:19:86:52:28:E6,NA,(not associated),-61,1
8E:1A:46:30:6B:56,NA,(not associated),-65,1
8E:22:BD:94:F3:9F,NA,(not associated),-61,1
8E:29:3D:92:FD:11,NA,(not associated),-45,1
8E:2C:22:B3:1C:A2,NA,(not associated),-53,1
8E:2D:9A:29:96:E0,NA,(not associated),-71,1
8E:2F:68:B9:05:A9,NA,(not associated),-59,1
8E:30:19:14:85:39,NA,(not associated),-41,1
8E:39:81:E3:5F:0B,NA,(not associated),-63,1
8E:3C:84:C5:FB:F3,NA,(not associated),-45,1
8E:42:E8:0C:23:72,NA,(not associated),-43,1
8E:48:0F:E1:CB:C5,NA,(not associated),-69,1
8E:49:24:FE:88:3A,NA,(not associated),-69,1
8E:4A:34:25:5D:A7,NA,(not associated),-61,1
8E:4C:C6:BE:80:CE,NA,(not associated),-63,1
8E:4D:79:5C:79:27,NA,(not associated),-49,1
8E:4E:B2:91:2C:5C,NA,(not associated),-49,1
8E:50:72:F2:FD:77,NA,(not associated),-67,1
8E:52:DA:69:E4:25,NA,(not associated),-49,1
8E:58:51:5D:3E:1D,NA,(not associated),-57,1
8E:58:94:DB:D8:C4,NA,(not associated),-41,1
8E:5A:BF:7F:3C:85,NA,(not associated),-65,1
8E:5D:A2:46:45:03,NA,(not associated),-63,1
8E:5F:48:F6:6B:78,NA,(not associated),-51,1
8E:62:7F:77:EE:A9,NA,(not associated),-81,1
8E:69:90:BA:00:5F,NA,(not associated),-61,1
8E:69:CD:D1:6F:0C,NA,(not associated),-61,1
8E:6A:32:03:F5:EE,NA,(not associated),-41,1
8E:6B:DD:B3:48:02,NA,(not associated),-47,1
8E:6D:9D:00:50:6E,NA,(not associated),-55,1
8E:6E:E7:77:05:45,NA,(not associated),-57,1
8E:6F:BE:55:3D:69,NA,(not associated),-57,1
8E:70:C6:E4:EC:87,NA,(not associated),-63,1
8E:73:D0:33:7F:27,NA,(not associated),-61,1
8E:74:E6:07:0A:93,NA,(not associated),-59,1
8E:76:07:F4:36:96,NA,(not associated),-51,1
8E:79:33:82:69:E0,NA,(not associated),-63,1
8E:79:AE:6C:78:CC,NA,(not associated),-61,1
8E:7A:AB:4E:23:EC,NA,(not associated),-69,1
8E:7A:D9:E6:14:26,NA,(not associated),-31,1
8E:7E:39:A9:77:A1,NA,(not associated),-61,1
8E:85:85:3C:EA:15,NA,(not associated),-63,1
8E:88:D7:B5:A9:40,NA,(not associated),-61,1
8E:8A:3B:0F:08:00,NA,(not associated),-45,1
8E:8C:AC:00:5A:32,NA,(not associated),-51,1
8E:8F:0A:F7:5B:7C,NA,(not associated),-63,1
8E:92:1E:3B:26:06,NA,(not associated),-59,1
8E:94:4A:4A:33:A3,NA,(not associated),-57,1
8E:96:A6:E5:F6:55,NA,(not associated),-57,1
8E:96:B3:09:A1:B9,NA,(not associated),-35,1
8E:96:D0:7F:A4:3C,NA,(not associated),-63,1
8E:97:0A:10:9D:CC,NA,(not associated),-53,1
8E:9A:36:6E:C5:F8,NA,(not associated),-65,1
8E:9D:70:4C:E2:34,NA,(not associated),-53,1
8E:A0:37:83:A0:9B,NA,(not associated),-65,1
8E:A2:9F:FB:6E:96,NA,(not associated),-63,1
8E:A2:D3:36:44:3C,NA,(not associated),-61,1
8E:A4:3C:24:80:65,NA,(not associated),-61,1
8E:A5:15:86:E8:0F,NA,(not associated),-61,1
8E:AA:84:A1:C0:B7,NA,(not associated),-59,1
8E:AF:9F:D3:53:96,NA,(not associated),-59,1
8E:AF:B8:05:58:A2,NA,(not associated),-57,1
8E:B1:0E:D5:6A:D1,NA,(not associated),-63,1
8E:B1:74:5B:39:7F,NA,(not associated),-47,1
8E:B4:35:75:14:C8,NA,(not associated),-67,1
8E:B4:A8:58:69:C5,NA,(not associated),-43,1
8E:B5:2B:92:DE:9E,NA,(not associated),-77,1
8E:B5:AE:A3:0F:F6,NA,(not associated),-61,1
8E:B6:95:EF:EA:33,NA,(not associated),-61,1
8E:B8:1F:BB:8D:1E,NA,(not associated),-63,1
8E:BB:81:80:71:CC,NA,(not associated),-51,1
8E:BF:17:BA:C3:48,NA,(not associated),-63,1
8E:C3:88:02:31:75,NA,(not associated),-69,1
8E:C3:A7:91:51:72,NA,(not associated),-55,1
8E:C7:90:38:10:59,NA,(not associated),-73,1
8E:C7:FA:73:88:85,NA,(not associated),-73,1
8E:C9:67:D0:81:B9,NA,00:26:99:F2:7A:E2,-61,1
8E:CA:56:24:16:A9,NA,(not associated),-61,1
8E:CB:4D:2C:DC:FA,NA,(not associated),-57,1
8E:CC:CA:A4:F1:BA,NA,(not associated),-67,1
8E:D4:09:03:3E:7D,NA,(not associated),-57,1
8E:DB:39:F0:6C:A8,NA,(not associated),-65,1
8E:DE:0C:D5:36:6F,NA,(not associated),-55,1
8E:DF:6A:B8:7E:84,NA,(not associated),-39,1
8E:E0:53:4C:BA:35,NA,(not associated),-41,1
8E:E0:99:D4:00:EF,NA,(not associated),-67,1
8E:E1:C9:21:CC:05,NA,(not associated),-61,1
8E:E4:83:B5:65:AE,NA,(not associated),-41,1
8E:E5:DF:38:24:BA,NA,(not associated),-55,1
8E:E6:80:13:65:B7,NA,(not associated),-69,1
8E:ED:39:AC:84:63,NA,(not associated),-51,1
8E:F3:99:A2:4E:99,NA,(not associated),-47,1
8E:F4:16:54:85:1B,NA,(not associated),-61,1
8E:F7:E0:63:BF:46,NA,(not associated),-49,1
8E:F9:47:4F:11:80,NA,(not associated),-31,1
8E:FC:45:11:63:59,NA,(not associated),-61,1
92:00:2A:99:1B:4E,NA,(not associated),-43,1
92:01:86:FB:0A:3F,NA,(not associated),-53,1
92:09:74:7E:C6:BD,NA,(not associated),-31,1
92:0D:49:1A:77:AA,NA,(not associated),-69,1
92:0D:88:DE:11:4D,NA,(not associated),-61,1
92:0F:9B:D0:91:66,NA,(not associated),-69,1
92:12:78:1A:5D:3B,NA,(not associated),-67,1
92:14:8A:32:5A:9D,NA,(not associated),-65,1
92:15:17:A1:8A:36,NA,(not associated),-63,1
92:20:64:24:51:98,NA,(not associated),-69,1
92:20:64:3A:00:92,NA,(not associated),-67,1
92:21:F3:CB:22:79,NA,(not associated),-57,1
92:24:51:65:DD:31,NA,(not associated),-65,1
92:2E:24:B3:DC:0D,NA,(not associated),-63,1
92:32:92:9A:75:60,NA,(not associated),-57,1
92:33:11:0E:3D:5C,NA,(not associated),-61,1
92:37:90:23:F8:EC,NA,(not associated),-67,1
92:3A:2D:D5:A0:7C,NA,(not associated),-63,1
92:3A:6C:F8:0E:9C,NA,(not associated),-39,1
92:3A:97:2A:8C:96,NA,(not associated),-35,1
92:3B:FD:14:A4:9D,NA,(not associated),-71,1
92:3F:FC:9F:8B:FA,NA,(not associated),-65,1
92:47:C3:1A:FD:10,NA,(not associated),-63,1
92:4A:15:6F:74:E9,NA,(not associated),-53,1
92:4F:56:1F:7E:92,NA,(not associated),-55,1
92:54:E2:37:08:6E,NA,(not associated),-53,1
92:56:2A:06:8F:72,NA,(not associated),-51,1
92:56:FA:9C:EA:3D,NA,(not associated),-57,1
92:5C:35:16:E2:06,NA,(not associated),-59,1
92:5E:B1:CA:68:67,NA,(not associated),-69,1
92:5E:D5:3B:1B:7D,NA,(not associated),-57,1
92:61:84:86:CB:EA,NA,(not associated),-59,1
92:62:95:2C:D8:1E,NA,00:25:00:FF:94:73,-54,1
92:67:18:0E:62:0C,NA,(not associated),-67,1
92:67:28:D8:0B:23,NA,(not associated),-49,1
92:67:70:82:2C:07,NA,(not associated),-57,1
92:67:E3:4A:98:3D,NA,(not associated),-59,1
92:6C:3C:54:6A:6D,NA,(not associated),-51,1
92:6C:FE:66:D5:C3,NA,(not associated),-59,1
92:71:94:00:C6:9F,NA,(not associated),-57,1
92:79:E2:F2:D5:D5,NA,(not associated),-47,1
92:7A:50:4A:8F:D4,NA,(not associated),-63,1
92:7E:3B:94:E0:DD,NA,(not associated),-59,1
92:7F:31:C5:D8:DA,NA,(not associated),-53,1
92:81:C4:04:6D:4E,NA,(not associated),-71,1
92:82:A6:9C:61:BA,NA,(not associated),-63,1
92:84:64:23:9F:71,NA,(not associated),-61,1
92:86:FE:04:4B:0A,NA,(not associated),-49,1
92:8C:05:1D:74:9F,NA,(not associated),-61,1
92:8D:F4:23:F9:DA,NA,(not associated),-57,1
92:8E:51:12:B7:D2,NA,(not associated),-67,1
92:93:0E:84:AA:E2,NA,(not associated),-57,1
92:95:F0:ED:CF:F9,NA,(not associated),-59,1
92:97:A2:E0:FE:46,NA,(not associated),-67,1
92:9D:2C:31:3D:B7,NA,(not associated),-57,1
92:9F:35:F0:2F:5D,NA,(not associated),-67,1
92:9F:66:BC:8B:F5,NA,(not associated),-39,1
92:A2:FF:AB:7F:B3,NA,(not associated),-61,1
92:A7:AF:84:7D:D8,NA,(not associated),-61,1
92:A8:B4:14:62:3F,NA,(not associated),-57,1
92:AA:55:2D:BC:4B,NA,(not associated),-67,1
92:AE:87:3A:87:73,NA,(not associated),-53,1
92:B3:43:F2:83:AB,NA,(not associated),-57,1
92:B7:35:07:36:3D,NA,(not associated),-51,1
92:BA:B8:04:7B:08,NA,(not associated),-65,1
92:BD:02:D1:10:4E,NA,(not associated),-67,1
92:BD:9E:13:24:06,NA,(not associated),-67,1
92:C0:74:DF:4C:44,NA,(not associated),-59,1
92:C2:A1:AA:79:B8,NA,(not associated),-59,1
92:C4:4E:CF:72:95,NA,(not associated),-65,1
92:C6:28:52:03:9D,NA,(not associated),-59,1
92:CC:E8:AF:70:1A,NA,(not associated),-65,1
92:CD:BF:46:50:F7,NA,(not associated),-63,1
92:CF:8F:9C:7E:AB,NA,(not associated),-35,1
92:D0:83:E6:39:8F,NA,(not associated),-61,1
92:D1:00:6F:CB:B4,NA,(not associated),-55,1
92:D1:FE:03:BF:35,NA,(not associated),-59,1
92:D2:58:05:26:D1,NA,(not associated),-61,1
92:D3:5E:BD:39:9E,NA,(not associated),-71,1
92:D6:D4:7C:F8:48,NA,(not associated),-63,1
92:D8:59:B4:9F:FC,NA,(not associated),-67,1
92:D9:BC:94:17:9A,NA,(not associated),-57,1
92:DC:3B:B7:92:47,NA,(not associated),-63,1
92:DC:60:75:C1:04,NA,(not associated),-63,1
92:DE:40:03:5D:7A,NA,(not associated),-61,1
92:DE:51:D5:31:65,NA,(not associated),-67,1
92:DE:95:2D:90:55,NA,(not associated),-41,1
92:E0:39:DC:F8:F9,NA,(not associated),-55,1
92:E4:BA:CC:4D:BD,NA,(not associated),-51,1
92:E6:AF:80:86:FE,NA,(not associated),-59,1
92:E7:CC:61:33:C5,NA,(not associated),-81,1
92:E9:EB:58:EA:03,NA,(not associated),-67,1
92:EB:E4:06:B6:76,NA,(not associated),-41,1
92:F4:9D:5F:57:02,NA,(not associated),-53,1
92:F4:DB:5A:D9:61,NA,(not associated),-37,1
92:F5:0B:8F:07:47,NA,(not associated),-53,1
92:F5:69:D8:23:35,NA,(not associated),-57,1
92:FA:9B:3B:D9:86,NA,(not associated),-65,1
92:FD:DA:FF:4A:7B,NA,(not associated),-45,1
96:00:FC:B8:5D:44,NA,(not associated),-59,1
96:01:9C:AB:E6:C8,NA,(not associated),-63,1
96:05:BF:B6:79:5B,NA,(not associated),-59,1
96:06:96:AE:60:CA,NA,(not associated),-53,1
96:0C:F1:EF:0C:D2,NA,(not associated),-61,1
96:11:83:96:61:FC,NA,(not associated),-57,1
96:12:4E:51:84:64,NA,(not associated),-55,1
96:13:0F:40:E7:42,NA,(not associated),-55,1
96:14:38:56:D6:FA,NA,(not associated),-57,1
96:15:1E:E2:77:E4,NA,(not associated),-59,1
96:16:61:0A:5C:81,NA,(not associated),-67,1
96:17:00:04:02:03,NA,(not associated),-69,1
96:17:00:45:46:64,NA,(not associated),-63,1
96:17:8E:13:12:1F,NA,(not associated),-63,1
96:1C:55:CD:B1:5D,NA,(not associated),-59,1
96:1D:C2:9C:FB:03,NA,(not associated),-61,1
96:2A:3E:30:3A:F2,NA,(not associated),-61,1
96:2D:BE:B6:E5:79,NA,(not associated),-67,1
96:2F:83:F0:9E:B9,NA,(not associated),-59,1
96:34:0C:EE:43:F1,NA,(not associated),-61,1
96:3A:F1:03:A9:81,NA,(not associated),-57,1
96:3B:03:3F:8D:31,NA,(not associated),-57,1
96:3D:EE:2F:6E:22,NA,(not associated),-51,1
96:41:5D:07:D1:7E,NA,(not associated),-57,1
96:45:56:1C:1D:D7,NA,(not associated),-71,1
96:45:60:75:2F:B4,NA,(not associated),-59,1
96:4C:9E:15:1E:2C,NA,(not associated),-59,1
96:4D:C5:C9:1D:14,NA,(not associated),-49,1
96:50:F4:9F:F5:EB,NA,(not associated),-59,1
96:52:E1:B6:01:A4,NA,(not associated),-67,1
96:55:0F:BB:95:7C,NA,(not associated),-47,1
96:56:2D:8F:B3:FE,NA,(not associated),-63,1
96:5C:8E:D5:23:DF,NA,(not associated),-53,1
96:5D:C8:71:7D:05,NA,(not associated),-41,1
96:5E:1B:8F:1B:5E,NA,(not associated),-59,1
96:5E:27:00:FE:85,NA,(not associated),-37,1
96:61:AC:7B:41:5F,NA,(not associated),-63,1
96:62:3F:DB:6E:76,NA,(not associated),-57,1
96:66:26:7A:CF:4E,NA,(not associated),-51,1
96:69:BC:03:FB:F4,NA,(not associated),-69,1
96:6E:E9:8F:23:DB,NA,(not associated),-67,1
96:75:2B:C4:54:51,NA,(not associated),-65,1
96:75:BB:E8:66:D7,NA,(not associated),-47,1
96:77:4F:F0:18:D0,NA,(not associated),-49,1
96:7A:99:D2:B3:7A,NA,(not associated),-79,1
96:7E:69:32:48:5A,NA,(not associated),-43,1
96:7F:0B:08:0F:A8,NA,(not associated),-51,1
96:7F:DD:08:AF:0D,NA,(not associated),-69,1
96:83:DF:AF:51:B8,NA,(not associated),-63,1
96:84:DA:82:7B:29,NA,(not associated),-53,1
96:86:45:AD:E7:09,NA,(not associated),-61,1
96:86:7F:2D:2C:1D,NA,(not associated),-59,1
96:8F:40:AC:CF:F3,NA,(not associated),-53,1
96:8F:4E:8E:27:AC,NA,(not associated),-83,1
96:92:10:41:9D:5B,NA,(not associated),-63,1
96:92:88:54:FA:C2,NA,(not associated),-69,1
96:98:55:AE:59:59,NA,(not associated),-67,1
96:99:F2:A0:AF:0F,NA,(not associated),-73,1
96:9B:11:A4:39:54,NA,(not associated),-59,1
96:9D:A5:17:A4:13,NA,(not associated),-59,1
96:A0:4D:7E:7F:28,NA,(not associated),-63,1
96:A2:BD:1E:8C:BB,NA,(not associated),-49,1
96:A7:B9:82:A1:51,NA,(not associated),-83,1
96:A9:03:57:5C:9A,NA,(not associated),-63,1
96:AB:11:12:4A:18,NA,(not associated),-53,1
96:AE:19:82:7B:65,NA,(not associated),-49,1
96:B3:60:4B:80:9B,NA,(not associated),-61,1
96:B9:04:22:ED:A6,NA,(not associated),-49,1
96:BB:91:16:EB:14,NA,(not associated),-61,1
96:C2:AA:40:CE:74,NA,(not associated),-67,1
96:C4:42:3E:83:C4,NA,(not associated),-53,1
96:C9:97:23:FA:7E,NA,(not associated),-67,1
96:D0:76:E4:DB:31,NA,(not associated),-49,1
96:D3:54:D6:61:A4,NA,(not associated),-51,1
96:D3:C6:56:BD:DD,NA,(not associated),-63,1
96:D4:4A:3A:6C:DA,NA,(not associated),-51,1
96:D4:F5:FE:F6:72,NA,(not associated),-55,1
96:E1:81:A5:93:78,NA,(not associated),-53,1
96:E4:D4:26:A0:52,NA,(not associated),-59,1
96:E5:31:14:F0:F5,NA,(not associated),-67,1
96:E8:88:55:7C:01,NA,(not associated),-69,1
96:EB:CD:F5:6C:7B,NA,(not associated),-83,1
96:ED:69:7B:16:36,NA,(not associated),-35,1
96:EE:B5:37:65:08,NA,(not associated),-65,1
96:F0:C5:CB:72:C5,NA,(not associated),-63,1
96:F3:6E:11:44:95,NA,(not associated),-71,1
96:F4:8F:17:D6:63,NA,(not associated),-65,1
96:F5:0E:82:07:71,NA,(not associated),-53,1
96:F5:AB:E8:42:3D,NA,(not associated),-57,1
96:FB:F8:AA:C4:A8,NA,(not associated),-71,1
96:FC:0C:48:D7:EC,NA,(not associated),-61,1
9A:02:77:FD:85:B1,NA,(not associated),-69,1
9A:08:0C:21:15:3B,NA,(not associated),-59,1
9A:0C:BB:84:84:58,NA,(not associated),-59,1
9A:0F:CC:78:7B:7B,NA,(not associated),-65,1
9A:13:1B:23:B6:8D,NA,(not associated),-41,1
9A:13:81:62:33:88,NA,(not associated),-49,1
9A:15:03:38:DA:3D,NA,(not associated),-51,1
9A:15:24:94:E8:3A,NA,(not associated),-41,1
9A:16:BC:CE:52:5F,NA,(not associated),-45,1
9A:17:BC:57:B1:98,NA,(not associated),-63,1
9A:1F:1C:82:28:68,NA,(not associated),-61,1
9A:1F:A8:74:D3:EB,NA,(not associated),-79,1
9A:25:9A:60:CD:D5,NA,(not associated),-63,1
9A:25:E8:87:A0:66,NA,(not associated),-55,1
9A:26:30:EE:BD:C5,NA,(not associated),-61,1
9A:29:57:94:AE:4A,NA,(not associated),-59,1
9A:2F:8E:69:2C:6E,NA,(not associated),-41,1
9A:2F:C6:79:EE:60,NA,(not associated),-55,1
9A:32:11:53:1F:AB,NA,(not associated),-41,1
9A:32:11:9A:B9:F1,NA,(not associated),-39,1
9A:39:FC:85:4A:9D,NA,(not associated),-69,1
9A:3D:02:92:12:4D,NA,(not associated),-43,1
9A:3D:15:02:D4:B0,NA,(not associated),-67,1
9A:3E:ED:CD:AD:6C,NA,(not associated),-53,1
9A:40:68:00:9D:A1,NA,(not associated),-57,1
9A:40:EB:5F:0D:5F,NA,(not associated),-61,1
9A:42:49:BA:3C:B5,NA,(not associated),-39,1
9A:43:DD:DA:79:99,NA,(not associated),-65,1
9A:44:42:BD:D3:D2,NA,(not associated),-65,1
9A:46:19:7A:1F:43,NA,(not associated),-61,1
9A:47:4A:E9:38:CB,NA,(not associated),-71,1
9A:48:CB:33:30:EC,NA,(not associated),-59,1
9A:4F:97:7E:72:D8,NA,(not associated),-53,1
9A:53:21:5B:FE:8D,NA,(not associated),-63,1
9A:5F:5E:B8:F7:0C,NA,(not associated),-61,1
9A:64:8F:6A:3E:5B,NA,(not associated),-53,1
9A:64:B4:86:C4:6F,NA,(not associated),-57,1
9A:6D:1D:EE:E4:26,NA,(not associated),-45,1
9A:6E:AC:44:BA:EF,NA,(not associated),-83,1
9A:71:64:97:D0:30,NA,(not associated),-59,1
9A:74:F9:B5:60:21,NA,(not associated),-57,1
9A:76:67:A9:F4:48,NA,(not associated),-61,1
9A:78:C4:CE:97:CB,NA,(not associated),-47,1
9A:7A:39:DE:A3:8F,NA,(not associated),-61,1
9A:81:70:FF:57:46,NA,(not associated),-39,1
9A:82:97:07:E5:F0,NA,(not associated),-59,1
9A:8A:39:3D:46:B8,NA,(not associated),-41,1
9A:8B:51:2C:DB:03,NA,(not associated),-65,1
9A:8C:8F:4C:A2:48,NA,(not associated),-65,1
9A:8C:96:58:00:48,NA,(not associated),-61,1
9A:8D:61:DC:A1:92,NA,(not associated),-55,1
9A:8E:F9:5A:8E:F4,NA,(not associated),-53,1
9A:90:32:06:C7:89,NA,(not associated),-41,1
9A:90:7F:62:96:B3,NA,(not associated),-65,1
9A:90:81:20:2C:2A,NA,(not associated),-45,1
9A:93:79:4C:C1:63,NA,(not associated),-61,1
9A:95:9D:2C:81:58,NA,(not associated),-43,1
9A:96:01:DB:BC:E7,NA,(not associated),-67,1
9A:9D:15:46:51:52,NA,(not associated),-61,1
9A:9E:3D:A7:F0:2B,NA,(not associated),-69,1
9A:A7:56:F2:09:EF,NA,(not associated),-55,1
9A:A9:3C:DC:39:3A,NA,(not associated),-65,1
9A:A9:FB:E1:64:1D,NA,(not associated),-63,1
9A:B4:28:4D:DD:23,NA,(not associated),-59,1
9A:B6:4A:DD:72:8D,NA,(not associated),-45,1
9A:B6:6C:1C:4D:E5,NA,(not associated),-53,1
9A:B9:74:FE:73:85,NA,(not associated),-51,1
9A:B9:9C:9C:6E:FA,NA,(not associated),-39,1
9A:BA:29:38:89:71,NA,(not associated),-59,1
9A:BC:F1:A6:AE:1E,NA,(not associated),-47,1
9A:CA:78:A4:4B:84,NA,(not associated),-39,1
9A:CC:EE:7D:40:55,NA,(not associated),-37,1
9A:CD:85:69:A9:B1,NA,(not associated),-63,1
9A:CD:98:AF:E0:DD,NA,(not associated),-55,1
9A:D2:3D:11:A4:55,NA,(not associated),-59,1
9A:D2:EC:1C:AE:DA,NA,(not associated),-69,1
9A:D4:FA:02:E3:43,NA,(not associated),-67,1
9A:D7:D0:7A:2C:8D,NA,(not associated),-65,1
9A:D9:05:DE:07:00,NA,(not associated),-61,1
9A:D9:85:C6:D7:91,NA,(not associated),-63,1
9A:DC:E3:90:21:39,NA,(not associated),-63,1
9A:DF:4A:5D:A9:15,NA,(not associated),-67,1
9A:DF:BD:62:1D:9A,NA,(not associated),-51,1
9A:E4:D6:0D:3B:EE,NA,(not associated),-59,1
9A:EA:19:35:04:A5,NA,(not associated),-81,1
9A:EF:25:39:D0:41,NA,(not associated),-51,1
9A:F1:9B:14:5C:63,NA,(not associated),-55,1
9A:F2:A2:D4:8E:4C,NA,(not associated),-67,1
9A:FA:46:D4:FC:EB,NA,(not associated),-63,1
9A:FD:1D:9A:C8:2E,NA,(not associated),-37,1
9E:01:46:3E:EF:4E,NA,(not associated),-67,1
9E:02:E1:8D:32:96,NA,(not associated),-59,1
9E:08:5C:20:35:FE,NA,(not associated),-43,1
9E:0A:C3:4E:C3:E1,NA,(not associated),-51,1
9E:0B:06:BD:FF:C7,NA,(not associated),-57,1
9E:11:6B:42:FB:C8,NA,(not associated),-63,1
9E:12:E8:29:68:61,NA,(not associated),-61,1
9E:13:AA:D7:28:AD,NA,(not associated),-39,1
9E:14:6D:AC:E9:82,NA,(not associated),-39,1
9E:17:7F:71:CC:70,NA,(not associated),-47,1
9E:17:D3:5E:2D:87,NA,(not associated),-63,1
9E:1A:CF:B2:B3:56,NA,(not associated),-39,1
9E:1C:43:EB:73:E1,NA,(not associated),-57,1
9E:23:31:8F:BF:F1,NA,(not associated),-55,1
9E:23:61:F5:05:91,NA,(not associated),-57,1
9E:25:0D:D5:3C:F7,NA,(not associated),-67,1
9E:28:5A:2B:08:FC,NA,(not associated),-69,1
9E:2A:36:85:D4:76,NA,(not associated),-59,1
9E:2B:70:B7:4C:C0,NA,(not associated),-45,1
9E:30:A4:B8:79:3B,NA,(not associated),-39,1
9E:32:45:6D:89:8A,NA,(not associated),-57,1
9E:35:AD:65:7C:14,NA,(not associated),-67,1
9E:36:95:1C:78:D4,NA,(not associated),-57,1
9E:3A:AF:2A:C0:CF,NA,(not associated),-59,1
9E:3B:1D:18:09:29,NA,(not associated),-55,1
9E:3C:4D:CE:D0:89,NA,(not associated),-61,1
9E:43:2A:2E:05:BC,NA,(not associated),-57,1
9E:4C:2A:01:70:B3,NA,(not associated),-65,1
9E:4C:6F:E1:6D:1D,NA,(not associated),-49,1
9E:4E:69:3E:BB:A4,NA,(not associated),-53,1
9E:54:C6:92:53:37,NA,(not associated),-61,1
9E:56:73:3E:9A:D2,NA,(not associated),-55,1
9E:57:3C:40:67:20,NA,(not associated),-53,1
9E:5A:FE:E7:40:BD,NA,(not associated),-55,1
9E:5D:A6:FC:D3:8A,NA,(not associated),-55,1
9E:5E:06:F3:C8:AF,NA,(not associated),-67,1
9E:5E:BB:BC:A0:EF,NA,(not associated),-35,1
9E:62:8E:06:48:7F,NA,(not associated),-61,1
9E:64:A6:6D:51:49,NA,(not associated),-63,1
9E:65:75:83:19:78,NA,(not associated),-57,1
9E:6B:54:9C:3E:22,NA,(not associated),-55,1
9E:6D:25:D0:7E:54,NA,(not associated),-51,1
9E:6F:4C:2D:D1:35,NA,(not associated),-41,1
9E:72:67:68:E6:BC,NA,(not associated),-63,1
9E:73:08:29:C1:33,NA,(not associated),-59,1
9E:74:2A:FA:35:9D,NA,(not associated),-49,1
9E:75:C9:03:DB:E9,NA,(not associated),-63,1
9E:78:44:05:46:01,NA,(not associated),-69,1
9E:7B:C0:4D:11:5A,NA,(not associated),-41,1
9E:7B:C1:7A:C0:E6,NA,(not associated),-41,1
9E:80:1B:08:69:7A,NA,(not associated),-39,1
9E:86:1D:1C:19:0B,NA,(not associated),-39,1
9E:86:81:DE:90:EA,NA,(not associated),-49,1
9E:89:60:F1:77:83,NA,(not associated),-57,1
9E:8C:2B:37:1A:AA,NA,(not associated),-39,1
9E:8C:FD:79:CC:E9,NA,(not associated),-41,1
9E:8F:AF:64:D4:E2,NA,(not associated),-63,1
9E:8F:CE:B2:88:D4,NA,(not associated),-67,1
9E:90:A0:11:5B:20,NA,(not associated),-67,1
9E:92:1E:30:BD:5E,NA,(not associated),-65,1
9E:92:BA:00:9E:2D,NA,(not associated),-53,1
9E:A0:E7:B2:21:FA,NA,(not associated),-41,1
9E:A4:48:9B:87:DF,NA,(not associated),-59,1
9E:A4:F9:BC:63:E9,NA,(not associated),-67,1
9E:A5:DC:4E:13:01,NA,(not associated),-41,1
9E:A8:77:03:DF:68,NA,(not associated),-39,1
9E:A8:77:3A:89:CD,NA,(not associated),-35,1
9E:A9:09:4D:61:8A,NA,(not associated),-61,1
9E:A9:1F:38:C3:28,NA,(not associated),-49,1
9E:AA:E6:FA:24:21,NA,(not associated),-51,1
9E:AB:FB:A1:3E:37,NA,(not associated),-63,1
9E:AD:44:7C:26:BE,NA,(not associated),-65,1
9E:B6:F1:3C:E9:A9,NA,(not associated),-79,1
9E:B9:ED:6D:80:87,NA,(not associated),-63,1
9E:BA:68:81:C3:2F,NA,(not associated),-61,1
9E:BB:51:7D:BE:05,NA,(not associated),-61,1
9E:BC:22:82:66:D9,NA,(not associated),-47,1
9E:BD:4D:34:6F:D5,NA,(not associated),-69,1
9E:BF:8E:BD:5A:1B,NA,(not associated),-69,1
9E:BF:D0:6C:73:B8,NA,(not associated),-63,1
9E:C0:7F:38:AF:44,NA,(not associated),-51,1
9E:C1:0C:7A:B5:CB,NA,(not associated),-39,1
9E:C3:2E:64:75:D5,NA,(not associated),-45,1
9E:C7:3D:32:FC:44,NA,(not associated),-33,1
9E:C8:E1:B2:B8:97,NA,(not associated),-65,1
9E:CB:B9:B3:C0:15,NA,(not associated),-65,1
9E:CC:73:64:7C:80,NA,(not associated),-63,1
9E:D2:01:68:2C:44,NA,(not associated),-65,1
9E:D4:99:2C:32:CA,NA,(not associated),-49,1
9E:D7:45:0E:92:2D,NA,(not associated),-41,1
9E:DE:57:D6:ED:85,NA,(not associated),-47,1
9E:E0:93:6E:00:17,NA,(not associated),-57,1
9E:E5:BE:B7:13:3C,NA,(not associated),-55,1
9E:E6:D7:CE:1D:3B,NA,(not associated),-67,1
9E:EE:A5:99:36:BB,NA,(not associated),-63,1
9E:EF:1E:24:DC:58,NA,(not associated),-55,1
9E:EF:93:D5:49:C1,NA,(not associated),-63,1
9E:EF:9E:D9:5E:E2,NA,(not associated),-51,1
9E:F2:A1:72:8C:C2,NA,(not associated),-51,1
9E:F2:CC:34:37:B2,NA,(not associated),-65,1
9E:F3:6C:7B:C0:94,NA,(not associated),-53,1
9E:F5:4A:3D:3E:1D,NA,(not associated),-59,1
9E:F5:54:2F:01:63,NA,(not associated),-53,1
9E:F9:A1:1A:1B:CE,NA,(not associated),-61,1
9E:FA:33:E7:7C:89,NA,(not associated),-51,1
9E:FB:D5:AC:10:CD,NA,(not associated),-63,1
9E:FD:DA:A7:54:5A,NA,(not associated),-39,1
A2:00:CD:42:00:4C,NA,(not associated),-67,1
A2:03:84:54:4C:29,NA,(not associated),-49,1
A2:04:4C:EF:62:25,NA,(not associated),-57,1
A2:09:F4:E3:8C:BE,NA,(not associated),-57,1
A2:0E:AF:17:C9:25,NA,(not associated),-59,1
A2:0F:9F:9E:AF:9B,NA,(not associated),-57,1
A2:10:7C:51:A8:1E,NA,(not associated),-71,1
A2:13:5F:84:16:80,NA,(not associated),-55,1
A2:1D:5E:E5:42:71,NA,(not associated),-67,1
A2:1E:B9:7C:C1:93,NA,(not associated),-53,1
A2:1F:B1:F3:84:EA,NA,(not associated),-51,1
A2:20:58:57:4F:8E,NA,(not associated),-47,1
A2:22:01:E7:85:E5,NA,(not associated),-63,1
A2:22:51:64:3C:D5,NA,(not associated),-39,1
A2:23:33:06:7D:C7,NA,(not associated),-69,1
A2:26:70:D3:44:D7,NA,(not associated),-39,1
A2:2A:4F:99:9D:E1,NA,(not associated),-39,1
A2:2A:5B:83:93:0E,NA,(not associated),-61,1
A2:2C:60:5C:9E:0A,NA,(not associated),-53,1
A2:2D:49:10:F6:43,NA,(not associated),-67,1
A2:2E:A0:A6:03:75,NA,(not associated),-45,1
A2:31:00:1D:C7:32,NA,(not associated),-55,1
A2:32:41:BD:57:E7,NA,(not associated),-43,1
A2:33:6D:57:CF:EF,NA,(not associated),-49,1
A2:35:5D:AD:DF:E7,NA,(not associated),-61,1
A2:37:EE:37:03:92,NA,(not associated),-67,1
A2:38:A3:81:70:C8,NA,(not associated),-67,1
A2:39:87:93:7F:9C,NA,(not associated),-41,1
A2:39:C5:C3:1E:6C,NA,(not associated),-55,1
A2:3C:13:50:E7:E3,NA,(not associated),-55,1
A2:3C:94:67:42:55,NA,(not associated),-51,1
A2:3D:7D:53:E9:CA,NA,(not associated),-67,1
A2:40:EB:72:80:03,NA,(not associated),-35,1
A2:42:A1:6A:EF:A6,NA,(not associated),-63,1
A2:44:33:0E:0B:86,NA,(not associated),-59,1
A2:50:F4:97:70:05,NA,(not associated),-63,1
A2:51:68:77:E0:B0,NA,(not associated),-67,1
A2:53:68:0A:65:C6,NA,(not associated),-59,1
A2:54:5B:A9:CB:35,NA,(not associated),-69,1
A2:55:AC:D3:0F:0F,NA,(not associated),-57,1
A2:5A:DE:C2:69:75,NA,(not associated),-61,1
A2:5D:01:ED:36:74,NA,(not associated),-63,1
A2:64:13:13:4F:9D,NA,(not associated),-59,1
A2:65:FA:C1:54:71,NA,(not associated),-71,1
A2:68:05:04:F5:7D,NA,(not associated),-69,1
A2:68:1C:B5:70:C9,NA,(not associated),-65,1
A2:6F:E4:0A:78:EA,NA,(not associated),-47,1
A2:72:E7:AD:76:08,NA,(not associated),-67,1
A2:73:68:81:ED:22,NA,(not associated),-59,1
A2:79:F4:73:5A:B6,NA,(not associated),-67,1
A2:7D:33:AA:92:22,NA,(not associated),-41,1
A2:84:EA:ED:BA:93,NA,(not associated),-67,1
A2:87:AD:B7:76:B2,NA,(not associated),-57,1
A2:8A:70:1B:08:0B,NA,(not associated),-43,1
A2:8D:FA:D8:BD:57,NA,(not associated),-55,1
A2:8E:47:32:E4:AE,NA,(not associated),-43,1
A2:91:C0:41:2F:0A,NA,(not associated),-67,1
A2:92:3E:00:9F:F3,NA,(not associated),-57,1
A2:92:AD:D5:25:13,NA,(not associated),-63,1
A2:92:EE:54:20:03,NA,(not associated),-53,1
A2:98:BC:61:D1:EF,NA,(not associated),-65,1
A2:9C:A2:FD:50:E0,NA,(not associated),-69,1
A2:9E:BF:6F:26:65,NA,(not associated),-41,1
A2:9F:48:F0:C8:2C,NA,(not associated),-61,1
A2:A1:80:65:8F:33,NA,(not associated),-67,1
A2:A3:BB:E4:D2:82,NA,(not associated),-63,1
A2:A4:FD:86:17:3A,NA,(not associated),-69,1
A2:A6:42:93:08:33,NA,(not associated),-63,1
A2:A7:51:F2:46:BF,NA,(not associated),-59,1
A2:A8:53:65:27:43,NA,(not associated),-55,1
A2:B2:38:99:87:18,NA,(not associated),-47,1
A2:B2:7E:9E:A0:92,NA,(not associated),-45,1
A2:B7:0A:34:BF:0E,NA,(not associated),-61,1
A2:B8:DB:2C:CA:17,NA,(not associated),-53,1
A2:BA:40:9F:3B:58,NA,(not associated),-51,1
A2:BB:6A:DE:21:EF,NA,(not associated),-59,1
A2:BB:AF:D1:30:A4,NA,(not associated),-37,1
A2:BC:B1:FA:97:8D,NA,(not associated),-39,1
A2:BD:2F:17:EC:0D,NA,(not associated),-55,1
A2:BE:14:3B:47:4A,NA,(not associated),-65,1
A2:BF:2B:02:FA:12,NA,(not associated),-67,1
A2:C1:21:BD:3D:E3,NA,(not associated),-59,1
A2:C2:94:A0:8C:57,NA,(not associated),-67,1
A2:C2:E4:CE:92:9A,NA,(not associated),-53,1
A2:C8:2A:4C:0C:CE,NA,(not associated),-63,1
A2:C8:E1:7B:36:66,NA,(not associated),-47,1
A2:CB:95:F8:58:EA,NA,(not associated),-63,1
A2:CC:2A:CF:BD:D3,NA,(not associated),-41,1
A2:CE:34:CB:BA:C5,NA,(not associated),-53,1
A2:D1:55:C8:42:37,NA,(not associated),-51,1
A2:D3:9A:73:7B:4D,NA,(not associated),-61,1
A2:D3:D3:A2:66:1A,NA,(not associated),-43,1
A2:D5:4E:45:1C:B6,NA,(not associated),-37,1
A2:D9:AE:35:A2:CB,NA,(not associated),-57,1
A2:E2:42:8C:ED:53,NA,(not associated),-59,1
A2:E8:87:30:F2:14,NA,(not associated),-49,1
A2:EB:DD:46:E4:53,NA,(not associated),-67,1
A2:EC:6D:32:44:B9,NA,(not associated),-67,1
A2:F8:D5:B9:F8:B0,NA,(not associated),-53,1
A2:F9:EB:FE:2D:08,NA,(not associated),-65,1
A2:FA:AC:73:6A:C9,NA,(not associated),-59,1
A2:FE:B8:4B:B5:F5,NA,(not associated),-63,1
A2:FF:0B:4B:AE:C2,NA,(not associated),-57,1
A4:02:B9:73:0B:FE,Intel Corporate,(not associated),-71,1
A4:02:B9:73:2C:83,Intel Corporate,(not associated),-69,1
A4:02:B9:73:2D:F0,Intel Corporate,(not associated),-77,1
A4:02:B9:73:81:24,Intel Corporate,(not associated),-71,1
A4:02:B9:76:34:46,Intel Corporate,(not associated),-81,1
A6:00:F2:9A:46:E2,NA,(not associated),-53,1
A6:01:88:EF:AD:E7,NA,(not associated),-63,1
A6:03:D9:BE:56:95,NA,(not associated),-59,1
A6:07:61:E3:36:34,NA,(not associated),-45,1
A6:08:4D:46:4E:1E,NA,(not associated),-67,1
A6:09:CF:46:73:AC,NA,(not associated),-57,1
A6:0B:0B:2B:6E:12,NA,(not associated),-67,1
A6:0D:C2:B1:84:E2,NA,(not associated),-33,1
A6:15:14:A2:E6:99,NA,(not associated),-41,1
A6:1A:E7:32:CD:1D,NA,(not associated),-67,1
A6:1D:00:53:3D:C4,NA,(not associated),-39,1
A6:1D:86:81:65:55,NA,(not associated),-73,1
A6:1D:AC:9C:37:63,NA,(not associated),-37,1
A6:25:DC:A7:61:E4,NA,(not associated),-59,1
A6:27:12:F3:B7:79,NA,(not associated),-65,1
A6:2A:A8:6C:51:11,NA,(not associated),-55,1
A6:32:CB:E3:16:3D,NA,(not associated),-57,1
A6:37:BB:A8:7A:7C,NA,(not associated),-63,1
A6:39:04:85:C9:33,NA,(not associated),-57,1
A6:3B:36:3E:4F:03,NA,(not associated),-67,1
A6:3C:13:45:76:65,NA,00:25:00:FF:94:73,-70,1
A6:3C:DE:72:49:AE,NA,(not associated),-39,1
A6:42:55:82:29:F6,NA,(not associated),-61,1
A6:43:E2:24:49:13,NA,(not associated),-57,1
A6:4C:2F:7E:69:F2,NA,(not associated),-59,1
A6:4F:92:2D:AA:29,NA,(not associated),-65,1
A6:50:F5:EE:99:FA,NA,(not associated),-51,1
A6:55:D6:EA:50:DB,NA,(not associated),-65,1
A6:56:E0:5E:37:A3,NA,(not associated),-59,1
A6:59:C8:FA:C9:42,NA,(not associated),-63,1
A6:59:D0:7E:B8:FC,NA,(not associated),-71,1
A6:5A:24:7B:32:70,NA,(not associated),-61,1
A6:5C:88:B7:12:AC,NA,(not associated),-57,1
A6:5D:34:71:6F:0B,NA,(not associated),-53,1
A6:60:C2:AB:5E:02,NA,(not associated),-45,1
A6:63:98:A2:2C:44,NA,(not associated),-59,1
A6:68:9F:FD:E5:F4,NA,(not associated),-63,1
A6:6E:8A:66:AA:AB,NA,(not associated),-47,1
A6:75:AC:C5:09:2C,NA,(not associated),-65,1
A6:7B:BA:7E:CC:82,NA,(not associated),-53,1
A6:7B:BD:59:56:E6,NA,(not associated),-55,1
A6:7C:7F:FE:DC:A1,NA,(not associated),-65,1
A6:7C:EF:21:6B:54,NA,(not associated),-59,1
A6:7D:D5:74:50:AC,NA,(not associated),-49,1
A6:7E:8F:1F:90:E6,NA,(not associated),-53,1
A6:7F:F4:19:CE:8C,NA,(not associated),-57,1
A6:80:1A:65:9A:DB,NA,(not associated),-73,1
A6:88:5C:AB:5C:D2,NA,(not associated),-67,1
A6:88:CA:8B:15:5B,NA,(not associated),-67,1
A6:8C:09:13:AA:FB,NA,(not associated),-59,1
A6:91:15:87:C7:6B,NA,(not associated),-57,1
A6:91:3F:39:05:09,NA,(not associated),-41,1
A6:94:75:7B:B6:8F,NA,(not associated),-61,1
A6:95:0E:C8:F5:11,NA,(not associated),-45,1
A6:96:18:EF:63:CD,NA,(not associated),-35,1
A6:9A:DE:FC:80:65,NA,(not associated),-67,1
A6:9A:E4:92:6E:6E,NA,(not associated),-45,1
A6:9B:55:CB:EF:4D,NA,(not associated),-63,1
A6:9B:98:DD:37:83,NA,(not associated),-61,1
A6:9E:EA:25:2D:E3,NA,(not associated),-61,1
A6:9F:C8:C2:32:90,NA,(not associated),-55,1
A6:A4:16:84:02:9F,NA,(not associated),-59,1
A6:A4:B9:D6:D4:03,NA,(not associated),-67,1
A6:A4:F4:A0:39:CB,NA,(not associated),-53,1
A6:A8:E8:C3:01:7E,NA,(not associated),-67,1
A6:A9:7F:31:39:6F,NA,(not associated),-51,1
A6:AF:AA:DA:25:C3,NA,(not associated),-61,1
A6:B1:43:32:28:FC,NA,(not associated),-71,1
A6:B2:11:5E:E0:61,NA,(not associated),-55,1
A6:B2:A1:A7:65:E6,NA,(not associated),-63,1
A6:B2:D1:04:B3:46,NA,(not associated),-47,1
A6:B3:B9:64:81:1E,NA,(not associated),-45,1
A6:B5:20:8C:CE:D1,NA,(not associated),-59,1
A6:B7:4A:AB:C3:82,NA,(not associated),-47,1
A6:B7:C3:0D:5C:65,NA,(not associated),-59,1
A6:BC:42:BA:A5:1C,NA,(not associated),-55,1
A6:BE:29:83:40:92,NA,(not associated),-35,1
A6:C1:35:2C:93:E4,NA,(not associated),-73,1
A6:C1:4E:94:0E:10,NA,(not associated),-51,1
A6:C3:2D:04:29:44,NA,(not associated),-53,1
A6:C3:B8:5C:F2:7F,NA,(not associated),-53,1
A6:C5:8D:72:FF:B9,NA,(not associated),-55,1
A6:C7:4C:62:8A:D3,NA,(not associated),-41,1
A6:C9:52:E0:0C:15,NA,(not associated),-49,1
A6:CF:C7:C6:1C:66,NA,(not associated),-61,1
A6:D0:EB:F2:A1:DA,NA,(not associated),-45,1
A6:D0:EE:A6:49:9B,NA,(not associated),-45,1
A6:D5:8F:F0:3E:E5,NA,(not associated),-49,1
A6:D8:1A:74:C5:9A,NA,(not associated),-53,1
A6:DC:0E:42:CF:6A,NA,(not associated),-65,1
A6:E0:27:69:08:71,NA,(not associated),-67,1
A6:E4:6C:2B:08:02,NA,(not associated),-39,1
A6:E4:90:67:CB:18,NA,(not associated),-49,1
A6:E4:E0:31:FE:96,NA,(not associated),-57,1
A6:E8:FC:37:9A:32,NA,(not associated),-55,1
A6:EC:8B:76:F3:EF,NA,(not associated),-35,1
A6:ED:AB:6F:2C:29,NA,(not associated),-63,1
A6:ED:FB:91:5F:BD,NA,(not associated),-65,1
A6:F3:D6:8F:CC:FE,NA,(not associated),-55,1
A6:F6:63:BD:F6:8D,NA,(not associated),-49,1
A6:F7:1E:F8:2F:AE,NA,(not associated),-41,1
A6:FB:20:B1:44:D4,NA,(not associated),-63,1
A6:FC:78:9D:B5:13,NA,(not associated),-47,1
A6:FF:0D:63:71:EA,NA,(not associated),-51,1
A6:FF:23:91:59:63,NA,(not associated),-61,1
AA:05:AE:7F:CD:78,NA,(not associated),-69,1
AA:07:F8:EB:5E:2B,NA,(not associated),-47,1
AA:0A:29:9E:05:B7,NA,(not associated),-45,1
AA:0A:FB:56:1D:E7,NA,(not associated),-65,1
AA:12:3C:2C:80:94,NA,(not associated),-80,1
AA:12:93:0F:01:1D,NA,(not associated),-57,1
AA:13:49:26:B5:DB,NA,(not associated),-61,1
AA:17:9F:EA:C6:72,NA,(not associated),-61,1
AA:19:2C:15:D3:B9,NA,(not associated),-55,1
AA:25:3A:DD:E3:31,NA,(not associated),-69,1
AA:28:1C:68:F7:2F,NA,(not associated),-59,1
AA:28:20:33:6B:57,NA,(not associated),-55,1
AA:28:A0:E9:80:F5,NA,(not associated),-59,1
AA:2A:90:CF:02:A6,NA,(not associated),-69,1
AA:2C:D8:5D:82:ED,NA,(not associated),-63,1
AA:2C:D9:26:36:27,NA,(not associated),-55,1
AA:2F:2D:0A:7B:61,NA,(not associated),-61,1
AA:30:7C:96:ED:95,NA,(not associated),-69,1
AA:30:F3:5E:22:9C,NA,(not associated),-55,1
AA:31:7C:1D:0D:F0,NA,(not associated),-65,1
AA:32:1F:FF:9E:DB,NA,(not associated),-59,1
AA:34:C6:D1:1A:29,NA,(not associated),-59,1
AA:38:7B:CA:D4:2A,NA,(not associated),-41,1
AA:38:CD:7C:E5:1D,NA,(not associated),-61,1
AA:3A:CB:7A:8B:AE,NA,(not associated),-59,1
AA:3D:C9:4C:14:A3,NA,(not associated),-39,1
AA:40:D3:52:59:AD,NA,(not associated),-37,1
AA:43:6D:B8:6F:2C,NA,(not associated),-61,1
AA:48:42:3F:64:73,NA,(not associated),-39,1
AA:49:AD:29:29:10,NA,(not associated),-59,1
AA:4B:7F:35:60:32,NA,(not associated),-55,1
AA:4D:DC:7F:19:CB,NA,(not associated),-65,1
AA:54:2C:2A:AD:53,NA,(not associated),-41,1
AA:57:2D:6F:69:7A,NA,(not associated),-59,1
AA:59:63:41:97:82,NA,(not associated),-57,1
AA:59:C9:93:C6:63,NA,(not associated),-65,1
AA:5A:0C:2B:23:5B,NA,(not associated),-35,1
AA:5A:EE:27:0C:0A,NA,(not associated),-59,1
AA:5D:B2:C0:F0:F3,NA,(not associated),-59,1
AA:5F:BF:CF:C1:F6,NA,(not associated),-47,1
AA:62:A8:8F:27:D3,NA,(not associated),-31,1
AA:66:68:E4:92:57,NA,(not associated),-67,1
AA:68:D6:1D:D5:CC,NA,(not associated),-67,1
AA:69:BC:BB:75:71,NA,(not associated),-63,1
AA:6A:93:87:1D:95,NA,(not associated),-57,1
AA:6F:02:1A:C6:F8,NA,(not associated),-45,1
AA:6F:94:A5:C6:35,NA,(not associated),-63,1
AA:74:16:1B:64:90,NA,(not associated),-41,1
AA:78:50:2B:52:4B,NA,(not associated),-71,1
AA:7C:17:66:EB:FF,NA,(not associated),-61,1
AA:7C:D1:36:41:BA,NA,(not associated),-55,1
AA:82:25:D9:6A:33,NA,(not associated),-55,1
AA:84:26:D2:4E:1B,NA,(not associated),-43,1
AA:8D:60:46:AD:BC,NA,(not associated),-63,1
AA:8E:94:BA:BE:C0,NA,(not associated),-39,1
AA:90:4A:E0:DB:15,NA,(not associated),-55,1
AA:93:A7:B6:F7:65,NA,(not associated),-69,1
AA:97:0D:DB:50:27,NA,(not associated),-47,1
AA:99:00:4D:B7:12,NA,(not associated),-35,1
AA:9C:6F:52:25:F0,NA,(not associated),-49,1
AA:9D:07:99:94:23,NA,(not associated),-53,1
AA:A3:CB:BB:48:77,NA,(not associated),-61,1
AA:A7:A8:B3:E9:B7,NA,(not associated),-65,1
AA:A8:B2:A9:93:B5,NA,(not associated),-61,1
AA:B2:D1:50:F2:AD,NA,(not associated),-57,1
AA:B3:3B:8C:AE:85,NA,(not associated),-61,1
AA:B4:07:CA:2D:A6,NA,(not associated),-41,1
AA:B4:B6:12:79:C1,NA,(not associated),-37,1
AA:BB:DF:FA:72:4D,NA,(not associated),-61,1
AA:BD:2D:F4:85:0D,NA,(not associated),-45,1
AA:C1:39:69:FB:A9,NA,(not associated),-65,1
AA:C4:0A:59:09:9E,NA,(not associated),-69,1
AA:D0:A3:2B:53:4C,NA,(not associated),-59,1
AA:D7:28:94:9E:F2,NA,(not associated),-37,1
AA:DA:C1:2B:6A:A3,NA,(not associated),-55,1
AA:DB:7B:77:EF:65,NA,(not associated),-71,1
AA:DC:12:AF:C9:A3,NA,(not associated),-53,1
AA:DF:99:9B:69:7A,NA,(not associated),-39,1
AA:DF:C9:39:4D:78,NA,(not associated),-61,1
AA:E8:81:41:AD:7E,NA,(not associated),-67,1
AA:EC:17:62:27:D6,NA,(not associated),-61,1
AA:EF:12:08:7C:9B,NA,(not associated),-47,1
AA:EF:FD:3A:AC:EF,NA,(not associated),-71,1
AA:F7:CD:F0:C5:D3,NA,(not associated),-69,1
AA:FB:69:EC:4C:98,NA,(not associated),-57,1
AA:FC:33:A8:D9:C7,NA,(not associated),-67,1
AA:FC:D5:0B:64:BD,NA,(not associated),-61,1
AA:FE:7A:7C:5A:FF,NA,(not associated),-67,1
AE:00:67:AD:E1:CB,NA,(not associated),-55,1
AE:03:21:23:12:48,NA,(not associated),-73,1
AE:03:58:F5:74:27,NA,(not associated),-61,1
AE:06:4F:02:3D:2B,NA,(not associated),-55,1
AE:15:BF:EC:DE:62,NA,(not associated),-57,1
AE:16:47:48:BD:BA,NA,(not associated),-67,1
AE:19:BD:8A:D2:09,NA,(not associated),-65,1
AE:1A:36:5D:0E:D6,NA,(not associated),-57,1
AE:1D:79:EE:39:A8,NA,(not associated),-69,1
AE:1E:ED:62:B2:9B,NA,(not associated),-57,1
AE:25:9E:88:BE:3F,NA,(not associated),-57,1
AE:28:A1:54:CA:6A,NA,(not associated),-61,1
AE:2C:14:E6:81:23,NA,(not associated),-63,1
AE:2C:62:57:5C:B9,NA,(not associated),-61,1
AE:2E:B5:6D:75:37,NA,(not associated),-43,1
AE:30:2E:89:C3:F8,NA,(not associated),-59,1
AE:30:9E:A8:61:B4,NA,(not associated),-47,1
AE:30:D9:4E:81:30,NA,(not associated),-51,1
AE:34:93:C5:99:4A,NA,(not associated),-57,1
AE:39:8E:40:6F:4D,NA,(not associated),-53,1
AE:3A:C4:08:0D:B6,NA,(not associated),-65,1
AE:40:55:AA:EF:BF,NA,(not associated),-51,1
AE:41:C6:C5:E6:54,NA,(not associated),-41,1
AE:42:7A:FE:F3:22,NA,(not associated),-43,1
AE:46:C3:2A:A3:EA,NA,(not associated),-49,1
AE:47:CC:92:20:F8,NA,(not associated),-47,1
AE:48:D4:85:10:16,NA,(not associated),-43,1
AE:4D:55:A6:7C:F4,NA,(not associated),-67,1
AE:4D:9B:56:72:56,NA,(not associated),-57,1
AE:50:E3:86:91:2B,NA,(not associated),-65,1
AE:52:0D:46:40:39,NA,(not associated),-63,1
AE:52:E1:3E:A3:BC,NA,(not associated),-63,1
AE:54:40:11:C1:6D,NA,(not associated),-59,1
AE:55:01:65:4B:BD,NA,(not associated),-63,1
AE:57:11:15:0C:4E,NA,(not associated),-53,1
AE:5D:42:8D:93:57,NA,(not associated),-55,1
AE:60:94:6A:AC:C4,NA,(not associated),-61,1
AE:61:A7:AE:96:E7,NA,(not associated),-55,1
AE:62:82:E8:8C:A9,NA,(not associated),-53,1
AE:62:EE:8A:72:BA,NA,(not associated),-55,1
AE:63:83:AB:1A:21,NA,(not associated),-59,1
AE:65:DA:DB:A0:E8,NA,(not associated),-59,1
AE:66:6B:B0:37:A1,NA,(not associated),-57,1
AE:6A:F3:E1:B0:A1,NA,(not associated),-57,1
AE:6B:8F:B5:8C:E8,NA,(not associated),-67,1
AE:6D:AE:65:0A:0B,NA,(not associated),-57,1
AE:6E:1E:DF:AE:21,NA,(not associated),-43,1
AE:72:BA:64:B4:58,NA,(not associated),-61,1
AE:73:56:48:6D:24,NA,(not associated),-65,1
AE:74:C4:01:BA:05,NA,(not associated),-61,1
AE:7F:77:AA:95:4F,NA,(not associated),-59,1
AE:82:EB:CF:21:D1,NA,(not associated),-59,1
AE:84:48:6F:0B:18,NA,(not associated),-57,1
AE:86:F2:F1:94:AE,NA,(not associated),-55,1
AE:89:D6:48:0B:EB,NA,(not associated),-59,1
AE:8B:10:A2:8B:AB,NA,(not associated),-57,1
AE:8D:91:88:56:51,NA,(not associated),-57,1
AE:93:10:CE:DB:9D,NA,(not associated),-55,1
AE:96:5B:78:A4:F7,NA,(not associated),-57,1
AE:98:2B:55:03:2F,NA,(not associated),-67,1
AE:9A:25:11:C3:5D,NA,(not associated),-43,1
AE:A0:CF:EE:AD:CD,NA,(not associated),-43,1
AE:AA:04:11:5E:6B,NA,(not associated),-45,1
AE:AA:AB:C1:5E:CB,NA,(not associated),-67,1
AE:AC:50:49:1D:E1,NA,(not associated),-39,1
AE:AD:C7:7C:3E:E8,NA,(not associated),-86,1
AE:AE:F4:8D:A0:8E,NA,(not associated),-53,1
AE:AF:06:02:97:10,NA,(not associated),-65,1
AE:AF:B8:89:98:90,NA,(not associated),-63,1
AE:B0:30:FD:47:CB,NA,(not associated),-37,1
AE:B1:67:D8:BD:A0,NA,(not associated),-65,1
AE:B3:95:77:DD:AB,NA,(not associated),-61,1
AE:B9:FE:A9:CC:C9,NA,(not associated),-65,1
AE:C1:E1:ED:42:E7,NA,(not associated),-65,1
AE:CD:2A:A7:B6:FF,NA,(not associated),-67,1
AE:D0:B7:35:61:0E,NA,(not associated),-55,1
AE:D8:04:DF:3C:5F,NA,(not associated),-63,1
AE:D9:07:BE:32:26,NA,(not associated),-57,1
AE:DB:DA:9F:3A:38,NA,(not associated),-69,1
AE:DE:53:1B:A1:93,NA,(not associated),-63,1
AE:DF:E7:64:EF:D6,NA,(not associated),-55,1
AE:E4:92:36:76:6B,NA,(not associated),-63,1
AE:E6:A8:39:B9:1E,NA,(not associated),-65,1
AE:E8:96:10:A7:19,NA,(not associated),-63,1
AE:EA:E8:56:B1:02,NA,(not associated),-61,1
AE:F5:C0:81:8A:4B,NA,(not associated),-55,1
AE:F6:07:71:98:46,NA,(not associated),-45,1
AE:F6:FD:AA:C0:1B,NA,(not associated),-49,1
AE:F9:F5:15:51:03,NA,(not associated),-65,1
AE:FE:89:09:66:05,NA,(not associated),-63,1
B2:01:1F:7F:9B:6F,NA,(not associated),-65,1
B2:01:4E:FD:EC:3E,NA,(not associated),-41,1
B2:02:0A:72:29:F1,NA,(not associated),-57,1
B2:02:FD:E0:F4:AC,NA,(not associated),-65,1
B2:05:0A:7C:ED:AE,NA,(not associated),-55,1
B2:05:61:4C:6E:F6,NA,(not associated),-39,1
B2:15:56:C7:89:64,NA,(not associated),-37,1
B2:15:FD:57:21:2B,NA,(not associated),-47,1
B2:17:51:3F:FB:C8,NA,(not associated),-67,1
B2:1E:D2:3D:C8:4B,NA,(not associated),-53,1
B2:1E:E7:B6:64:B5,NA,(not associated),-53,1
B2:26:70:64:B5:D8,NA,(not associated),-59,1
B2:27:A4:19:BF:82,NA,(not associated),-39,1
B2:29:75:44:E6:38,NA,(not associated),-63,1
B2:2A:6E:47:8C:54,NA,(not associated),-63,1
B2:2B:73:26:6A:37,NA,(not associated),-69,1
B2:2E:62:B7:29:A4,NA,(not associated),-55,1
B2:35:2C:3E:4B:94,NA,(not associated),-59,1
B2:36:DC:30:B5:DB,NA,(not associated),-55,1
B2:37:15:3A:8A:93,NA,(not associated),-55,1
B2:37:F4:0B:70:A3,NA,(not associated),-65,1
B2:3C:AB:1E:93:37,NA,(not associated),-55,1
B2:3D:7D:3C:A0:C3,NA,(not associated),-73,1
B2:3D:C9:A8:21:51,NA,(not associated),-61,1
B2:3F:47:08:0D:85,NA,(not associated),-63,1
B2:46:55:99:F7:F3,NA,(not associated),-65,1
B2:46:CA:82:36:13,NA,(not associated),-35,1
B2:4A:53:BC:31:1A,NA,(not associated),-57,1
B2:4B:9E:39:01:B1,NA,(not associated),-63,1
B2:4E:0A:93:A8:0F,NA,(not associated),-57,1
B2:4E:0E:45:30:23,NA,(not associated),-86,1
B2:4F:55:E5:59:D8,NA,(not associated),-55,1
B2:50:30:D2:45:3A,NA,(not associated),-69,1
B2:54:09:73:CA:6D,NA,(not associated),-49,1
B2:55:83:D6:40:7E,NA,(not associated),-45,1
B2:62:9C:CD:FA:03,NA,(not associated),-51,1
B2:67:BD:61:94:CE,NA,(not associated),-63,1
B2:6A:2B:C8:A6:C6,NA,(not associated),-55,1
B2:6A:AF:2A:D3:CB,NA,(not associated),-57,1
B2:6D:47:33:09:DF,NA,(not associated),-65,1
B2:6D:FE:6D:EC:59,NA,(not associated),-33,1
B2:6F:AF:50:C4:C3,NA,(not associated),-47,1
B2:6F:C5:C4:F5:26,NA,(not associated),-59,1
B2:71:D3:CD:4F:72,NA,(not associated),-61,1
B2:7B:C2:9F:2F:0C,NA,(not associated),-57,1
B2:7E:1B:29:F6:D1,NA,(not associated),-43,1
B2:7F:69:93:F8:BD,NA,(not associated),-61,1
B2:80:C0:8C:37:F5,NA,(not associated),-49,1
B2:81:7A:C8:B1:DF,NA,(not associated),-61,1
B2:8C:F4:69:BD:BC,NA,(not associated),-71,1
B2:8E:59:70:18:90,NA,(not associated),-57,1
B2:8E:89:D3:54:D3,NA,(not associated),-67,1
B2:91:34:30:DE:EE,NA,(not associated),-57,1
B2:95:98:A7:9A:44,NA,(not associated),-45,1
B2:95:A3:F5:0C:54,NA,(not associated),-63,1
B2:97:16:42:87:01,NA,(not associated),-57,1
B2:97:45:EA:9F:0B,NA,(not associated),-63,1
B2:98:5B:DE:95:B8,NA,(not associated),-61,1
B2:9D:DB:3C:83:A8,NA,(not associated),-67,1
B2:9F:7F:0C:76:10,NA,(not associated),-37,1
B2:A0:7C:30:2D:4D,NA,(not associated),-55,1
B2:A5:50:B0:F6:BD,NA,(not associated),-59,1
B2:A6:45:F6:7C:F5,NA,(not associated),-43,1
B2:A7:25:DF:5D:6B,NA,(not associated),-61,1
B2:AA:65:77:15:8B,NA,(not associated),-57,1
B2:B0:CA:19:8F:8D,NA,(not associated),-45,1
B2:B2:0E:78:6F:63,NA,(not associated),-63,1
B2:B4:5C:FA:E8:23,NA,(not associated),-57,1
B2:B6:58:AC:A5:1B,NA,(not associated),-63,1
B2:B6:9D:FA:CA:C8,NA,(not associated),-53,1
B2:BF:9A:4F:44:4E,NA,(not associated),-65,1
B2:C7:BB:E0:B9:DA,NA,(not associated),-65,1
B2:CA:97:97:4C:05,NA,(not associated),-51,1
B2:CB:14:F5:1E:D9,NA,(not associated),-45,1
B2:D0:03:BC:D5:95,NA,(not associated),-63,1
B2:D1:1B:FF:0B:82,NA,(not associated),-41,1
B2:D5:75:18:8B:C4,NA,(not associated),-63,1
B2:D5:A4:F6:57:76,NA,(not associated),-67,1
B2:D8:89:CE:E7:2E,NA,(not associated),-69,1
B2:D9:67:77:AF:36,NA,(not associated),-63,1
B2:E7:09:5E:D7:3A,NA,(not associated),-65,1
B2:EC:DB:2B:C7:D9,NA,(not associated),-61,1
B2:F2:45:C1:20:43,NA,(not associated),-57,1
B2:F6:5E:A3:6D:CF,NA,(not associated),-51,1
B2:F9:99:3C:AA:4A,NA,(not associated),-61,1
B2:FD:A4:F3:00:41,NA,(not associated),-51,1
B6:04:CA:D3:0A:B9,NA,(not associated),-61,1
B6:05:BE:F4:11:96,NA,(not associated),-43,1
B6:07:74:16:48:6B,NA,(not associated),-57,1
B6:08:93:C3:61:EB,NA,(not associated),-47,1
B6:09:07:BB:20:4E,NA,(not associated),-65,1
B6:0D:A1:26:37:AD,NA,(not associated),-61,1
B6:0D:AB:41:5A:8A,NA,(not associated),-51,1
B6:0E:E9:48:9A:67,NA,(not associated),-67,1
B6:0F:68:2A:D3:43,NA,(not associated),-59,1
B6:10:0C:30:6C:5F,NA,(not associated),-55,1
B6:10:C1:34:E4:43,NA,(not associated),-51,1
B6:13:2A:B5:21:BF,NA,(not associated),-41,1
B6:14:7D:B3:B4:B2,NA,(not associated),-61,1
B6:17:A7:03:8F:7D,NA,(not associated),-57,1
B6:18:34:73:B9:C5,NA,(not associated),-63,1
B6:1B:76:C6:54:42,NA,(not associated),-47,1
B6:20:05:85:4A:B0,NA,(not associated),-51,1
B6:20:15:1C:87:ED,NA,(not associated),-41,1
B6:21:2A:73:73:C7,NA,(not associated),-41,1
B6:25:87:78:AE:C9,NA,(not associated),-59,1
B6:26:06:5E:9B:38,NA,(not associated),-63,1
B6:27:84:7E:E5:20,NA,(not associated),-71,1
B6:29:C3:67:05:31,NA,(not associated),-55,1
B6:2A:3E:E6:9C:B4,NA,(not associated),-61,1
B6:2A:42:95:46:20,NA,(not associated),-61,1
B6:31:1E:0A:52:65,NA,(not associated),-51,1
B6:31:53:9A:BB:C6,NA,(not associated),-67,1
B6:34:68:A9:EE:2B,NA,(not associated),-61,1
B6:34:DB:F6:EE:22,NA,(not associated),-67,1
B6:35:14:13:77:F4,NA,(not associated),-69,1
B6:39:46:B1:AB:D6,NA,(not associated),-63,1
B6:3C:0A:59:50:23,NA,(not associated),-55,1
B6:3D:C3:84:3A:81,NA,(not associated),-55,1
B6:3E:1F:46:40:83,NA,(not associated),-57,1
B6:42:5C:22:98:FD,NA,(not associated),-51,1
B6:45:0C:C9:C8:CE,NA,(not associated),-65,1
B6:45:56:AB:95:4F,NA,(not associated),-47,1
B6:47:D3:06:43:21,NA,(not associated),-57,1
B6:49:3B:EB:CB:BC,NA,(not associated),-63,1
B6:4B:E2:51:5A:63,NA,(not associated),-51,1
B6:4C:48:41:7B:BC,NA,(not associated),-63,1
B6:4C:88:80:3A:4E,NA,(not associated),-59,1
B6:54:90:EB:A2:4A,NA,(not associated),-57,1
B6:54:AA:15:49:E4,NA,(not associated),-47,1
B6:55:39:41:96:96,NA,(not associated),-67,1
B6:55:DD:87:30:83,NA,(not associated),-53,1
B6:55:E3:63:0F:75,NA,(not associated),-57,1
B6:56:C4:EC:1A:E4,NA,(not associated),-61,1
B6:59:EF:5E:17:7A,NA,(not associated),-37,1
B6:5F:AD:55:AD:D8,NA,(not associated),-55,1
B6:62:C1:E7:D1:EE,NA,(not associated),-59,1
B6:6E:2B:07:07:43,NA,(not associated),-65,1
B6:72:EE:96:2E:82,NA,(not associated),-67,1
B6:74:F8:B4:C8:53,NA,(not associated),-55,1
B6:79:30:F3:4B:09,NA,(not associated),-55,1
B6:7A:94:D3:58:F6,NA,(not associated),-53,1
B6:7E:90:B1:C3:E7,NA,(not associated),-39,1
B6:7E:C8:03:76:C7,NA,(not associated),-67,1
B6:82:43:4C:1B:15,NA,(not associated),-57,1
B6:82:AE:5E:EE:35,NA,(not associated),-63,1
B6:88:44:01:1D:EF,NA,(not associated),-55,1
B6:89:01:9B:17:E9,NA,(not associated),-69,1
B6:8C:66:F8:66:29,NA,(not associated),-57,1
B6:93:5B:E8:3D:84,NA,(not associated),-41,1
B6:97:D9:78:31:BC,NA,(not associated),-63,1
B6:9C:4B:1A:2F:03,NA,(not associated),-57,1
B6:A3:E6:10:2C:AF,NA,(not associated),-63,1
B6:AA:B8:AB:D3:5E,NA,(not associated),-61,1
B6:B2:52:CF:CD:42,NA,(not associated),-57,1
B6:B9:FF:E0:24:91,NA,(not associated),-31,1
B6:BB:C0:01:31:B5,NA,(not associated),-57,1
B6:C0:30:65:54:F7,NA,(not associated),-59,1
B6:C0:AF:E8:BB:7A,NA,(not associated),-55,1
B6:C1:70:1A:19:B6,NA,(not associated),-53,1
B6:C1:81:70:3B:AD,NA,(not associated),-55,1
B6:C2:0D:B4:B4:47,NA,(not associated),-59,1
B6:C9:CC:00:81:01,NA,(not associated),-69,1
B6:CA:16:D0:AC:BE,NA,(not associated),-61,1
B6:CD:67:00:43:41,NA,(not associated),-69,1
B6:CD:F3:4E:87:2D,NA,(not associated),-63,1
B6:D1:8B:20:C2:C8,NA,(not associated),-45,1
B6:D4:7F:E7:7C:A0,NA,(not associated),-61,1
B6:D8:F5:D0:58:DC,NA,(not associated),-59,1
B6:DF:F9:CF:A9:6D,NA,(not associated),-49,1
B6:E0:C4:10:9D:49,NA,(not associated),-59,1
B6:E2:A2:CB:3B:86,NA,(not associated),-65,1
B6:E3:B6:89:9D:09,NA,(not associated),-59,1
B6:E7:E4:8F:68:2E,NA,(not associated),-63,1
B6:EA:17:F6:E3:4A,NA,(not associated),-77,1
B6:EF:38:31:2D:41,NA,(not associated),-35,1
B6:EF:D7:99:92:1D,NA,(not associated),-61,1
B6:F4:3D:76:72:E8,NA,(not associated),-69,1
B6:F4:DE:5F:7C:9F,NA,(not associated),-47,1
B6:F6:C1:98:FD:7C,NA,(not associated),-61,1
B6:F8:12:B3:5B:09,NA,(not associated),-63,1
B6:F9:15:4F:88:9B,NA,(not associated),-63,1
B6:FC:6E:6C:BE:15,NA,(not associated),-65,1
B6:FD:3C:59:32:64,NA,(not associated),-59,1
B6:FD:4D:FF:A5:C3,NA,(not associated),-35,1
BA:00:58:2F:21:D7,NA,(not associated),-49,1
BA:03:60:44:57:ED,NA,(not associated),-63,1
BA:03:F3:60:80:1E,NA,(not associated),-59,1
BA:04:AC:2C:7B:15,NA,(not associated),-53,1
BA:05:50:0B:C6:C2,NA,(not associated),-59,1
BA:05:6B:BD:13:38,NA,(not associated),-49,1
BA:05:D6:2F:AD:F1,NA,(not associated),-67,1
BA:07:9F:D4:72:F7,NA,(not associated),-67,1
BA:09:B9:59:B0:E9,NA,(not associated),-59,1
BA:0A:3D:E6:82:F9,NA,(not associated),-63,1
BA:0C:4A:E0:C0:AD,NA,(not associated),-53,1
BA:10:4F:7F:E8:1C,NA,(not associated),-55,1
BA:10:BE:4E:C5:BA,NA,(not associated),-33,1
BA:10:E8:07:9A:65,NA,(not associated),-69,1
BA:13:44:5F:25:33,NA,(not associated),-57,1
BA:14:5B:6D:B5:02,NA,(not associated),-65,1
BA:16:97:7E:7D:A9,NA,(not associated),-35,1
BA:1A:28:3F:2D:69,NA,(not associated),-53,1
BA:1A:F4:9E:00:2A,NA,(not associated),-41,1
BA:1D:6B:CB:9D:48,NA,(not associated),-63,1
BA:22:71:3B:52:73,NA,(not associated),-65,1
BA:24:09:90:4A:F3,NA,(not associated),-69,1
BA:27:20:68:34:87,NA,(not associated),-33,1
BA:29:E9:61:F2:42,NA,(not associated),-55,1
BA:2A:27:A6:0A:EA,NA,(not associated),-43,1
BA:2A:6E:01:31:49,NA,(not associated),-55,1
BA:2E:D2:1E:9E:D5,NA,(not associated),-49,1
BA:31:61:41:8A:7A,NA,(not associated),-59,1
BA:34:BC:E2:01:B4,NA,(not associated),-51,1
BA:39:18:67:66:18,NA,(not associated),-51,1
BA:39:26:AB:40:6D,NA,(not associated),-49,1
BA:3C:2C:2C:D8:B2,NA,(not associated),-61,1
BA:3D:B9:1D:10:AC,NA,(not associated),-61,1
BA:3E:3C:8E:1B:DF,NA,(not associated),-47,1
BA:3F:CE:2D:C4:15,NA,(not associated),-55,1
BA:46:85:56:41:43,NA,(not associated),-65,1
BA:46:A5:AA:3B:DF,NA,(not associated),-55,1
BA:4A:50:D3:54:D1,NA,(not associated),-57,1
BA:4B:28:AB:69:B9,NA,(not associated),-69,1
BA:4C:80:FC:7E:BF,NA,(not associated),-57,1
BA:4F:2B:93:D4:FD,NA,(not associated),-65,1
BA:54:B9:77:26:19,NA,(not associated),-59,1
BA:58:4E:87:54:7D,NA,(not associated),-65,1
BA:5F:79:ED:70:62,NA,(not associated),-37,1
BA:5F:93:35:8A:34,NA,(not associated),-55,1
BA:64:DA:2F:07:B6,NA,(not associated),-53,1
BA:68:C1:25:DE:A5,NA,(not associated),-71,1
BA:70:E2:86:79:8C,NA,(not associated),-61,1
BA:76:D1:95:A8:28,NA,(not associated),-63,1
BA:7B:72:A5:C7:87,NA,(not associated),-57,1
BA:7E:FE:45:0F:E6,NA,(not associated),-59,1
BA:7F:3F:32:E3:FF,NA,(not associated),-45,1
BA:83:81:A6:1D:06,NA,(not associated),-53,1
BA:85:9A:23:72:69,NA,(not associated),-67,1
BA:85:B4:17:28:05,NA,(not associated),-41,1
BA:85:B9:32:F8:E6,NA,(not associated),-51,1
BA:85:E9:BD:9B:88,NA,(not associated),-67,1
BA:88:A2:50:14:4D,NA,(not associated),-51,1
BA:8B:8C:4D:D0:6D,NA,(not associated),-51,1
BA:8D:0B:A8:97:0C,NA,(not associated),-39,1
BA:90:2A:D4:82:FB,NA,(not associated),-43,1
BA:90:5F:97:CE:AC,NA,(not associated),-53,1
BA:91:39:B9:75:5B,NA,(not associated),-69,1
BA:95:11:A2:B5:1D,NA,(not associated),-69,1
BA:9A:5D:E2:88:A0,NA,(not associated),-59,1
BA:9F:2F:01:3D:10,NA,(not associated),-65,1
BA:A2:0C:A5:FC:F4,NA,(not associated),-59,1
BA:A4:F4:C1:42:19,NA,(not associated),-59,1
BA:A5:5F:7D:F5:9D,NA,(not associated),-59,1
BA:A7:98:FB:42:41,NA,(not associated),-49,1
BA:A9:39:B1:D0:87,NA,(not associated),-41,1
BA:B0:1B:87:A0:08,NA,(not associated),-77,1
BA:B1:8D:E2:4B:8D,NA,(not associated),-57,1
BA:B5:69:6B:E7:73,NA,(not associated),-67,1
BA:B8:CF:56:00:5A,NA,(not associated),-69,1
BA:B9:5D:78:56:B6,NA,(not associated),-65,1
BA:B9:E0:AF:AB:C3,NA,(not associated),-67,1
BA:BC:23:96:40:D1,NA,(not associated),-59,1
BA:BE:59:07:25:8E,NA,(not associated),-63,1
BA:C1:AE:2D:98:2E,NA,(not associated),-61,1
BA:C3:50:7A:FF:4E,NA,(not associated),-59,1
BA:C3:6E:38:8D:CE,NA,(not associated),-37,1
BA:C5:58:F4:97:A2,NA,(not associated),-57,1
BA:C7:71:06:D7:8B,NA,(not associated),-61,1
BA:C9:C5:54:4D:F8,NA,(not associated),-41,1
BA:CA:87:BD:B3:16,NA,(not associated),-61,1
BA:CB:9B:C6:AE:5B,NA,(not associated),-55,1
BA:CB:AE:4B:99:B4,NA,(not associated),-43,1
BA:CD:BF:3C:A8:D3,NA,(not associated),-71,1
BA:CD:C2:74:39:50,NA,(not associated),-45,1
BA:CE:BB:56:E7:85,NA,(not associated),-55,1
BA:CF:D4:FD:B6:EA,NA,(not associated),-53,1
BA:D1:2A:FD:2E:A4,NA,(not associated),-59,1
BA:D8:A0:59:67:92,NA,(not associated),-61,1
BA:DB:B7:A0:AD:12,NA,(not associated),-43,1
BA:DB:E7:18:1A:A9,NA,(not associated),-63,1
BA:DC:49:15:79:B5,NA,(not associated),-55,1
BA:E1:5E:03:1A:58,NA,(not associated),-51,1
BA:E1:92:5B:7E:09,NA,(not associated),-63,1
BA:E2:32:8D:6D:63,NA,(not associated),-43,1
BA:E3:D2:04:94:BB,NA,(not associated),-55,1
BA:E4:12:16:F6:ED,NA,(not associated),-55,1
BA:EA:2D:1C:3C:7A,NA,(not associated),-55,1
BA:EA:53:11:EB:55,NA,(not associated),-49,1
BA:EA:80:43:C4:42,NA,(not associated),-65,1
BA:EF:14:5E:A5:74,NA,(not associated),-57,1
BA:F8:B2:2C:78:0E,NA,(not associated),-59,1
BA:F9:13:6A:53:52,NA,(not associated),-49,1
BA:F9:62:71:31:65,NA,(not associated),-65,1
BA:FC:76:92:EF:35,NA,(not associated),-67,1
BA:FC:C9:A6:9B:03,NA,(not associated),-63,1
BE:01:10:3D:24:AB,NA,(not associated),-63,1
BE:01:61:D4:C1:38,NA,(not associated),-61,1
BE:03:21:EB:47:FB,NA,(not associated),-57,1
BE:04:EF:44:95:C4,NA,(not associated),-51,1
BE:06:DB:F3:C5:48,NA,(not associated),-59,1
BE:0D:2F:80:AC:E1,NA,(not associated),-59,1
BE:0E:6D:71:41:CB,NA,(not associated),-65,1
BE:10:D9:D7:F2:89,NA,(not associated),-43,1
BE:12:F8:EE:88:AD,NA,(not associated),-45,1
BE:13:40:A1:49:4E,NA,(not associated),-55,1
BE:17:BC:21:C2:7B,NA,(not associated),-63,1
BE:19:20:F8:8D:56,NA,(not associated),-43,1
BE:1D:16:84:27:8C,NA,(not associated),-67,1
BE:21:34:47:64:33,NA,(not associated),-67,1
BE:21:AE:54:40:1C,NA,(not associated),-65,1
BE:22:EB:21:7E:8E,NA,(not associated),-57,1
BE:24:BB:48:7E:44,NA,(not associated),-61,1
BE:2A:FD:B7:F5:C5,NA,(not associated),-45,1
BE:2B:61:4C:D3:25,NA,(not associated),-61,1
BE:2D:51:61:7E:B0,NA,(not associated),-67,1
BE:2D:8F:25:5B:72,NA,(not associated),-37,1
BE:2D:9C:5F:B7:6A,NA,(not associated),-49,1
BE:31:8E:78:16:9E,NA,(not associated),-67,1
BE:32:2B:D4:68:02,NA,(not associated),-69,1
BE:35:87:7C:B3:83,NA,(not associated),-55,1
BE:37:29:94:B9:A9,NA,(not associated),-67,1
BE:38:2E:51:ED:07,NA,(not associated),-41,1
BE:39:87:72:9C:4F,NA,(not associated),-59,1
BE:3B:4A:5D:EA:8B,NA,(not associated),-61,1
BE:3D:47:CA:90:1D,NA,(not associated),-55,1
BE:40:71:D9:04:EA,NA,(not associated),-49,1
BE:44:1C:E3:13:46,NA,(not associated),-67,1
BE:45:7B:30:8B:4D,NA,(not associated),-51,1
BE:46:49:83:CF:32,NA,(not associated),-51,1
BE:47:F9:08:ED:80,NA,(not associated),-39,1
BE:49:99:28:FA:AD,NA,(not associated),-47,1
BE:50:8E:BF:F4:FA,NA,(not associated),-59,1
BE:51:08:08:5A:76,NA,(not associated),-63,1
BE:52:CD:2F:97:C6,NA,(not associated),-65,1
BE:53:38:01:34:02,NA,(not associated),-53,1
BE:56:90:5F:4E:B6,NA,(not associated),-67,1
BE:56:C7:59:B3:E9,NA,(not associated),-61,1
BE:5A:2B:A6:59:BA,NA,(not associated),-55,1
BE:5B:0A:E0:E9:B3,NA,(not associated),-69,1
BE:5F:56:F4:8B:2C,NA,(not associated),-53,1
BE:66:8B:7B:3F:7C,NA,(not associated),-49,1
BE:6C:23:0D:CB:15,NA,(not associated),-51,1
BE:6E:82:D1:4A:3E,NA,(not associated),-57,1
BE:77:A5:7D:69:E7,NA,(not associated),-67,1
BE:79:0C:A0:82:AA,NA,(not associated),-67,1
BE:79:D9:85:D5:26,NA,(not associated),-63,1
BE:7A:72:27:68:39,NA,(not associated),-59,1
BE:7B:5C:DA:22:24,NA,(not associated),-57,1
BE:7E:3B:BC:A2:4A,NA,(not associated),-67,1
BE:7F:51:CF:FC:DE,NA,(not associated),-61,1
BE:7F:BD:B4:8A:68,NA,(not associated),-63,1
BE:80:17:E2:25:9A,NA,(not associated),-63,1
BE:80:F1:81:18:53,NA,(not associated),-65,1
BE:82:F2:E9:C4:7B,NA,(not associated),-53,1
BE:83:61:FE:C4:23,NA,(not associated),-67,1
BE:86:97:D9:7B:13,NA,(not associated),-63,1
BE:86:AF:E3:94:5D,NA,(not associated),-65,1
BE:86:BA:88:BB:F8,NA,(not associated),-67,1
BE:8A:6F:C9:C2:B9,NA,(not associated),-53,1
BE:98:68:A7:B2:06,NA,(not associated),-65,1
BE:99:56:AD:A9:5A,NA,(not associated),-57,1
BE:9C:5A:D0:15:84,NA,(not associated),-65,1
BE:9D:1E:DB:5A:0D,NA,(not associated),-66,1
BE:9D:2C:12:BB:B5,NA,(not associated),-61,1
BE:9E:CA:04:B1:0B,NA,(not associated),-43,1
BE:A3:6F:8C:40:E0,NA,(not associated),-65,1
BE:A9:95:D9:47:64,NA,(not associated),-53,1
BE:AB:3F:06:DB:65,NA,(not associated),-53,1
BE:AD:7D:4A:B0:01,NA,(not associated),-57,1
BE:AD:8E:E6:45:95,NA,(not associated),-67,1
BE:B4:B8:32:9A:BD,NA,(not associated),-55,1
BE:B5:9C:58:1B:C6,NA,(not associated),-67,1
BE:BD:5E:DF:07:31,NA,(not associated),-61,1
BE:BD:BD:7C:BC:89,NA,(not associated),-69,1
BE:BF:09:D1:86:71,NA,(not associated),-45,1
BE:C0:51:79:44:B0,NA,(not associated),-63,1
BE:C0:CE:2B:41:E9,NA,(not associated),-57,1
BE:C5:98:88:35:78,NA,(not associated),-69,1
BE:CA:0F:6D:05:D4,NA,(not associated),-55,1
BE:CF:03:B7:74:2B,NA,(not associated),-63,1
BE:D0:D3:5F:B5:49,NA,(not associated),-67,1
BE:D6:39:C1:84:5D,NA,(not associated),-51,1
BE:D8:A7:F3:5E:50,NA,(not associated),-49,1
BE:DD:9D:8C:BE:6E,NA,(not associated),-35,1
BE:E0:C5:8C:8C:FC,NA,(not associated),-65,1
BE:E0:D1:A5:49:9E,NA,(not associated),-59,1
BE:E1:41:58:42:8E,NA,(not associated),-69,1
BE:E1:BC:75:7A:97,NA,(not associated),-59,1
BE:E8:26:59:CC:EE,NA,(not associated),-57,1
BE:EF:6D:D9:67:32,NA,(not associated),-57,1
BE:F3:02:00:93:4F,NA,(not associated),-57,1
BE:FC:B2:56:A0:8B,NA,(not associated),-51,1
BE:FD:C2:AB:DE:06,NA,(not associated),-55,1
C0:E4:34:FA:1D:1B,AzureWave Technology Inc.,(not associated),-69,1
C2:01:42:DD:D5:B5,NA,(not associated),-59,1
C2:03:13:98:8A:6E,NA,(not associated),-67,1
C2:04:6F:51:66:3B,NA,(not associated),-63,1
C2:05:7F:1C:96:BB,NA,(not associated),-63,1
C2:05:F7:E8:16:06,NA,(not associated),-59,1
C2:0E:1E:50:F4:2D,NA,(not associated),-55,1
C2:0F:31:31:3F:91,NA,(not associated),-61,1
C2:16:97:12:FB:55,NA,(not associated),-61,1
C2:1D:1E:3B:65:7F,NA,(not associated),-61,1
C2:1D:2C:C1:39:5B,NA,(not associated),-67,1
C2:1D:A8:A0:B9:73,NA,(not associated),-61,1
C2:20:E5:3D:56:EF,NA,(not associated),-55,1
C2:24:61:FC:B4:57,NA,(not associated),-63,1
C2:29:C2:89:A1:1C,NA,(not associated),-67,1
C2:2C:D9:B0:C7:5E,NA,(not associated),-61,1
C2:31:BF:69:64:96,NA,(not associated),-71,1
C2:32:62:FC:34:DA,NA,(not associated),-51,1
C2:34:36:30:6B:84,NA,(not associated),-65,1
C2:35:AC:6F:FC:9B,NA,(not associated),-61,1
C2:38:2A:29:DC:72,NA,(not associated),-57,1
C2:38:44:CC:B2:F6,NA,(not associated),-53,1
C2:3A:E8:21:B0:5E,NA,(not associated),-49,1
C2:3C:64:F5:32:9C,NA,(not associated),-67,1
C2:3D:72:CD:9A:30,NA,(not associated),-63,1
C2:3E:5E:25:E9:6C,NA,(not associated),-55,1
C2:3E:E6:1E:27:94,NA,(not associated),-73,1
C2:42:58:8D:2A:77,NA,(not associated),-67,1
C2:42:9C:96:AB:2E,NA,(not associated),-55,1
C2:43:CB:B5:1D:03,NA,(not associated),-57,1
C2:46:A6:DA:64:11,NA,(not associated),-43,1
C2:4A:E0:CE:6E:FC,NA,(not associated),-61,1
C2:51:38:A0:02:76,NA,(not associated),-55,1
C2:51:D8:08:39:D0,NA,(not associated),-65,1
C2:53:C1:1E:68:47,NA,(not associated),-51,1
C2:54:23:15:D1:EB,NA,(not associated),-53,1
C2:55:FA:48:B7:D9,NA,(not associated),-61,1
C2:56:5B:E8:D1:00,NA,(not associated),-47,1
C2:58:3E:0C:41:A7,NA,(not associated),-73,1
C2:5B:0B:02:39:B1,NA,(not associated),-88,1
C2:60:3B:F9:8A:86,NA,(not associated),-57,1
C2:65:51:5E:11:17,NA,(not associated),-55,1
C2:6A:35:92:94:5F,NA,(not associated),-67,1
C2:6C:0C:2E:59:CA,NA,(not associated),-51,1
C2:6C:1D:CF:3D:B7,NA,(not associated),-53,1
C2:70:34:DF:54:F9,NA,(not associated),-53,1
C2:70:73:15:6D:3F,NA,(not associated),-39,1
C2:71:FD:41:E7:E8,NA,(not associated),-51,1
C2:72:93:B9:8E:C4,NA,(not associated),-53,1
C2:73:6C:56:AA:19,NA,(not associated),-53,1
C2:78:31:1F:7D:02,NA,(not associated),-63,1
C2:7D:13:71:F3:1D,NA,(not associated),-63,1
C2:7D:76:E2:96:A8,NA,(not associated),-43,1
C2:7D:BB:8D:D4:D7,NA,(not associated),-67,1
C2:7E:7C:52:C4:FE,NA,(not associated),-59,1
C2:7E:AB:59:06:3D,NA,(not associated),-37,1
C2:7F:26:73:25:49,NA,(not associated),-45,1
C2:80:59:B2:DE:EE,NA,(not associated),-63,1
C2:86:7B:27:4F:3D,NA,(not associated),-35,1
C2:89:05:5E:12:F7,NA,(not associated),-55,1
C2:8A:89:F0:EB:CB,NA,(not associated),-69,1
C2:91:D9:33:F2:EA,NA,(not associated),-43,1
C2:93:FD:DB:8C:28,NA,(not associated),-55,1
C2:95:93:87:50:D8,NA,(not associated),-65,1
C2:96:7A:50:BC:84,NA,(not associated),-59,1
C2:99:71:5C:06:A9,NA,(not associated),-67,1
C2:99:83:A8:86:B8,NA,(not associated),-67,1
C2:9E:41:FB:0C:E5,NA,(not associated),-55,1
C2:9E:9F:D1:9E:44,NA,(not associated),-61,1
C2:AA:9E:9F:0F:63,NA,(not associated),-49,1
C2:AE:58:81:E2:6F,NA,(not associated),-43,1
C2:AF:FB:3A:8F:E1,NA,(not associated),-69,1
C2:B6:69:E4:96:96,NA,(not associated),-51,1
C2:B9:1F:A1:C7:83,NA,(not associated),-63,1
C2:BD:39:DA:2E:26,NA,(not associated),-63,1
C2:BD:74:C5:F9:8D,NA,(not associated),-39,1
C2:C1:82:1D:1F:1A,NA,(not associated),-65,1
C2:C5:03:AA:D7:B1,NA,(not associated),-59,1
C2:CD:2B:5B:D8:C6,NA,(not associated),-49,1
C2:CD:8A:57:64:C4,NA,(not associated),-67,1
C2:D1:0E:50:A8:3D,NA,(not associated),-69,1
C2:D3:01:AE:D1:AD,NA,(not associated),-57,1
C2:D5:6F:95:08:D0,NA,(not associated),-57,1
C2:D8:44:C2:BC:A6,NA,(not associated),-57,1
C2:DF:F9:D6:5B:8F,NA,(not associated),-47,1
C2:E1:2E:B7:AF:D0,NA,(not associated),-43,1
C2:E5:60:9F:45:1D,NA,(not associated),-59,1
C2:E7:AE:AD:4A:FF,NA,(not associated),-49,1
C2:EC:01:70:33:5D,NA,(not associated),-67,1
C2:EC:13:3B:86:56,NA,(not associated),-57,1
C2:ED:1C:24:6E:AE,NA,(not associated),-47,1
C2:FA:95:FF:5B:11,NA,(not associated),-57,1
C2:FA:A9:72:93:F8,NA,(not associated),-65,1
C2:FC:C6:A0:F0:54,NA,(not associated),-63,1
C6:01:31:71:5C:7F,NA,(not associated),-59,1
C6:03:9B:9B:CB:D2,NA,(not associated),-57,1
C6:03:DC:57:4B:DE,NA,(not associated),-53,1
C6:03:EE:F8:FF:A9,NA,(not associated),-67,1
C6:0E:E1:C8:50:1C,NA,(not associated),-69,1
C6:0E:F0:20:7F:0F,NA,(not associated),-67,1
C6:11:5B:68:9D:F2,NA,(not associated),-67,1
C6:11:E2:C1:74:8F,NA,(not associated),-67,1
C6:15:EB:00:C6:B8,NA,(not associated),-69,1
C6:18:4E:CC:BD:77,NA,(not associated),-45,1
C6:1E:E1:AB:87:52,NA,(not associated),-63,1
C6:23:63:58:C4:DB,NA,(not associated),-63,1
C6:27:F7:83:34:30,NA,(not associated),-57,1
C6:2B:01:D8:B5:6B,NA,(not associated),-61,1
C6:2D:EE:8D:5F:41,NA,(not associated),-61,1
C6:2E:78:7C:42:94,NA,(not associated),-61,1
C6:31:BE:E8:B6:3D,NA,(not associated),-41,1
C6:3F:69:12:FF:0A,NA,(not associated),-61,1
C6:48:28:40:B1:E4,NA,(not associated),-59,1
C6:49:32:FF:BB:B2,NA,(not associated),-59,1
C6:4C:80:CC:45:3C,NA,(not associated),-51,1
C6:4D:8B:06:5A:E4,NA,(not associated),-67,1
C6:4F:34:35:74:76,NA,(not associated),-59,1
C6:54:6E:2B:5A:97,NA,(not associated),-65,1
C6:59:7D:49:28:12,NA,(not associated),-59,1
C6:5B:2A:9B:E0:79,NA,(not associated),-55,1
C6:5C:18:46:94:ED,NA,(not associated),-61,1
C6:5C:F7:6D:B5:2D,NA,(not associated),-69,1
C6:60:A6:0E:AB:77,NA,(not associated),-57,1
C6:65:52:E9:33:F8,NA,(not associated),-49,1
C6:66:F8:A0:F6:15,NA,(not associated),-65,1
C6:68:86:A8:4D:CF,NA,(not associated),-63,1
C6:6C:38:51:95:52,NA,(not associated),-63,1
C6:6D:0E:41:5B:DA,NA,(not associated),-75,1
C6:6D:6C:E3:0F:CC,NA,(not associated),-69,1
C6:6F:AF:ED:6F:BB,NA,(not associated),-75,1
C6:72:6E:CD:6D:E2,NA,(not associated),-59,1
C6:76:87:0A:C5:C2,NA,(not associated),-69,1
C6:77:42:3D:34:D4,NA,(not associated),-65,1
C6:86:EB:93:27:F7,NA,(not associated),-35,1
C6:87:3A:87:B5:EE,NA,(not associated),-83,1
C6:87:C7:2D:5B:23,NA,(not associated),-57,1
C6:8B:FF:57:02:4D,NA,(not associated),-51,1
C6:8C:24:82:F3:3B,NA,(not associated),-59,1
C6:8C:67:38:8E:BB,NA,(not associated),-43,1
C6:91:82:09:05:EC,NA,(not associated),-55,1
C6:95:43:1D:02:6C,NA,(not associated),-57,1
C6:95:A7:77:87:29,NA,(not associated),-59,1
C6:97:8D:58:A6:FE,NA,(not associated),-47,1
C6:99:52:03:73:63,NA,(not associated),-47,1
C6:9A:1F:EA:31:ED,NA,(not associated),-69,1
C6:9D:FE:9A:AC:64,NA,(not associated),-67,1
C6:A0:0A:66:5F:95,NA,(not associated),-51,1
C6:A1:C3:C7:DE:E8,NA,(not associated),-65,1
C6:A2:9D:68:AC:98,NA,(not associated),-67,1
C6:A5:A2:B6:E6:35,NA,(not associated),-51,1
C6:A8:9E:68:B7:C4,NA,(not associated),-57,1
C6:A9:F4:E2:F8:42,NA,(not associated),-63,1
C6:AB:5C:66:3C:73,NA,(not associated),-65,1
C6:AB:8E:09:80:84,NA,(not associated),-55,1
C6:AE:14:18:D3:65,NA,(not associated),-47,1
C6:AE:23:03:75:B5,NA,(not associated),-63,1
C6:B0:98:F9:17:24,NA,(not associated),-55,1
C6:BC:F9:E4:D2:C2,NA,(not associated),-63,1
C6:BF:60:47:0F:84,NA,(not associated),-69,1
C6:C2:2C:B4:D0:4A,NA,(not associated),-45,1
C6:C6:F1:7D:CE:03,NA,(not associated),-57,1
C6:CE:1E:81:5C:0A,NA,(not associated),-63,1
C6:D0:90:22:28:1E,NA,(not associated),-69,1
C6:D1:4D:F7:4B:0D,NA,(not associated),-69,1
C6:D1:F3:08:1B:2A,NA,(not associated),-43,1
C6:D5:AF:72:A1:F4,NA,(not associated),-63,1
C6:DB:9C:41:E3:3C,NA,(not associated),-67,1
C6:E1:9D:A8:E6:BE,NA,(not associated),-41,1
C6:E3:1A:25:87:A2,NA,(not associated),-63,1
C6:E4:26:F5:05:07,NA,(not associated),-63,1
C6:E6:6A:C6:78:26,NA,(not associated),-65,1
C6:EB:8B:70:0C:17,NA,(not associated),-67,1
C6:EF:16:E1:6D:CB,NA,(not associated),-47,1
C6:F2:4D:04:D5:6F,NA,(not associated),-51,1
C6:F2:F3:B3:E7:55,NA,(not associated),-47,1
C6:FF:8D:6B:7F:21,NA,(not associated),-63,1
CA:06:D3:43:B2:E7,NA,(not associated),-53,1
CA:06:F7:6F:2D:DE,NA,(not associated),-69,1
CA:07:61:61:98:CD,NA,(not associated),-59,1
CA:09:B7:D4:8B:15,NA,(not associated),-73,1
CA:11:05:75:A5:CC,NA,(not associated),-47,1
CA:14:B0:A9:68:7F,NA,(not associated),-29,1
CA:15:60:EC:C7:99,NA,(not associated),-45,1
CA:15:E3:85:2C:B9,NA,(not associated),-47,1
CA:1B:63:FD:3E:3B,NA,(not associated),-37,1
CA:22:E0:62:6B:A0,NA,(not associated),-53,1
CA:27:6C:D3:F7:71,NA,(not associated),-55,1
CA:29:72:8D:12:A4,NA,(not associated),-67,1
CA:2D:18:81:7B:0D,NA,(not associated),-69,1
CA:2E:17:D6:19:27,NA,(not associated),-69,1
CA:2E:F9:E6:D3:D1,NA,(not associated),-61,1
CA:38:2F:BE:EE:9E,NA,(not associated),-51,1
CA:3E:26:A4:29:95,NA,(not associated),-57,1
CA:3E:A6:1D:BF:D1,NA,(not associated),-51,1
CA:40:85:FC:88:BB,NA,(not associated),-51,1
CA:41:60:BF:44:90,NA,(not associated),-55,1
CA:41:6A:21:44:AC,NA,(not associated),-43,1
CA:41:AA:29:CD:32,NA,(not associated),-67,1
CA:42:EF:41:06:3C,NA,(not associated),-61,1
CA:44:9B:61:E7:0F,NA,(not associated),-59,1
CA:45:8A:E2:94:A4,NA,(not associated),-59,1
CA:4A:3B:95:FE:8E,NA,(not associated),-61,1
CA:4D:BB:F9:3A:A0,NA,(not associated),-45,1
CA:4E:F1:8A:5D:39,NA,(not associated),-49,1
CA:52:4E:8C:32:29,NA,(not associated),-53,1
CA:52:D8:99:21:8F,NA,(not associated),-67,1
CA:52:E4:4B:3C:FE,NA,(not associated),-53,1
CA:55:2F:E1:1F:CD,NA,(not associated),-54,1
CA:55:9D:C9:CB:13,NA,(not associated),-37,1
CA:5C:20:B8:31:AF,NA,(not associated),-57,1
CA:5C:4D:A6:3E:16,NA,(not associated),-45,1
CA:5C:A5:4A:CB:7A,NA,(not associated),-55,1
CA:5C:B9:BC:B1:92,NA,(not associated),-53,1
CA:5D:FB:53:36:E7,NA,(not associated),-77,1
CA:5E:52:37:97:E8,NA,(not associated),-61,1
CA:5F:49:64:B4:08,NA,(not associated),-65,1
CA:62:11:8E:EE:BA,NA,(not associated),-53,1
CA:64:2D:F0:38:89,NA,(not associated),-53,1
CA:66:F1:2E:96:11,NA,(not associated),-61,1
CA:67:13:70:EE:A2,NA,(not associated),-65,1
CA:67:74:13:E6:09,NA,(not associated),-45,1
CA:67:CD:95:9B:8E,NA,(not associated),-63,1
CA:69:7C:AF:8A:E6,NA,(not associated),-69,1
CA:6A:B3:3A:35:60,NA,(not associated),-63,1
CA:6D:4D:9A:8D:18,NA,(not associated),-55,1
CA:6F:04:DE:FA:1B,NA,(not associated),-43,1
CA:6F:3C:08:13:70,NA,(not associated),-41,1
CA:77:70:B7:7F:22,NA,(not associated),-53,1
CA:7C:20:6C:D4:28,NA,(not associated),-63,1
CA:7F:E8:80:2E:0B,NA,(not associated),-69,1
CA:82:37:06:06:86,NA,(not associated),-55,1
CA:85:57:E3:AC:73,NA,(not associated),-49,1
CA:85:8A:66:EF:C7,NA,(not associated),-59,1
CA:85:C5:1A:87:49,NA,(not associated),-67,1
CA:87:62:E3:6B:B4,NA,(not associated),-59,1
CA:88:F3:43:26:8F,NA,(not associated),-65,1
CA:8B:51:71:A0:FB,NA,(not associated),-59,1
CA:8F:D1:15:CC:0B,NA,(not associated),-65,1
CA:91:47:5A:19:A8,NA,(not associated),-49,1
CA:91:CA:B0:ED:21,NA,(not associated),-67,1
CA:93:70:AC:DA:B3,NA,(not associated),-67,1
CA:96:72:D0:CF:12,NA,(not associated),-37,1
CA:99:12:66:C5:5B,NA,(not associated),-49,1
CA:99:56:93:7F:3F,NA,(not associated),-65,1
CA:9A:5C:D1:E4:3F,NA,(not associated),-51,1
CA:9A:DE:3D:9A:94,NA,(not associated),-63,1
CA:9D:DD:8E:C8:1D,NA,(not associated),-67,1
CA:A1:4C:8C:55:3D,NA,(not associated),-65,1
CA:A1:71:00:B5:6D,NA,(not associated),-43,1
CA:A2:E3:64:74:17,NA,(not associated),-63,1
CA:A8:60:73:8D:AF,NA,(not associated),-53,1
CA:A8:E0:61:AC:5E,NA,(not associated),-41,1
CA:AA:E9:B5:DF:9E,NA,(not associated),-65,1
CA:AE:22:DA:3C:DD,NA,(not associated),-61,1
CA:B0:94:47:57:A3,NA,(not associated),-67,1
CA:B2:8C:C9:93:E2,NA,(not associated),-43,1
CA:B2:FB:17:A1:B0,NA,(not associated),-43,1
CA:BD:2A:6A:C2:F9,NA,(not associated),-65,1
CA:BF:A6:36:AB:6A,NA,(not associated),-37,1
CA:C2:19:BF:9D:30,NA,(not associated),-73,1
CA:C4:91:1A:71:33,NA,(not associated),-67,1
CA:C4:E9:11:AC:3C,NA,(not associated),-53,1
CA:C8:17:F6:B6:E5,NA,(not associated),-55,1
CA:CB:4D:C6:58:EC,NA,(not associated),-61,1
CA:D0:E8:41:2D:EF,NA,(not associated),-41,1
CA:D4:B1:4A:05:8C,NA,(not associated),-45,1
CA:DA:75:0C:15:61,NA,(not associated),-67,1
CA:E0:26:48:2F:B4,NA,(not associated),-59,1
CA:E3:A8:3C:47:1C,NA,(not associated),-45,1
CA:E3:F6:38:98:40,NA,(not associated),-63,1
CA:E5:84:9C:2C:2F,NA,(not associated),-63,1
CA:E9:15:FC:A4:DA,NA,(not associated),-53,1
CA:EB:4B:DC:7F:5F,NA,(not associated),-67,1
CA:ED:C0:85:5B:FE,NA,(not associated),-61,1
CA:EF:22:71:E9:19,NA,(not associated),-67,1
CA:F0:80:61:35:35,NA,(not associated),-63,1
CA:F2:5B:F7:E8:05,NA,(not associated),-39,1
CA:F5:3D:4C:4E:73,NA,(not associated),-63,1
CA:FC:24:19:98:37,NA,(not associated),-63,1
CA:FF:25:8D:2D:22,NA,(not associated),-35,1
CA:FF:38:E4:4B:00,NA,(not associated),-63,1
CE:00:45:D8:14:8B,NA,(not associated),-47,1
CE:02:86:FF:4C:54,NA,(not associated),-57,1
CE:07:10:81:F9:98,NA,(not associated),-55,1
CE:0F:1A:9B:F0:B9,NA,(not associated),-57,1
CE:12:4E:18:98:4B,NA,(not associated),-59,1
CE:12:FC:AE:76:C0,NA,(not associated),-55,1
CE:1E:36:CB:CE:6C,NA,(not associated),-61,1
CE:1E:C8:7E:AB:A0,NA,(not associated),-69,1
CE:21:2A:C1:89:1B,NA,(not associated),-49,1
CE:22:12:BC:E5:7C,NA,CE:B3:FF:84:45:FC,-87,1
CE:2C:42:A4:79:9D,NA,(not associated),-63,1
CE:37:06:4F:4E:E4,NA,(not associated),-67,1
CE:3B:9A:39:47:57,NA,(not associated),-55,1
CE:3C:FE:48:0F:AC,NA,(not associated),-45,1
CE:3F:3F:09:D3:5C,NA,(not associated),-57,1
CE:41:37:E3:F8:04,NA,(not associated),-51,1
CE:42:D8:FE:ED:B1,NA,(not associated),-51,1
CE:44:27:CB:E8:B6,NA,(not associated),-55,1
CE:4A:7F:52:0C:7E,NA,(not associated),-39,1
CE:4C:4D:1C:05:8C,NA,(not associated),-43,1
CE:4C:CC:4C:D9:5D,NA,(not associated),-51,1
CE:4F:F4:5A:AC:7A,NA,(not associated),-51,1
CE:51:AD:41:22:5F,NA,(not associated),-67,1
CE:53:8E:0B:4A:A0,NA,(not associated),-61,1
CE:57:E8:81:BB:A1,NA,(not associated),-67,1
CE:57:FB:76:6D:19,NA,(not associated),-47,1
CE:58:96:EE:68:23,NA,(not associated),-57,1
CE:5A:28:46:23:F3,NA,(not associated),-53,1
CE:5C:8D:7C:A2:33,NA,(not associated),-65,1
CE:5F:EF:1F:07:E7,NA,(not associated),-63,1
CE:60:BE:74:E5:B6,NA,(not associated),-65,1
CE:61:CC:EC:6B:8F,NA,(not associated),-55,1
CE:62:3D:68:0B:B4,NA,(not associated),-59,1
CE:62:48:A2:44:41,NA,(not associated),-63,1
CE:68:D5:96:03:D9,NA,(not associated),-55,1
CE:6D:AB:06:C4:41,NA,(not associated),-53,1
CE:72:4A:43:D0:FD,NA,(not associated),-51,1
CE:73:53:47:0E:34,NA,(not associated),-55,1
CE:78:D0:3E:7F:44,NA,(not associated),-59,1
CE:7E:4D:7B:C6:CD,NA,(not associated),-61,1
CE:83:60:1C:77:D0,NA,(not associated),-55,1
CE:85:71:78:66:DA,NA,(not associated),-57,1
CE:86:AE:A4:EB:2D,NA,(not associated),-65,1
CE:87:47:26:1B:A5,NA,(not associated),-41,1
CE:89:42:A5:A8:10,NA,(not associated),-65,1
CE:8B:C6:25:F3:E5,NA,(not associated),-67,1
CE:8E:99:50:B4:B2,NA,(not associated),-53,1
CE:8F:08:A5:46:F4,NA,(not associated),-81,1
CE:8F:4A:05:AE:BD,NA,(not associated),-55,1
CE:93:E8:9C:C9:71,NA,(not associated),-69,1
CE:97:20:E4:40:18,NA,(not associated),-55,1
CE:98:4B:30:1C:AB,NA,(not associated),-39,1
CE:9A:CF:73:57:1E,NA,(not associated),-53,1
CE:9B:E6:7C:59:A9,NA,(not associated),-59,1
CE:A4:2D:4F:F5:11,NA,(not associated),-65,1
CE:A8:17:15:58:ED,NA,(not associated),-59,1
CE:A9:BC:4F:62:5C,NA,(not associated),-47,1
CE:AA:B1:A8:EC:41,NA,(not associated),-49,1
CE:AC:B2:E8:D5:F2,NA,(not associated),-55,1
CE:AD:A3:CB:F7:C3,NA,00:25:00:FF:94:73,-71,1
CE:AF:2A:DA:25:BF,NA,(not associated),-67,1
CE:B0:AA:CD:10:8A,NA,(not associated),-59,1
CE:B2:18:24:7B:7C,NA,(not associated),-37,1
CE:B2:E5:FE:DC:5E,NA,(not associated),-57,1
CE:B5:18:78:9A:85,NA,(not associated),-67,1
CE:B8:82:9B:4C:5A,NA,(not associated),-71,1
CE:BA:90:D1:E1:29,NA,(not associated),-35,1
CE:BB:24:BA:C1:06,NA,(not associated),-67,1
CE:BC:AE:04:83:49,NA,(not associated),-55,1
CE:C0:B0:37:9C:12,NA,(not associated),-45,1
CE:C1:76:3D:BF:18,NA,(not associated),-43,1
CE:C2:F8:49:B4:04,NA,(not associated),-73,1
CE:C3:5B:D2:9C:BF,NA,(not associated),-69,1
CE:C4:64:21:F0:C2,NA,(not associated),-65,1
CE:C5:11:5D:BA:11,NA,(not associated),-65,1
CE:C8:F5:B4:C8:85,NA,(not associated),-45,1
CE:CA:B8:11:66:89,NA,(not associated),-47,1
CE:CB:91:56:82:96,NA,(not associated),-59,1
CE:CD:FD:19:FB:B8,NA,(not associated),-69,1
CE:D3:1A:1F:BE:FD,NA,(not associated),-37,1
CE:D8:69:C0:A2:49,NA,(not associated),-73,1
CE:DB:77:09:8C:4D,NA,(not associated),-69,1
CE:DC:1A:E6:C7:95,NA,(not associated),-65,1
CE:DE:5D:0F:DB:F0,NA,(not associated),-65,1
CE:E0:2B:96:25:4C,NA,(not associated),-71,1
CE:E0:94:91:7D:7E,NA,(not associated),-55,1
CE:E2:31:F0:8E:23,NA,(not associated),-69,1
CE:E6:09:D1:0E:CC,NA,(not associated),-69,1
CE:E7:D0:07:99:65,NA,(not associated),-47,1
CE:EE:5B:F7:25:BF,NA,(not associated),-55,1
CE:EF:14:69:BD:D0,NA,(not associated),-63,1
CE:F2:F8:ED:67:12,NA,(not associated),-57,1
CE:F3:40:30:2A:F4,NA,(not associated),-61,1
CE:F3:B0:28:CC:5D,NA,(not associated),-59,1
CE:F5:54:E1:FC:4A,NA,(not associated),-63,1
CF:6E:3B:C3:A8:CF,NA,(not associated),-67,1
D2:02:C0:3F:24:1E,NA,(not associated),-55,1
D2:03:5B:E1:66:52,NA,(not associated),-47,1
D2:05:9F:33:8E:35,NA,(not associated),-49,1
D2:07:CA:93:4D:9E,NA,(not associated),-43,1
D2:08:80:CB:D6:9A,NA,(not associated),-39,1
D2:0F:11:99:BD:44,NA,(not associated),-65,1
D2:0F:8E:A3:A5:7C,NA,(not associated),-43,1
D2:15:18:91:F8:4F,NA,(not associated),-67,1
D2:16:9A:F5:70:9C,NA,(not associated),-53,1
D2:17:46:F7:70:F2,NA,(not associated),-61,1
D2:1B:1F:1C:E9:0C,NA,(not associated),-45,1
D2:1B:E0:1F:98:EB,NA,(not associated),-63,1
D2:1C:EC:6A:DA:B7,NA,(not associated),-61,1
D2:1D:94:C8:37:CD,NA,(not associated),-41,1
D2:1E:36:76:B8:68,NA,(not associated),-43,1
D2:21:15:9F:62:2D,NA,(not associated),-53,1
D2:27:B8:0A:8D:A7,NA,(not associated),-55,1
D2:27:B8:3D:E0:D0,NA,(not associated),-65,1
D2:28:F2:33:28:17,NA,(not associated),-53,1
D2:29:B7:E9:EE:8D,NA,(not associated),-53,1
D2:32:B2:EE:FE:E4,NA,(not associated),-59,1
D2:33:07:76:F3:1C,NA,(not associated),-63,1
D2:34:D6:52:C1:7E,NA,(not associated),-57,1
D2:39:88:B2:A2:52,NA,(not associated),-35,1
D2:3B:7A:0F:A7:62,NA,(not associated),-67,1
D2:3D:90:28:D5:C1,NA,(not associated),-61,1
D2:40:4E:DA:15:73,NA,(not associated),-67,1
D2:44:0A:7C:43:C0,NA,(not associated),-41,1
D2:49:6E:28:5B:72,NA,(not associated),-55,1
D2:49:C0:D0:9E:3E,NA,(not associated),-67,1
D2:4E:05:17:05:DC,NA,(not associated),-65,1
D2:4F:F5:31:89:0F,NA,(not associated),-47,1
D2:50:04:AB:1C:26,NA,(not associated),-61,1
D2:53:85:B6:4B:E3,NA,(not associated),-59,1
D2:54:EC:56:4A:07,NA,(not associated),-49,1
D2:5B:43:7A:44:69,NA,(not associated),-61,1
D2:5C:59:9F:B9:5A,NA,(not associated),-47,1
D2:67:45:58:85:1A,NA,(not associated),-61,1
D2:69:42:B1:7D:07,NA,(not associated),-59,1
D2:6A:83:8C:EA:C5,NA,(not associated),-41,1
D2:6A:98:9C:E3:83,NA,(not associated),-35,1
D2:6A:F8:72:37:01,NA,(not associated),-35,1
D2:6B:7C:16:D8:FB,NA,(not associated),-59,1
D2:6F:8F:D0:67:D6,NA,(not associated),-51,1
D2:72:47:18:D6:D7,NA,(not associated),-59,1
D2:72:BC:F1:C1:02,NA,(not associated),-49,1
D2:73:F2:12:84:02,NA,(not associated),-53,1
D2:74:B0:14:4D:0E,NA,(not associated),-57,1
D2:7C:9C:EE:DC:8C,NA,(not associated),-61,1
D2:7E:E8:C8:07:5A,NA,(not associated),-67,1
D2:7F:67:12:C3:9F,NA,(not associated),-57,1
D2:86:BB:0D:15:E7,NA,(not associated),-59,1
D2:87:40:AE:8C:F9,NA,(not associated),-35,1
D2:87:C1:15:BF:72,NA,(not associated),-53,1
D2:89:46:C7:FD:CE,NA,(not associated),-51,1
D2:8A:32:C2:D9:B8,NA,(not associated),-63,1
D2:8A:96:F4:3B:97,NA,(not associated),-63,1
D2:8B:B5:23:DC:9D,NA,(not associated),-67,1
D2:8C:67:A0:BF:1C,NA,(not associated),-57,1
D2:8E:31:B0:2D:0B,NA,(not associated),-65,1
D2:90:B5:52:7D:2E,NA,(not associated),-59,1
D2:93:61:B0:31:0B,NA,(not associated),-53,1
D2:93:8A:18:94:26,NA,(not associated),-57,1
D2:97:18:01:66:6E,NA,(not associated),-43,1
D2:98:86:9A:07:8F,NA,(not associated),-69,1
D2:9B:7D:6A:65:7F,NA,(not associated),-57,1
D2:9B:BD:EE:7C:E9,NA,(not associated),-55,1
D2:9C:D6:4E:A3:61,NA,(not associated),-57,1
D2:A1:5E:49:B4:18,NA,(not associated),-53,1
D2:A3:31:BB:B4:5B,NA,(not associated),-59,1
D2:A8:0B:DD:E2:81,NA,(not associated),-41,1
D2:A9:32:39:C9:7F,NA,(not associated),-67,1
D2:A9:BF:AB:24:D2,NA,(not associated),-59,1
D2:AB:56:11:1A:EF,NA,(not associated),-37,1
D2:AB:F5:38:E8:98,NA,(not associated),-61,1
D2:AE:E6:65:27:7D,NA,(not associated),-55,1
D2:AE:FE:F2:56:05,NA,(not associated),-61,1
D2:B2:CD:61:93:2F,NA,(not associated),-61,1
D2:BB:CD:01:18:04,NA,(not associated),-59,1
D2:CD:24:09:A1:66,NA,(not associated),-33,1
D2:CE:B2:56:2D:B6,NA,(not associated),-67,1
D2:CF:1A:C6:3F:AD,NA,(not associated),-73,1
D2:D4:33:45:41:5F,NA,(not associated),-73,1
D2:D6:5F:80:F5:58,NA,(not associated),-61,1
D2:D8:2E:7E:24:0F,NA,(not associated),-43,1
D2:D8:E6:17:B7:40,NA,(not associated),-71,1
D2:E0:8B:6B:59:45,NA,(not associated),-71,1
D2:E0:D4:18:E3:2A,NA,(not associated),-63,1
D2:E4:24:B4:BF:9E,NA,(not associated),-57,1
D2:E5:10:46:AF:6A,NA,(not associated),-71,1
D2:E5:2C:11:E5:2F,NA,(not associated),-53,1
D2:E6:4B:BD:22:50,NA,(not associated),-55,1
D2:EA:16:3E:62:45,NA,(not associated),-59,1
D2:EC:66:F4:CD:D3,NA,(not associated),-61,1
D2:EC:A2:34:28:14,NA,(not associated),-63,1
D2:ED:68:65:41:A5,NA,(not associated),-51,1
D2:F3:74:8F:F4:BD,NA,(not associated),-65,1
D2:F4:A0:3D:A1:BB,NA,(not associated),-71,1
D2:F6:AC:56:12:30,NA,(not associated),-65,1
D2:F8:47:1D:02:5D,NA,(not associated),-67,1
D2:F8:F9:35:2E:E3,NA,(not associated),-51,1
D2:FD:76:22:3B:9E,NA,(not associated),-43,1
D6:00:0E:B1:A4:CF,NA,(not associated),-55,1
D6:03:95:61:60:5A,NA,(not associated),-61,1
D6:06:7E:64:6F:0F,NA,(not associated),-55,1
D6:07:A6:19:B2:25,NA,(not associated),-55,1
D6:0B:DD:D0:2D:5F,NA,(not associated),-41,1
D6:0D:44:0F:51:73,NA,(not associated),-59,1
D6:0E:96:87:1B:63,NA,(not associated),-49,1
D6:10:17:23:11:24,NA,(not associated),-59,1
D6:12:B8:84:13:11,NA,(not associated),-67,1
D6:15:D7:2E:B6:C5,NA,(not associated),-65,1
D6:1D:A4:8F:FE:9D,NA,(not associated),-41,1
D6:1E:BF:6D:6A:03,NA,(not associated),-63,1
D6:21:9A:D3:05:8A,NA,(not associated),-57,1
D6:21:EC:FB:4E:DD,NA,(not associated),-73,1
D6:28:5B:BB:E8:23,NA,(not associated),-67,1
D6:2C:A0:C6:19:4A,NA,(not associated),-65,1
D6:2E:48:AE:02:F8,NA,(not associated),-55,1
D6:2E:71:7E:91:9A,NA,(not associated),-53,1
D6:32:C1:77:65:27,NA,(not associated),-65,1
D6:37:71:9A:0A:87,NA,(not associated),-57,1
D6:3B:FD:FA:C7:48,NA,(not associated),-53,1
D6:3C:2D:06:55:AB,NA,(not associated),-63,1
D6:41:CC:1E:3D:04,NA,(not associated),-45,1
D6:41:EF:AD:61:C9,NA,(not associated),-65,1
D6:42:24:A6:DC:D4,NA,(not associated),-74,1
D6:42:7E:58:11:03,NA,(not associated),-59,1
D6:46:A8:39:EC:D4,NA,(not associated),-67,1
D6:47:1A:51:DA:FA,NA,(not associated),-57,1
D6:47:B4:AD:D6:6A,NA,(not associated),-65,1
D6:4A:35:16:F8:D1,NA,(not associated),-63,1
D6:4C:3F:BF:71:57,NA,(not associated),-51,1
D6:4E:0E:21:28:0A,NA,(not associated),-59,1
D6:4E:F9:11:E1:44,NA,(not associated),-51,1
D6:4F:6F:F6:88:1C,NA,(not associated),-67,1
D6:50:92:2E:BA:71,NA,(not associated),-39,1
D6:50:D9:AE:2E:B2,NA,(not associated),-43,1
D6:5B:7D:68:14:89,NA,(not associated),-71,1
D6:5F:79:37:0A:01,NA,02:67:F1:B0:6C:98,-67,1
D6:61:9E:39:61:2D,NA,(not associated),-69,1
D6:61:D2:F0:FB:4D,NA,(not associated),-67,1
D6:67:B8:74:CD:19,NA,(not associated),-53,1
D6:69:86:79:0F:3A,NA,(not associated),-45,1
D6:6C:2B:CC:6D:C0,NA,(not associated),-37,1
D6:6E:68:8C:1D:78,NA,(not associated),-53,1
D6:70:04:A8:68:2D,NA,(not associated),-67,1
D6:70:7B:F5:20:9F,NA,(not associated),-47,1
D6:70:A3:DB:85:E8,NA,(not associated),-35,1
D6:70:A7:05:BA:88,NA,(not associated),-57,1
D6:73:BA:4E:7B:4C,NA,(not associated),-65,1
D6:77:E4:64:23:E1,NA,(not associated),-51,1
D6:7D:5D:84:60:7C,NA,(not associated),-57,1
D6:7E:E4:EC:8E:6F,NA,(not associated),-61,1
D6:80:15:EF:C2:96,NA,(not associated),-49,1
D6:86:54:B7:DE:A9,NA,(not associated),-55,1
D6:88:3A:82:6D:77,NA,(not associated),-65,1
D6:88:4D:F9:C6:B5,NA,(not associated),-69,1
D6:88:6A:B4:CC:45,NA,(not associated),-61,1
D6:89:CF:97:34:30,NA,(not associated),-55,1
D6:8A:93:C4:C2:E4,NA,(not associated),-65,1
D6:8F:FF:D1:3D:08,NA,(not associated),-51,1
D6:90:B5:7D:E0:65,NA,(not associated),-51,1
D6:92:84:CD:3C:12,NA,(not associated),-65,1
D6:98:D2:CC:A3:3B,NA,(not associated),-63,1
D6:9C:DF:69:91:4A,NA,(not associated),-55,1
D6:9E:B9:F8:FF:E3,NA,(not associated),-69,1
D6:9F:20:15:78:4B,NA,(not associated),-69,1
D6:9F:3F:0A:24:42,NA,(not associated),-33,1
D6:A0:E4:BE:BC:B6,NA,(not associated),-67,1
D6:A2:B4:34:95:29,NA,(not associated),-51,1
D6:A8:1D:00:3E:1B,NA,(not associated),-39,1
D6:A9:6A:EE:C1:2A,NA,(not associated),-69,1
D6:AB:BA:8A:33:4B,NA,(not associated),-53,1
D6:AF:F0:50:1E:CB,NA,(not associated),-63,1
D6:B3:7A:22:A3:23,NA,(not associated),-69,1
D6:B4:E1:A2:72:D3,NA,(not associated),-53,1
D6:B5:43:33:AE:9C,NA,(not associated),-57,1
D6:B6:C4:0C:BC:5A,NA,(not associated),-45,1
D6:B8:68:D1:72:E7,NA,(not associated),-45,1
D6:B8:ED:35:B9:B0,NA,(not associated),-67,1
D6:BA:2F:CF:C5:FB,NA,(not associated),-69,1
D6:BE:0F:1F:E2:F6,NA,(not associated),-49,1
D6:C5:79:A5:F0:0C,NA,(not associated),-61,1
D6:C5:D4:39:B9:10,NA,(not associated),-57,1
D6:CF:60:39:6B:AB,NA,(not associated),-57,1
D6:D0:42:0E:5C:92,NA,(not associated),-65,1
D6:D7:45:1B:5E:C9,NA,(not associated),-67,1
D6:D7:E6:E6:B9:57,NA,(not associated),-59,1
D6:D9:17:71:EF:22,NA,(not associated),-55,1
D6:DA:CF:AC:43:48,NA,(not associated),-69,1
D6:E3:EC:A6:3D:AC,NA,(not associated),-63,1
D6:E5:24:7A:AE:05,NA,(not associated),-63,1
D6:E9:68:E0:69:2A,NA,(not associated),-67,1
D6:EA:DA:DA:E6:5C,NA,(not associated),-61,1
D6:EC:D1:8B:FE:52,NA,(not associated),-65,1
D6:F3:A9:BA:C2:D5,NA,(not associated),-61,1
D6:F8:92:25:C7:54,NA,(not associated),-67,1
D6:F8:BB:DA:2D:95,NA,(not associated),-57,1
DA:00:28:81:88:D8,NA,(not associated),-61,1
DA:00:C8:9B:B6:43,NA,(not associated),-65,1
DA:02:FF:C9:2F:0F,NA,(not associated),-41,1
DA:04:C9:63:C4:54,NA,(not associated),-65,1
DA:05:AE:1C:54:26,NA,(not associated),-49,1
DA:06:C7:5A:DF:75,NA,(not associated),-51,1
DA:0C:90:6E:E6:66,NA,(not associated),-57,1
DA:0D:7F:4A:F0:D7,NA,(not associated),-61,1
DA:11:28:B8:B1:7C,NA,(not associated),-59,1
DA:11:DC:70:87:2C,NA,(not associated),-67,1
DA:13:BF:02:C9:EB,NA,(not associated),-55,1
DA:14:1D:6C:C8:50,NA,(not associated),-45,1
DA:14:39:C9:80:4C,NA,(not associated),-63,1
DA:17:48:28:A6:B8,NA,(not associated),-59,1
DA:18:84:5C:7F:E4,NA,(not associated),-59,1
DA:19:D9:40:F8:A0,NA,(not associated),-67,1
DA:1E:97:A8:51:7C,NA,(not associated),-51,1
DA:1F:25:10:9A:BE,NA,(not associated),-45,1
DA:20:F8:91:B8:D2,NA,(not associated),-61,1
DA:22:9E:0B:F1:EF,NA,(not associated),-39,1
DA:23:F5:41:CA:7E,NA,(not associated),-65,1
DA:24:A5:3D:B5:A9,NA,(not associated),-63,1
DA:28:B4:6B:DC:EE,NA,(not associated),-55,1
DA:28:D6:2D:5D:7F,NA,(not associated),-65,1
DA:31:1C:A6:96:70,NA,(not associated),-43,1
DA:31:52:9F:1C:29,NA,(not associated),-53,1
DA:33:9D:D9:6E:B5,NA,(not associated),-53,1
DA:35:1F:5E:C4:98,NA,(not associated),-63,1
DA:36:FE:04:15:0C,NA,(not associated),-65,1
DA:38:19:43:84:5F,NA,(not associated),-31,1
DA:38:B1:FD:F5:BF,NA,(not associated),-65,1
DA:39:5F:91:30:40,NA,(not associated),-43,1
DA:3A:E2:F1:9A:60,NA,(not associated),-51,1
DA:3B:4A:0D:79:C5,NA,(not associated),-51,1
DA:3D:32:1B:C0:B5,NA,(not associated),-69,1
DA:42:3B:55:AB:40,NA,(not associated),-57,1
DA:43:D4:2A:64:0A,NA,(not associated),-61,1
DA:47:D9:B0:AD:87,NA,(not associated),-47,1
DA:48:DC:2A:F4:32,NA,(not associated),-67,1
DA:4B:89:B7:6D:0D,NA,(not associated),-41,1
DA:4C:3E:82:97:BA,NA,(not associated),-43,1
DA:4D:1E:14:7C:06,NA,(not associated),-61,1
DA:4E:40:3E:CB:55,NA,(not associated),-67,1
DA:4E:EA:20:97:22,NA,(not associated),-57,1
DA:53:07:35:70:5A,NA,(not associated),-63,1
DA:53:72:8A:EB:4A,NA,(not associated),-71,1
DA:55:C8:47:5D:9A,NA,(not associated),-65,1
DA:57:C5:A1:AD:19,NA,(not associated),-43,1
DA:5A:72:C7:FE:AC,NA,(not associated),-51,1
DA:5B:1F:6F:38:AD,NA,(not associated),-67,1
DA:5B:80:E0:70:76,NA,(not associated),-53,1
DA:5F:C3:8D:93:BF,NA,(not associated),-85,1
DA:61:E2:D9:73:BA,NA,(not associated),-53,1
DA:63:BD:F2:23:D4,NA,(not associated),-59,1
DA:63:BE:9F:6B:01,NA,(not associated),-51,1
DA:65:80:22:E6:0B,NA,(not associated),-53,1
DA:69:1C:39:A2:EA,NA,(not associated),-47,1
DA:70:61:BD:03:17,NA,(not associated),-61,1
DA:71:F2:11:E1:8B,NA,(not associated),-59,1
DA:74:01:DE:51:49,NA,(not associated),-67,1
DA:76:F4:4D:9C:CB,NA,(not associated),-57,1
DA:7A:77:D4:B9:4A,NA,(not associated),-61,1
DA:7B:E8:A8:C9:C8,NA,(not associated),-67,1
DA:81:17:20:51:D4,NA,(not associated),-55,1
DA:89:84:DB:67:49,NA,(not associated),-61,1
DA:8A:F2:2C:96:4C,NA,(not associated),-61,1
DA:92:91:77:58:76,NA,(not associated),-71,1
DA:94:7D:F5:E6:B4,NA,(not associated),-63,1
DA:95:DE:D1:FF:4D,NA,(not associated),-63,1
DA:98:C8:54:CA:13,NA,(not associated),-73,1
DA:9B:E0:3F:5A:6F,NA,(not associated),-53,1
DA:9F:BE:F5:00:A8,NA,(not associated),-39,1
DA:A0:AC:0B:C6:8D,NA,(not associated),-45,1
DA:A1:19:01:85:98,NA,(not associated),-63,1
DA:A1:19:4C:64:49,NA,(not associated),-59,1
DA:A1:19:4E:22:55,NA,(not associated),-59,1
DA:A1:19:67:37:87,NA,(not associated),-67,1
DA:A1:19:B1:AE:65,NA,(not associated),-63,1
DA:A1:19:CE:12:C6,NA,(not associated),-82,1
DA:A1:19:F2:9C:64,NA,(not associated),-71,1
DA:A1:19:FA:9A:62,NA,(not associated),-87,1
DA:A1:19:FC:11:31,NA,(not associated),-69,1
DA:A3:83:C7:3A:D1,NA,(not associated),-63,1
DA:A3:A0:AF:60:49,NA,(not associated),-67,1
DA:A5:E5:E4:D7:B0,NA,(not associated),-59,1
DA:B1:69:AB:E4:18,NA,(not associated),-63,1
DA:B9:AD:1A:0F:98,NA,(not associated),-43,1
DA:BC:99:4D:41:A3,NA,(not associated),-65,1
DA:BE:B8:AB:02:7A,NA,(not associated),-67,1
DA:BF:94:76:98:B8,NA,(not associated),-65,1
DA:BF:BC:A9:FB:30,NA,(not associated),-63,1
DA:C0:72:61:4D:DD,NA,(not associated),-61,1
DA:C0:F3:63:9C:47,NA,(not associated),-61,1
DA:C0:FA:19:1F:3A,NA,(not associated),-61,1
DA:C6:FE:FD:8D:05,NA,(not associated),-84,1
DA:C8:D0:EF:C2:0C,NA,(not associated),-67,1
DA:C8:E9:BE:DA:AD,NA,(not associated),-67,1
DA:CB:05:8A:94:77,NA,(not associated),-45,1
DA:CE:A9:49:CE:02,NA,(not associated),-63,1
DA:CF:F2:6D:0B:89,NA,(not associated),-51,1
DA:D0:45:C1:75:E0,NA,(not associated),-39,1
DA:D4:70:5D:47:6F,NA,(not associated),-51,1
DA:D7:B8:B4:0D:DD,NA,(not associated),-61,1
DA:D8:D8:6B:53:E6,NA,(not associated),-67,1
DA:D9:74:A7:97:9E,NA,(not associated),-47,1
DA:D9:7E:AF:30:58,NA,(not associated),-63,1
DA:DA:B4:89:F0:6D,NA,(not associated),-61,1
DA:DB:C9:A5:5A:C2,NA,(not associated),-63,1
DA:E0:83:01:18:F9,NA,(not associated),-65,1
DA:E1:1C:C3:DB:89,NA,(not associated),-61,1
DA:E5:23:60:D9:C5,NA,(not associated),-55,1
DA:E7:29:A1:91:20,NA,(not associated),-63,1
DA:E9:3C:AC:B7:A3,NA,(not associated),-61,1
DA:EB:95:B6:FC:3E,NA,(not associated),-43,1
DA:EF:F4:9B:87:1C,NA,(not associated),-47,1
DA:F0:AA:7F:E1:62,NA,(not associated),-63,1
DA:F6:E9:DF:BA:BD,NA,(not associated),-65,1
DA:F7:3D:74:C6:2F,NA,(not associated),-55,1
DA:F7:A1:DB:FC:33,NA,(not associated),-37,1
DA:FA:C8:2B:3D:76,NA,(not associated),-63,1
DA:FB:7D:5D:2D:D9,NA,(not associated),-49,1
DE:01:89:C6:1D:0E,NA,(not associated),-49,1
DE:01:C1:66:7B:AA,NA,(not associated),-61,1
DE:04:CA:05:9C:BB,NA,(not associated),-59,1
DE:04:EB:6C:AA:E1,NA,(not associated),-57,1
DE:05:1B:45:DC:54,NA,(not associated),-67,1
DE:06:BE:0B:32:81,NA,(not associated),-65,1
DE:08:47:45:11:75,NA,(not associated),-51,1
DE:08:E9:76:4C:7F,NA,(not associated),-67,1
DE:0A:16:91:7D:29,NA,(not associated),-67,1
DE:0A:8D:A4:68:2E,NA,(not associated),-43,1
DE:0E:19:5E:11:88,NA,(not associated),-61,1
DE:0F:F7:DD:06:E7,NA,(not associated),-37,1
DE:13:00:A2:A6:7A,NA,(not associated),-51,1
DE:16:20:06:82:54,NA,(not associated),-49,1
DE:16:BF:6F:2D:8B,NA,(not associated),-63,1
DE:1C:1B:0E:12:7F,NA,(not associated),-51,1
DE:1D:64:42:84:0F,NA,(not associated),-63,1
DE:1F:5D:02:8D:06,NA,(not associated),-39,1
DE:27:4D:70:D6:58,NA,(not associated),-57,1
DE:2A:3F:E9:90:97,NA,(not associated),-63,1
DE:2C:34:F6:D8:10,NA,(not associated),-55,1
DE:33:9B:90:2C:77,NA,(not associated),-57,1
DE:33:AB:13:95:0C,NA,(not associated),-69,1
DE:36:62:9E:78:38,NA,(not associated),-63,1
DE:39:DA:48:02:D2,NA,(not associated),-69,1
DE:3C:F2:2D:84:58,NA,(not associated),-45,1
DE:3F:AA:6D:32:BB,NA,(not associated),-63,1
DE:43:1D:11:4B:3D,NA,(not associated),-65,1
DE:54:A9:3E:23:EC,NA,(not associated),-41,1
DE:5D:94:C2:75:37,NA,(not associated),-43,1
DE:5E:76:3F:43:D4,NA,(not associated),-55,1
DE:62:9A:BC:70:D1,NA,(not associated),-63,1
DE:6E:60:FA:5E:15,NA,(not associated),-55,1
DE:6F:1E:55:7C:C5,NA,(not associated),-37,1
DE:78:2E:D6:7A:32,NA,(not associated),-55,1
DE:7A:97:AB:2D:AE,NA,(not associated),-53,1
DE:7D:D1:7D:0A:20,NA,(not associated),-53,1
DE:80:F7:6E:3C:24,NA,(not associated),-39,1
DE:85:1D:C0:41:35,NA,(not associated),-37,1
DE:8B:D6:1F:10:55,NA,(not associated),-59,1
DE:8F:F1:A8:E0:EB,NA,(not associated),-63,1
DE:94:7B:66:D2:87,NA,(not associated),-47,1
DE:95:A2:F5:6C:EA,NA,(not associated),-51,1
DE:95:BC:11:BC:43,NA,(not associated),-57,1
DE:95:BD:03:C5:61,NA,(not associated),-65,1
DE:96:03:C9:09:3C,NA,(not associated),-63,1
DE:9C:8F:93:5D:0C,NA,(not associated),-63,1
DE:9D:37:E1:AB:34,NA,(not associated),-39,1
DE:A0:59:3B:B5:44,NA,(not associated),-65,1
DE:A0:B7:4F:54:D8,NA,(not associated),-49,1
DE:A1:4E:E8:A7:39,NA,(not associated),-65,1
DE:A1:71:34:0D:AE,NA,(not associated),-63,1
DE:A4:DB:46:ED:A5,NA,(not associated),-69,1
DE:A6:65:B4:89:88,NA,(not associated),-45,1
DE:A8:96:45:F5:DE,NA,(not associated),-45,1
DE:A9:43:4D:1E:21,NA,(not associated),-59,1
DE:AA:10:19:FA:7B,NA,(not associated),-57,1
DE:AC:9B:1D:9C:4F,NA,(not associated),-39,1
DE:AC:BD:15:76:63,NA,(not associated),-53,1
DE:AF:5F:D6:C5:CF,NA,(not associated),-55,1
DE:B1:BE:D1:DE:20,NA,(not associated),-47,1
DE:B2:08:20:96:E5,NA,(not associated),-61,1
DE:B3:11:04:A2:80,NA,(not associated),-65,1
DE:B5:41:FD:AA:20,NA,(not associated),-61,1
DE:B7:72:B8:B7:80,NA,(not associated),-67,1
DE:C7:28:7F:23:BC,NA,(not associated),-55,1
DE:CB:EE:5F:57:5D,NA,(not associated),-65,1
DE:CE:A7:F4:20:D0,NA,(not associated),-45,1
DE:D6:2F:E1:93:22,NA,(not associated),-63,1
DE:D8:4A:2D:37:F8,NA,(not associated),-43,1
DE:E4:59:14:A1:BD,NA,(not associated),-61,1
DE:E7:19:20:91:A2,NA,(not associated),-53,1
DE:EB:75:0F:8D:36,NA,(not associated),-37,1
DE:EC:1D:26:1A:89,NA,(not associated),-39,1
DE:F0:8F:F7:A3:9A,NA,(not associated),-45,1
DE:F4:F4:6B:EF:54,NA,(not associated),-59,1
DE:F9:E7:5C:BF:56,NA,(not associated),-41,1
DE:FB:4F:9D:E6:C7,NA,(not associated),-61,1
DE:FE:39:95:0F:71,NA,00:25:00:FF:94:73,-84,1
DE:FF:AC:8F:DF:75,NA,(not associated),-45,1
E2:06:AF:59:38:F6,NA,(not associated),-47,1
E2:07:52:8E:86:19,NA,(not associated),-55,1
E2:0A:64:E0:38:D3,NA,(not associated),-65,1
E2:0C:76:C9:BA:66,NA,(not associated),-61,1
E2:0D:F1:05:C5:A6,NA,(not associated),-49,1
E2:0F:00:4F:F8:26,NA,(not associated),-61,1
E2:0F:F3:DE:66:26,NA,(not associated),-37,1
E2:10:50:C8:BE:6E,NA,(not associated),-51,1
E2:10:E1:0A:27:36,NA,(not associated),-59,1
E2:11:5C:09:BB:0D,NA,(not associated),-49,1
E2:13:41:C3:C4:7D,NA,(not associated),-73,1
E2:13:CA:D3:66:02,NA,(not associated),-45,1
E2:14:05:38:CC:AA,NA,(not associated),-61,1
E2:14:05:42:34:17,NA,(not associated),-45,1
E2:14:D3:21:EC:27,NA,(not associated),-63,1
E2:15:1E:9C:DB:8E,NA,(not associated),-45,1
E2:18:51:1F:BC:F4,NA,(not associated),-53,1
E2:1A:EE:08:92:F0,NA,(not associated),-51,1
E2:1E:A1:6A:EE:86,NA,(not associated),-51,1
E2:1F:78:99:B3:EE,NA,(not associated),-35,1
E2:1F:A0:E5:A7:78,NA,(not associated),-67,1
E2:23:18:8C:5B:3B,NA,(not associated),-67,1
E2:27:4E:CA:64:93,NA,(not associated),-61,1
E2:28:3F:A1:55:95,NA,(not associated),-61,1
E2:2A:E5:95:86:48,NA,(not associated),-65,1
E2:2B:1B:10:D0:EB,NA,(not associated),-61,1
E2:2C:A6:3A:CB:34,NA,(not associated),-65,1
E2:2F:19:C9:1F:C2,NA,(not associated),-53,1
E2:3E:79:DB:9F:DF,NA,(not associated),-39,1
E2:3E:EA:04:7B:2B,NA,(not associated),-65,1
E2:44:BB:A7:1F:31,NA,(not associated),-37,1
E2:45:BE:AE:E8:B3,NA,(not associated),-55,1
E2:47:68:F5:85:E4,NA,(not associated),-65,1
E2:47:B7:D2:B7:84,NA,(not associated),-49,1
E2:4A:97:B6:F7:E3,NA,(not associated),-47,1
E2:4B:2F:B1:80:0C,NA,(not associated),-65,1
E2:4E:C3:79:C3:C3,NA,(not associated),-63,1
E2:53:7B:0D:C9:5D,NA,(not associated),-51,1
E2:55:91:8B:EE:4E,NA,(not associated),-77,1
E2:5C:F5:3C:0D:8C,NA,(not associated),-45,1
E2:5D:71:AA:58:59,NA,(not associated),-53,1
E2:5F:E2:2A:06:B2,NA,(not associated),-65,1
E2:60:96:1B:0B:D9,NA,(not associated),-27,1
E2:66:69:CC:BC:FA,NA,(not associated),-57,1
E2:68:A9:82:8D:EB,NA,(not associated),-59,1
E2:6A:B9:17:D7:96,NA,(not associated),-59,1
E2:6B:A4:D1:5F:F7,NA,(not associated),-63,1
E2:6B:A6:D3:B5:B3,NA,(not associated),-39,1
E2:6D:D0:C1:97:BB,NA,(not associated),-57,1
E2:72:63:DC:93:AE,NA,(not associated),-63,1
E2:72:AE:7B:EA:3F,NA,(not associated),-57,1
E2:73:40:DC:09:B6,NA,(not associated),-51,1
E2:79:41:D8:69:82,NA,(not associated),-59,1
E2:7C:72:FE:F3:E1,NA,(not associated),-55,1
E2:7E:66:FF:15:67,NA,(not associated),-53,1
E2:84:FF:16:2A:C6,NA,(not associated),-57,1
E2:85:E1:FB:50:DC,NA,(not associated),-51,1
E2:86:3F:E8:DF:AC,NA,(not associated),-45,1
E2:91:AC:D4:5F:0B,NA,(not associated),-67,1
E2:93:44:AB:C0:1E,NA,(not associated),-63,1
E2:93:91:79:20:26,NA,(not associated),-53,1
E2:94:CD:52:E0:1E,NA,(not associated),-57,1
E2:95:7A:0F:10:F6,NA,(not associated),-53,1
E2:96:6D:54:89:72,NA,(not associated),-43,1
E2:99:B4:F5:E4:2C,NA,(not associated),-39,1
E2:9A:3B:52:DF:10,NA,(not associated),-55,1
E2:9A:5F:F8:FE:77,NA,(not associated),-63,1
E2:9B:36:18:5C:29,NA,(not associated),-61,1
E2:9F:2F:A0:8A:5A,NA,(not associated),-65,1
E2:9F:81:84:F8:3B,NA,(not associated),-45,1
E2:A3:C1:BB:4E:1B,NA,(not associated),-51,1
E2:A5:98:85:2D:9F,NA,(not associated),-53,1
E2:A6:05:B3:DE:91,NA,(not associated),-65,1
E2:A6:EC:F1:ED:AE,NA,(not associated),-63,1
E2:A7:CC:E7:77:5A,NA,(not associated),-41,1
E2:AB:7A:FF:38:21,NA,(not associated),-57,1
E2:B0:77:C6:D0:AB,NA,(not associated),-61,1
E2:B1:B1:8E:23:47,NA,(not associated),-37,1
E2:B2:AE:2D:49:81,NA,(not associated),-39,1
E2:B4:48:13:2E:3D,NA,(not associated),-65,1
E2:B4:A9:FD:0A:00,NA,(not associated),-41,1
E2:B6:38:41:65:68,NA,(not associated),-63,1
E2:B8:B4:F2:2A:34,NA,(not associated),-51,1
E2:B9:42:00:A8:74,NA,(not associated),-61,1
E2:BE:F0:9C:22:AC,NA,(not associated),-67,1
E2:C0:61:50:E7:71,NA,(not associated),-57,1
E2:C4:35:3F:18:DA,NA,(not associated),-69,1
E2:C7:10:BE:D4:55,NA,(not associated),-59,1
E2:C9:C4:90:D9:0E,NA,(not associated),-57,1
E2:CC:F8:4F:4F:4F,NA,(not associated),-65,1
E2:CC:F8:71:60:5F,NA,(not associated),-57,1
E2:CC:F8:85:84:83,NA,(not associated),-67,1
E2:CC:F8:EF:00:FF,NA,(not associated),-65,1
E2:D0:B5:29:FF:1C,NA,(not associated),-69,1
E2:D2:B8:CE:E5:34,NA,(not associated),-49,1
E2:D3:1C:AC:D6:61,NA,(not associated),-45,1
E2:D4:02:55:13:92,NA,(not associated),-61,1
E2:D7:C1:E2:4A:C8,NA,(not associated),-57,1
E2:D9:76:9B:98:C2,NA,(not associated),-65,1
E2:D9:9F:59:27:00,NA,(not associated),-63,1
E2:DB:C2:5B:A4:4D,NA,(not associated),-65,1
E2:DD:5E:7C:CB:05,NA,(not associated),-45,1
E2:E4:AC:B9:56:1C,NA,(not associated),-55,1
E2:E4:F9:D4:7A:89,NA,(not associated),-59,1
E2:E7:62:9C:EC:61,NA,(not associated),-49,1
E2:E7:D6:28:8F:D6,NA,(not associated),-57,1
E2:E8:C9:9D:6F:8D,NA,(not associated),-57,1
E2:E9:38:B5:DA:C9,NA,(not associated),-63,1
E2:EB:E2:55:38:CC,NA,(not associated),-55,1
E2:EC:D1:2B:89:89,NA,(not associated),-55,1
E2:EE:62:E3:3A:21,NA,(not associated),-57,1
E2:EE:A1:BC:11:6D,NA,(not associated),-61,1
E2:F2:03:E9:43:F1,NA,(not associated),-57,1
E2:F5:6A:74:1F:41,NA,(not associated),-57,1
E2:F6:AA:C7:B0:FE,NA,(not associated),-55,1
E2:F9:80:69:64:36,NA,(not associated),-70,1
E2:F9:B5:35:74:64,NA,(not associated),-59,1
E2:FB:17:EC:EF:8B,NA,(not associated),-63,1
E2:FB:DC:73:BF:ED,NA,(not associated),-65,1
E2:FF:62:1B:57:E7,NA,(not associated),-61,1
E6:01:C5:A6:C6:34,NA,(not associated),-63,1
E6:06:E4:7E:57:F3,NA,(not associated),-57,1
E6:07:A4:6C:97:D5,NA,(not associated),-65,1
E6:0D:91:06:EA:A7,NA,(not associated),-59,1
E6:16:0C:00:63:EE,NA,(not associated),-55,1
E6:1B:56:E8:C5:EB,NA,(not associated),-55,1
E6:1C:68:FF:F7:1F,NA,(not associated),-61,1
E6:1D:15:26:06:BE,NA,(not associated),-57,1
E6:1E:37:0A:D2:1B,NA,(not associated),-53,1
E6:1F:9A:1B:C5:94,NA,(not associated),-61,1
E6:20:A5:A8:72:AE,NA,(not associated),-61,1
E6:22:0D:56:C3:30,NA,(not associated),-63,1
E6:2A:ED:CB:65:80,NA,(not associated),-65,1
E6:2A:FA:66:A4:40,NA,(not associated),-83,1
E6:2C:77:C1:3D:16,NA,(not associated),-49,1
E6:2E:82:18:11:BC,NA,(not associated),-65,1
E6:2F:BE:CC:BD:B2,NA,(not associated),-57,1
E6:32:55:D5:82:3A,NA,(not associated),-71,1
E6:37:6C:2A:0D:0A,NA,(not associated),-43,1
E6:39:5C:68:AF:6D,NA,(not associated),-59,1
E6:3B:43:DE:A0:E4,NA,(not associated),-63,1
E6:3C:12:5A:06:BA,NA,(not associated),-59,1
E6:3C:5D:DA:95:18,NA,(not associated),-37,1
E6:3D:61:04:45:B7,NA,(not associated),-53,1
E6:3D:9C:2B:61:EA,NA,(not associated),-51,1
E6:3E:BD:93:91:AF,NA,(not associated),-37,1
E6:3F:CA:F5:BA:DA,NA,(not associated),-61,1
E6:41:C5:E6:1E:85,NA,(not associated),-59,1
E6:42:C9:D1:66:CC,NA,(not associated),-53,1
E6:4C:43:CF:B1:B1,NA,(not associated),-51,1
E6:50:0F:9D:F8:56,NA,(not associated),-41,1
E6:51:4E:4E:D4:F0,NA,(not associated),-53,1
E6:51:B2:E4:98:95,NA,(not associated),-69,1
E6:52:BB:C6:6A:0F,NA,(not associated),-53,1
E6:57:84:9A:FC:F0,NA,(not associated),-55,1
E6:57:CD:87:46:8F,NA,(not associated),-59,1
E6:59:FB:02:E3:6F,NA,(not associated),-51,1
E6:5C:29:D7:37:9A,NA,(not associated),-43,1
E6:5E:F9:33:68:9D,NA,(not associated),-47,1
E6:63:DD:DC:B6:D1,NA,(not associated),-43,1
E6:69:6F:70:E2:6D,NA,(not associated),-55,1
E6:6B:D8:4E:A8:47,NA,(not associated),-51,1
E6:6C:73:D5:6A:44,NA,(not associated),-53,1
E6:6D:19:6E:2D:4C,NA,(not associated),-57,1
E6:6D:3E:53:06:65,NA,(not associated),-57,1
E6:6F:C4:93:04:3E,NA,(not associated),-45,1
E6:6F:C7:38:88:EB,NA,(not associated),-35,1
E6:77:91:43:3B:32,NA,(not associated),-63,1
E6:77:FE:87:8B:7F,NA,(not associated),-49,1
E6:79:8B:36:50:56,NA,(not associated),-67,1
E6:79:E9:21:E7:5A,NA,(not associated),-49,1
E6:7B:08:F0:5A:B0,NA,(not associated),-51,1
E6:83:7F:8E:8C:9F,NA,(not associated),-55,1
E6:84:F0:44:9A:03,NA,(not associated),-55,1
E6:88:0A:F5:F4:BF,NA,(not associated),-79,1
E6:88:5E:88:99:A8,NA,(not associated),-55,1
E6:88:E0:84:78:2A,NA,(not associated),-39,1
E6:8D:C9:36:9F:E7,NA,(not associated),-55,1
E6:96:90:4B:51:C6,NA,(not associated),-43,1
E6:97:A9:2C:DF:1B,NA,(not associated),-61,1
E6:9E:54:8D:62:CD,NA,(not associated),-49,1
E6:9E:55:93:33:4F,NA,(not associated),-67,1
E6:A0:BA:C5:CF:9E,NA,(not associated),-47,1
E6:AA:7F:08:67:F5,NA,(not associated),-59,1
E6:AB:19:D3:44:FC,NA,(not associated),-71,1
E6:AE:A4:46:58:B3,NA,(not associated),-61,1
E6:AF:6D:4C:E8:00,NA,(not associated),-57,1
E6:B3:1D:9F:69:33,NA,(not associated),-61,1
E6:B3:2D:B1:E8:09,NA,(not associated),-73,1
E6:B7:EC:9C:DB:6C,NA,(not associated),-55,1
E6:B8:70:77:79:61,NA,(not associated),-55,1
E6:BE:AC:96:FD:2B,NA,(not associated),-47,1
E6:BE:F2:69:73:A7,NA,(not associated),-27,1
E6:C2:13:BF:BB:9A,NA,(not associated),-65,1
E6:C3:7A:C8:AC:08,NA,(not associated),-63,1
E6:C3:D5:01:69:76,NA,(not associated),-61,1
E6:C4:B5:83:B1:CC,NA,(not associated),-41,1
E6:C6:88:21:69:93,NA,(not associated),-55,1
E6:C6:BF:84:57:2F,NA,(not associated),-61,1
E6:C8:E9:40:44:8E,NA,(not associated),-45,1
E6:CA:E7:A6:FC:54,NA,(not associated),-65,1
E6:CF:FD:1D:D1:80,NA,(not associated),-77,1
E6:D0:10:36:4F:D6,NA,(not associated),-47,1
E6:D0:20:7E:41:30,NA,(not associated),-37,1
E6:D1:6C:23:31:E3,NA,(not associated),-59,1
E6:D1:80:B5:4D:B8,NA,(not associated),-61,1
E6:D2:6C:7F:1B:1F,NA,(not associated),-63,1
E6:D4:3A:57:EF:7B,NA,(not associated),-61,1
E6:D4:C7:A6:0E:DE,NA,(not associated),-55,1
E6:D8:F4:2E:1B:AC,NA,(not associated),-57,1
E6:D9:2F:55:B2:EF,NA,(not associated),-39,1
E6:DB:67:A4:29:A3,NA,(not associated),-45,1
E6:E3:4B:E8:34:7D,NA,(not associated),-67,1
E6:E6:A8:70:B2:17,NA,(not associated),-53,1
E6:EA:C7:48:2D:84,NA,(not associated),-69,1
E6:EA:C8:22:F2:E1,NA,(not associated),-53,1
E6:EC:6E:AD:53:51,NA,(not associated),-63,1
E6:EF:94:CB:DE:E2,NA,(not associated),-51,1
E6:F6:F4:86:6D:29,NA,(not associated),-61,1
E6:F7:69:86:CF:4C,NA,(not associated),-53,1
E6:F7:DE:8D:D0:86,NA,(not associated),-63,1
E6:F8:84:BB:B4:3A,NA,(not associated),-51,1
E6:F9:1A:A5:A8:75,NA,(not associated),-61,1
E6:FB:05:9B:6E:D3,NA,(not associated),-55,1
E6:FB:34:8F:C1:79,NA,(not associated),-59,1
E6:FB:BF:8A:54:C5,NA,(not associated),-55,1
E6:FC:62:C7:03:E0,NA,(not associated),-45,1
EA:02:8A:82:D5:E3,NA,(not associated),-61,1
EA:04:7D:A5:2B:EA,NA,(not associated),-67,1
EA:04:E8:38:E0:F3,NA,(not associated),-67,1
EA:05:53:E5:F8:E1,NA,(not associated),-39,1
EA:0C:35:9D:46:5E,NA,(not associated),-57,1
EA:0E:7B:34:F8:A4,NA,(not associated),-49,1
EA:12:6B:00:2C:06,NA,(not associated),-43,1
EA:13:2C:30:4A:24,NA,(not associated),-65,1
EA:13:86:30:1A:0E,NA,(not associated),-41,1
EA:16:71:F9:83:50,NA,(not associated),-57,1
EA:17:A1:1C:1B:41,NA,(not associated),-61,1
EA:1A:B9:C6:DC:00,NA,(not associated),-59,1
EA:1B:AF:84:7C:60,NA,(not associated),-63,1
EA:1C:99:C4:0E:D9,NA,(not associated),-51,1
EA:20:6B:A4:DF:B3,NA,(not associated),-55,1
EA:20:BA:CD:9F:AC,NA,(not associated),-59,1
EA:2D:3B:0B:BF:D3,NA,(not associated),-63,1
EA:32:E8:AC:8F:D8,NA,(not associated),-39,1
EA:36:52:DD:6A:B0,NA,(not associated),-63,1
EA:36:8B:97:BA:1E,NA,(not associated),-47,1
EA:3A:ED:04:D2:B0,NA,(not associated),-63,1
EA:3B:E3:CF:A5:47,NA,(not associated),-57,1
EA:3D:F5:7B:E4:6D,NA,(not associated),-59,1
EA:45:F4:9E:24:BE,NA,(not associated),-53,1
EA:46:EF:86:C3:11,NA,(not associated),-63,1
EA:47:3C:9C:1C:75,NA,(not associated),-55,1
EA:48:F2:47:20:E3,NA,(not associated),-59,1
EA:4A:1D:27:7B:C0,NA,(not associated),-43,1
EA:4B:CA:D6:4C:39,NA,(not associated),-67,1
EA:55:39:EB:DA:FB,NA,(not associated),-51,1
EA:56:3D:BC:C4:3A,NA,(not associated),-53,1
EA:58:0E:48:26:FC,NA,(not associated),-63,1
EA:58:FA:B1:B3:15,NA,(not associated),-47,1
EA:59:27:E3:06:F3,NA,(not associated),-59,1
EA:5C:A1:26:14:24,NA,(not associated),-69,1
EA:60:04:67:C3:46,NA,(not associated),-55,1
EA:61:DD:10:AA:36,NA,(not associated),-53,1
EA:63:D9:D8:B1:2C,NA,(not associated),-55,1
EA:67:05:F5:34:96,NA,(not associated),-73,1
EA:68:22:4E:3C:16,NA,(not associated),-57,1
EA:6B:05:16:1F:87,NA,(not associated),-51,1
EA:6C:6A:BB:72:FC,NA,(not associated),-33,1
EA:6D:AC:3D:90:93,NA,(not associated),-59,1
EA:6E:A0:EA:7B:06,NA,(not associated),-55,1
EA:70:7D:1C:4A:FD,NA,(not associated),-65,1
EA:7A:C1:20:70:40,NA,(not associated),-47,1
EA:7B:24:25:E1:31,NA,(not associated),-69,1
EA:7C:47:33:31:14,NA,(not associated),-61,1
EA:7C:AC:33:37:4B,NA,(not associated),-51,1
EA:81:C3:4D:2A:56,NA,(not associated),-53,1
EA:81:D4:68:8C:4F,NA,(not associated),-59,1
EA:84:F2:84:CD:D9,NA,(not associated),-53,1
EA:85:42:60:0A:04,NA,(not associated),-59,1
EA:86:64:44:F1:B0,NA,(not associated),-45,1
EA:86:C5:CD:C7:D9,NA,(not associated),-61,1
EA:86:FC:65:90:6A,NA,(not associated),-67,1
EA:8A:C7:40:A7:4F,NA,(not associated),-57,1
EA:8B:3D:4D:59:78,NA,(not associated),-59,1
EA:8B:5C:83:9B:4B,NA,(not associated),-63,1
EA:8B:6C:64:92:AC,NA,(not associated),-35,1
EA:8B:B8:FC:36:EA,NA,(not associated),-53,1
EA:91:E3:AA:6E:33,NA,(not associated),-75,1
EA:97:36:B6:2F:8E,NA,(not associated),-55,1
EA:98:96:45:8F:F6,NA,(not associated),-53,1
EA:9B:7A:0A:64:24,NA,(not associated),-59,1
EA:9B:C0:A6:91:F8,NA,(not associated),-78,1
EA:9D:4B:54:53:D7,NA,(not associated),-61,1
EA:9E:8A:8C:24:4D,NA,(not associated),-55,1
EA:A0:ED:D7:26:4B,NA,(not associated),-65,1
EA:A2:2D:86:D2:8E,NA,(not associated),-53,1
EA:A3:67:70:B7:AF,NA,(not associated),-43,1
EA:A3:B8:E1:29:F3,NA,(not associated),-57,1
EA:A4:E5:67:78:18,NA,(not associated),-51,1
EA:A6:2B:5F:48:1D,NA,(not associated),-67,1
EA:A6:B3:E9:5F:33,NA,(not associated),-55,1
EA:AA:1C:6E:BD:95,NA,(not associated),-69,1
EA:AE:0C:E3:25:51,NA,(not associated),-53,1
EA:AE:4B:7C:57:50,NA,(not associated),-57,1
EA:AF:B2:48:6F:8E,NA,(not associated),-65,1
EA:B2:40:3B:8C:18,NA,(not associated),-59,1
EA:B3:BC:EB:2D:DF,NA,(not associated),-59,1
EA:B4:6B:4E:3E:7C,NA,(not associated),-55,1
EA:BC:8E:E6:A2:21,NA,(not associated),-57,1
EA:BD:11:49:AE:DC,NA,(not associated),-47,1
EA:BF:F8:31:6E:F9,NA,(not associated),-65,1
EA:C3:33:DF:F1:D9,NA,(not associated),-59,1
EA:D1:30:16:C3:AD,NA,(not associated),-61,1
EA:D6:6F:A4:AC:62,NA,(not associated),-49,1
EA:D6:AE:CC:B6:14,NA,(not associated),-69,1
EA:D7:14:D5:D2:4C,NA,(not associated),-61,1
EA:DA:79:67:07:B0,NA,(not associated),-59,1
EA:DC:31:6F:F2:7C,NA,(not associated),-65,1
EA:E1:7D:8D:96:8F,NA,(not associated),-69,1
EA:E7:BD:6E:B4:62,NA,(not associated),-49,1
EA:EA:9B:E6:6A:8B,NA,(not associated),-43,1
EA:EB:94:1D:15:77,NA,(not associated),-63,1
EA:EB:F4:0B:BD:BA,NA,(not associated),-67,1
EA:EF:7C:B7:FA:A2,NA,(not associated),-51,1
EA:F0:50:C9:E6:1C,NA,(not associated),-67,1
EA:F0:55:5E:D0:1D,NA,(not associated),-41,1
EA:F2:8B:6B:8E:22,NA,(not associated),-51,1
EA:F4:83:39:9E:8B,NA,(not associated),-47,1
EA:F4:CA:79:54:0D,NA,(not associated),-65,1
EA:F7:94:49:47:65,NA,(not associated),-55,1
EA:F7:BC:28:55:4F,NA,(not associated),-59,1
EA:FC:31:21:C9:F1,NA,(not associated),-49,1
EC:55:F9:A1:4C:6B,"Hon Hai Precision Ind. Co.,Ltd.",9A:9F:06:44:24:5B,-1,1
EE:00:07:E1:76:A9,NA,(not associated),-65,1
EE:09:8F:A6:05:C1,NA,(not associated),-59,1
EE:19:E1:97:51:B0,NA,(not associated),-63,1
EE:1A:5E:37:E4:11,NA,(not associated),-49,1
EE:1B:63:3D:A4:78,NA,(not associated),-47,1
EE:1C:9E:D0:7D:BA,NA,(not associated),-41,1
EE:22:74:DD:1C:66,NA,(not associated),-61,1
EE:23:93:63:41:71,NA,(not associated),-55,1
EE:24:C1:A4:DE:AA,NA,(not associated),-51,1
EE:25:42:2C:92:8D,NA,(not associated),-59,1
EE:2A:56:AC:D5:93,NA,(not associated),-61,1
EE:31:89:72:CF:27,NA,(not associated),-71,1
EE:34:D7:E7:5E:69,NA,(not associated),-47,1
EE:34:F9:25:BA:21,NA,(not associated),-49,1
EE:39:7B:80:66:A4,NA,(not associated),-57,1
EE:39:EE:E1:1C:88,NA,(not associated),-41,1
EE:3B:05:50:FB:60,NA,(not associated),-31,1
EE:40:26:E1:12:A8,NA,(not associated),-69,1
EE:40:AC:61:7E:62,NA,(not associated),-61,1
EE:48:6D:7C:59:2F,NA,(not associated),-61,1
EE:49:E1:99:DF:49,NA,(not associated),-59,1
EE:4A:57:07:01:F9,NA,(not associated),-51,1
EE:4B:35:DA:80:CA,NA,(not associated),-61,1
EE:51:5A:06:1C:44,NA,(not associated),-55,1
EE:51:85:3A:D3:40,NA,(not associated),-61,1
EE:56:37:85:19:E0,NA,(not associated),-53,1
EE:57:EC:C2:59:0F,NA,(not associated),-51,1
EE:59:07:D0:93:35,NA,(not associated),-67,1
EE:61:61:5C:29:AE,NA,(not associated),-45,1
EE:65:A5:91:FF:AB,NA,(not associated),-69,1
EE:6A:08:5D:07:0D,NA,(not associated),-55,1
EE:6A:C9:73:90:8E,NA,(not associated),-51,1
EE:73:89:7B:14:FA,NA,(not associated),-65,1
EE:7A:C6:4D:1F:CF,NA,(not associated),-55,1
EE:7B:AF:AA:9F:3E,NA,(not associated),-53,1
EE:80:0F:F2:F2:A7,NA,(not associated),-63,1
EE:81:6B:E5:30:26,NA,(not associated),-35,1
EE:82:98:57:B2:9E,NA,(not associated),-67,1
EE:83:5A:BB:27:12,NA,(not associated),-55,1
EE:87:10:D4:A2:2D,NA,(not associated),-53,1
EE:8A:7F:70:08:C9,NA,(not associated),-65,1
EE:8A:C3:78:06:9E,NA,(not associated),-71,1
EE:93:57:A2:CE:F1,NA,(not associated),-69,1
EE:96:CE:EC:52:75,NA,(not associated),-49,1
EE:9A:56:53:C5:42,NA,(not associated),-63,1
EE:9A:E5:BE:2C:D5,NA,(not associated),-59,1
EE:9B:40:CB:72:E9,NA,(not associated),-65,1
EE:9C:E3:3C:A6:28,NA,(not associated),-45,1
EE:9E:13:C2:25:83,NA,(not associated),-63,1
EE:A7:2D:08:51:49,NA,(not associated),-53,1
EE:A7:94:A0:7E:D4,NA,(not associated),-71,1
EE:A7:95:18:2A:82,NA,(not associated),-67,1
EE:A8:8A:54:14:32,NA,(not associated),-45,1
EE:AA:6F:E5:7C:A9,NA,(not associated),-61,1
EE:AF:95:0C:33:EC,NA,(not associated),-55,1
EE:B4:9A:2F:FA:82,NA,(not associated),-85,1
EE:B8:22:86:5D:15,NA,(not associated),-47,1
EE:BC:16:20:C1:A6,NA,(not associated),-67,1
EE:C9:91:4C:BF:CE,NA,(not associated),-63,1
EE:CF:23:49:4F:18,NA,(not associated),-63,1
EE:D2:1B:D6:8A:65,NA,(not associated),-47,1
EE:D2:61:B6:97:E9,NA,(not associated),-43,1
EE:D8:63:A0:F5:6F,NA,(not associated),-67,1
EE:D8:EF:79:55:3B,NA,(not associated),-39,1
EE:DA:FB:8D:87:98,NA,(not associated),-61,1
EE:DC:30:12:88:77,NA,(not associated),-51,1
EE:DD:D2:5C:16:8B,NA,(not associated),-53,1
EE:DE:7A:78:0D:C8,NA,(not associated),-65,1
EE:E0:96:64:DA:DB,NA,(not associated),-49,1
EE:E1:70:91:17:9D,NA,(not associated),-63,1
EE:EB:22:C6:7A:C8,NA,(not associated),-59,1
EE:EC:9A:5B:CB:DF,NA,(not associated),-57,1
EE:EF:6D:60:BA:8D,NA,(not associated),-55,1
EE:F0:94:55:8C:23,NA,(not associated),-57,1
EE:F1:98:50:27:E4,NA,(not associated),-39,1
EE:F1:CE:EE:6A:B0,NA,(not associated),-81,1
EE:F3:A5:B4:37:9D,NA,(not associated),-61,1
EE:F5:8B:B8:0D:64,NA,(not associated),-41,1
EE:F8:BC:FF:25:2E,NA,(not associated),-43,1
EE:FA:40:39:71:88,NA,(not associated),-45,1
EE:FC:EF:0A:25:79,NA,3A:DA:00:F9:0C:02,-57,1
EE:FF:5F:68:FB:A2,NA,(not associated),-69,1
F2:03:87:09:67:33,NA,(not associated),-59,1
F2:04:1D:D0:77:FC,NA,(not associated),-35,1
F2:06:32:40:90:6D,NA,(not associated),-39,1
F2:07:28:F1:6D:91,NA,(not associated),-67,1
F2:08:A6:3A:D7:A9,NA,(not associated),-57,1
F2:0F:94:F4:CD:1A,NA,(not associated),-69,1
F2:0F:C1:4C:D9:3A,NA,(not associated),-57,1
F2:0F:C7:30:FD:6B,NA,(not associated),-57,1
F2:0F:D3:03:DB:43,NA,(not associated),-57,1
F2:18:08:D2:62:69,NA,(not associated),-39,1
F2:18:6E:9D:46:40,NA,(not associated),-39,1
F2:1E:5D:EB:96:C4,NA,(not associated),-61,1
F2:1F:D2:31:09:68,NA,(not associated),-63,1
F2:21:15:35:39:87,NA,(not associated),-45,1
F2:23:87:D3:99:DB,NA,(not associated),-41,1
F2:24:14:46:0E:26,NA,(not associated),-51,1
F2:25:57:AD:10:F9,NA,(not associated),-63,1
F2:28:B9:49:F2:8B,NA,(not associated),-57,1
F2:2A:F7:A1:BA:41,NA,(not associated),-39,1
F2:2B:75:80:BE:E1,NA,(not associated),-43,1
F2:2D:CE:F6:EF:06,NA,(not associated),-55,1
F2:31:F8:F8:8D:6B,NA,(not associated),-45,1
F2:34:C7:0D:21:53,NA,(not associated),-67,1
F2:3A:E0:3A:B6:AF,NA,(not associated),-57,1
F2:3D:13:7D:94:FD,NA,(not associated),-65,1
F2:41:06:27:9A:38,NA,(not associated),-57,1
F2:41:26:72:6E:66,NA,(not associated),-61,1
F2:45:90:63:2E:0E,NA,(not associated),-55,1
F2:46:74:22:28:B1,NA,(not associated),-31,1
F2:48:48:8B:45:12,NA,(not associated),-65,1
F2:49:95:18:21:B6,NA,(not associated),-59,1
F2:4B:93:54:AF:A9,NA,(not associated),-45,1
F2:4C:30:A3:60:45,NA,(not associated),-57,1
F2:51:A3:A0:12:30,NA,(not associated),-39,1
F2:53:66:4D:23:36,NA,(not associated),-67,1
F2:56:20:69:16:A1,NA,(not associated),-57,1
F2:57:06:95:FE:A6,NA,(not associated),-71,1
F2:57:BB:F9:C8:51,NA,(not associated),-61,1
F2:58:B6:8C:AB:0F,NA,(not associated),-61,1
F2:58:FA:32:81:73,NA,(not associated),-55,1
F2:59:76:EF:25:55,NA,(not associated),-49,1
F2:59:CC:B3:2C:49,NA,(not associated),-37,1
F2:5E:CF:C9:BB:31,NA,(not associated),-45,1
F2:62:88:D3:A8:5C,NA,(not associated),-61,1
F2:62:91:8B:8C:05,NA,(not associated),-47,1
F2:6A:97:7D:D6:CF,NA,(not associated),-69,1
F2:6D:F7:3F:1D:04,NA,(not associated),-39,1
F2:6E:40:D7:CE:0D,NA,(not associated),-39,1
F2:72:36:95:B1:EB,NA,(not associated),-41,1
F2:77:45:BB:DC:CA,NA,(not associated),-39,1
F2:77:9C:3A:43:39,NA,(not associated),-59,1
F2:78:98:52:D6:99,NA,(not associated),-45,1
F2:7D:25:EE:EA:0A,NA,(not associated),-59,1
F2:82:BF:4B:12:CB,NA,(not associated),-59,1
F2:84:1F:D1:AC:85,NA,(not associated),-63,1
F2:89:13:A7:61:3F,NA,(not associated),-63,1
F2:8C:B2:0D:D7:EC,NA,(not associated),-77,1
F2:8C:E3:E6:A2:F6,NA,(not associated),-53,1
F2:8D:34:58:E8:31,NA,(not associated),-51,1
F2:8D:A5:DA:DC:D4,NA,(not associated),-55,1
F2:92:9E:F1:0B:F8,NA,(not associated),-45,1
F2:98:DD:8D:D3:9D,NA,(not associated),-43,1
F2:9C:5E:00:62:65,NA,(not associated),-47,1
F2:9D:CB:C5:17:3A,NA,(not associated),-59,1
F2:A2:AF:B4:57:4C,NA,(not associated),-53,1
F2:A6:68:EB:E5:E9,NA,(not associated),-63,1
F2:A7:0F:E2:BF:D0,NA,(not associated),-67,1
F2:A8:3E:68:E5:3A,NA,(not associated),-65,1
F2:A9:92:C7:C8:3E,NA,(not associated),-63,1
F2:AB:85:0F:80:1D,NA,(not associated),-59,1
F2:AC:9E:2F:6C:E5,NA,(not associated),-65,1
F2:B2:70:00:CD:45,NA,(not associated),-57,1
F2:B4:92:AA:55:92,NA,(not associated),-55,1
F2:B7:6C:60:B4:6A,NA,(not associated),-53,1
F2:B9:51:EC:07:06,NA,(not associated),-51,1
F2:BA:47:C3:15:87,NA,(not associated),-45,1
F2:BF:AF:24:BA:72,NA,(not associated),-67,1
F2:C3:E9:C0:02:93,NA,(not associated),-61,1
F2:C4:69:EC:53:00,NA,(not associated),-55,1
F2:C5:70:C2:47:8A,NA,(not associated),-55,1
F2:C8:EA:0E:21:9A,NA,(not associated),-73,1
F2:CD:18:B7:E6:83,NA,(not associated),-65,1
F2:D0:4C:BA:3F:3C,NA,(not associated),-43,1
F2:D2:F8:39:F2:59,NA,(not associated),-45,1
F2:D6:85:31:51:57,NA,(not associated),-39,1
F2:D7:18:D2:2C:A8,NA,(not associated),-43,1
F2:DC:AA:A5:68:0B,NA,(not associated),-63,1
F2:DF:BC:E9:6C:F0,NA,(not associated),-65,1
F2:E4:8C:08:F6:4E,NA,(not associated),-61,1
F2:EA:68:3F:2A:26,NA,(not associated),-57,1
F2:F2:25:99:93:B5,NA,(not associated),-59,1
F2:F3:8D:04:62:83,NA,(not associated),-69,1
F2:F5:65:80:D8:CF,NA,(not associated),-43,1
F2:F5:B6:56:22:71,NA,(not associated),-55,1
F2:F8:D6:9F:39:93,NA,(not associated),-39,1
F6:04:4D:6F:9F:7C,NA,(not associated),-65,1
F6:06:CC:65:88:05,NA,(not associated),-45,1
F6:08:17:F0:7F:F6,NA,(not associated),-63,1
F6:08:9F:F3:55:24,NA,(not associated),-69,1
F6:09:D7:F7:58:72,NA,(not associated),-45,1
F6:0E:1F:D4:F6:E7,NA,(not associated),-65,1
F6:0F:F3:9F:84:03,NA,(not associated),-51,1
F6:12:0A:40:BF:6F,NA,(not associated),-63,1
F6:16:17:3D:93:C3,NA,(not associated),-63,1
F6:17:1D:35:85:AC,NA,(not associated),-49,1
F6:17:25:E1:5E:8A,NA,(not associated),-51,1
F6:18:1B:B6:25:A1,NA,(not associated),-69,1
F6:19:27:B6:46:A5,NA,(not associated),-59,1
F6:1E:B4:82:47:09,NA,(not associated),-57,1
F6:1F:37:9A:04:BF,NA,(not associated),-51,1
F6:2A:6B:1F:B0:07,NA,(not associated),-67,1
F6:2A:89:B9:C5:7F,NA,(not associated),-67,1
F6:30:4A:99:E9:C4,NA,(not associated),-53,1
F6:37:BC:33:DF:6D,NA,(not associated),-53,1
F6:37:E9:D3:9F:63,NA,(not associated),-51,1
F6:38:7E:BD:27:E4,NA,(not associated),-73,1
F6:39:5F:EB:64:C2,NA,(not associated),-41,1
F6:39:EC:A9:F0:D8,NA,(not associated),-49,1
F6:3D:08:98:0B:9A,NA,(not associated),-59,1
F6:3E:09:67:14:D8,NA,(not associated),-67,1
F6:3F:08:42:A1:7B,NA,(not associated),-47,1
F6:41:3E:43:CE:E3,NA,(not associated),-59,1
F6:41:40:BF:5C:A7,NA,(not associated),-43,1
F6:41:9D:47:2F:52,NA,(not associated),-53,1
F6:41:E5:AC:37:43,NA,(not associated),-63,1
F6:44:B1:1B:EA:F5,NA,(not associated),-55,1
F6:48:F0:9D:19:28,NA,(not associated),-63,1
F6:50:8E:A8:0A:F5,NA,(not associated),-55,1
F6:58:69:47:40:87,NA,(not associated),-71,1
F6:59:74:85:90:98,NA,(not associated),-63,1
F6:5A:BB:EF:95:C8,NA,(not associated),-45,1
F6:63:51:10:F1:1F,NA,(not associated),-63,1
F6:68:C3:7B:FF:AA,NA,(not associated),-43,1
F6:68:FA:71:DA:1D,NA,(not associated),-49,1
F6:6A:F7:3C:90:FB,NA,(not associated),-63,1
F6:6E:9A:79:40:63,NA,(not associated),-49,1
F6:70:32:2A:C7:C7,NA,(not associated),-65,1
F6:71:A8:55:BE:3C,NA,(not associated),-51,1
F6:77:15:29:8F:54,NA,(not associated),-39,1
F6:77:ED:D5:E7:52,NA,(not associated),-57,1
F6:7A:36:99:4B:FC,NA,(not associated),-59,1
F6:7B:8F:AD:36:5C,NA,(not associated),-69,1
F6:7B:F7:1B:F2:31,NA,(not associated),-55,1
F6:82:1F:63:61:FE,NA,(not associated),-51,1
F6:85:79:4E:EC:44,NA,(not associated),-71,1
F6:86:62:9B:EC:96,NA,(not associated),-55,1
F6:8D:34:B4:78:0E,NA,(not associated),-47,1
F6:8D:3B:B2:62:12,NA,(not associated),-51,1
F6:8F:79:DF:69:25,NA,(not associated),-53,1
F6:8F:B3:9F:32:FF,NA,(not associated),-63,1
F6:91:0D:24:9B:65,NA,(not associated),-67,1
F6:91:A9:72:EF:01,NA,(not associated),-57,1
F6:92:08:C8:FD:58,NA,(not associated),-67,1
F6:93:48:23:24:E9,NA,(not associated),-61,1
F6:94:B0:71:F2:3A,NA,(not associated),-45,1
F6:95:01:D2:50:87,NA,(not associated),-47,1
F6:95:85:A6:93:70,NA,(not associated),-43,1
F6:96:2D:28:87:A5,NA,(not associated),-39,1
F6:98:00:B0:43:E9,NA,(not associated),-53,1
F6:98:AE:83:51:61,NA,(not associated),-61,1
F6:A0:B6:0F:D1:F9,NA,(not associated),-65,1
F6:A1:C3:A1:EE:44,NA,(not associated),-47,1
F6:A2:AF:D8:F4:73,NA,(not associated),-63,1
F6:A3:5E:FB:6E:C4,NA,(not associated),-63,1
F6:A5:54:14:E7:30,NA,(not associated),-73,1
F6:A6:6D:89:1F:C7,NA,(not associated),-57,1
F6:A6:D8:02:C2:E6,NA,(not associated),-47,1
F6:AB:87:43:EB:71,NA,(not associated),-51,1
F6:AE:63:F4:0D:40,NA,(not associated),-35,1
F6:AE:FF:EF:CB:50,NA,(not associated),-45,1
F6:B3:89:01:BC:4A,NA,(not associated),-37,1
F6:B6:BC:C7:FE:F0,NA,(not associated),-39,1
F6:BA:76:1E:3D:FA,NA,(not associated),-67,1
F6:BD:AD:0B:21:60,NA,(not associated),-59,1
F6:BE:80:C3:7B:F6,NA,(not associated),-49,1
F6:BF:2D:82:A4:01,NA,(not associated),-61,1
F6:C0:6F:B5:62:B2,NA,(not associated),-71,1
F6:C1:E5:04:78:9B,NA,(not associated),-63,1
F6:CE:8D:5F:BE:ED,NA,(not associated),-53,1
F6:CE:EF:0E:83:3F,NA,(not associated),-65,1
F6:D5:6A:84:77:DD,NA,(not associated),-71,1
F6:D6:50:09:0F:2D,NA,(not associated),-45,1
F6:DE:14:EC:29:DF,NA,(not associated),-63,1
F6:DE:3D:1E:81:8F,NA,(not associated),-59,1
F6:E1:90:C6:3C:E0,NA,(not associated),-37,1
F6:E2:BC:93:F0:5B,NA,(not associated),-65,1
F6:E3:FE:7D:AC:48,NA,(not associated),-73,1
F6:E4:59:A5:08:BE,NA,(not associated),-57,1
F6:E8:A4:73:3F:99,NA,(not associated),-59,1
F6:EB:A8:2A:B1:C3,NA,(not associated),-63,1
F6:F2:0C:F1:6E:DC,NA,(not associated),-59,1
F6:F4:9E:B9:70:5B,NA,(not associated),-75,1
F6:F6:62:A4:ED:7F,NA,(not associated),-51,1
F6:F7:AC:AE:88:9B,NA,(not associated),-57,1
F6:F8:6F:7B:FB:75,NA,(not associated),-53,1
F6:FB:D9:01:22:74,NA,(not associated),-41,1
F6:FE:5A:08:B8:F6,NA,(not associated),-57,1
F6:FF:DA:36:DD:02,NA,(not associated),-63,1
F6:FF:E5:CF:EF:3B,NA,(not associated),-57,1
FA:02:5A:2F:C8:0A,NA,(not associated),-33,1
FA:02:61:6E:96:BA,NA,(not associated),-65,1
FA:04:01:9A:7A:B9,NA,(not associated),-63,1
FA:05:84:5B:9E:DD,NA,(not associated),-43,1
FA:11:87:D6:BB:32,NA,(not associated),-63,1
FA:14:F5:03:83:F2,NA,(not associated),-61,1
FA:16:4F:93:7C:1A,NA,(not associated),-37,1
FA:16:93:47:E6:1C,NA,(not associated),-43,1
FA:1B:B4:19:A0:56,NA,(not associated),-73,1
FA:1C:68:D5:B2:AD,NA,(not associated),-59,1
FA:1F:30:81:7C:C5,NA,(not associated),-51,1
FA:20:0F:CC:3F:00,NA,(not associated),-47,1
FA:21:33:76:EC:ED,NA,(not associated),-45,1
FA:23:FB:AE:65:A3,NA,(not associated),-65,1
FA:24:7F:4E:8A:40,NA,(not associated),-61,1
FA:24:E7:57:5B:77,NA,(not associated),-55,1
FA:25:F9:7C:23:61,NA,(not associated),-47,1
FA:2F:25:A5:E6:5C,NA,(not associated),-35,1
FA:30:1D:95:B9:57,NA,(not associated),-63,1
FA:30:49:60:67:D7,NA,(not associated),-59,1
FA:30:CE:AB:28:F7,NA,(not associated),-55,1
FA:31:EA:C5:81:13,NA,(not associated),-65,1
FA:39:69:8D:65:74,NA,(not associated),-57,1
FA:3A:63:B8:7A:D1,NA,(not associated),-65,1
FA:3A:FA:F7:C1:72,NA,(not associated),-53,1
FA:3C:CA:2F:5B:37,NA,(not associated),-53,1
FA:3E:86:E1:CC:62,NA,(not associated),-45,1
FA:3E:AF:77:E4:CE,NA,(not associated),-59,1
FA:47:B2:D0:BA:71,NA,(not associated),-55,1
FA:48:8E:21:25:1A,NA,(not associated),-59,1
FA:48:B4:EB:83:2B,NA,(not associated),-69,1
FA:49:4C:53:0A:FE,NA,(not associated),-67,1
FA:49:57:0A:EA:D1,NA,(not associated),-61,1
FA:49:85:6A:B0:0B,NA,(not associated),-57,1
FA:4A:35:88:7A:BE,NA,(not associated),-67,1
FA:4B:EF:10:AA:AA,NA,(not associated),-59,1
FA:50:00:74:BF:9F,NA,(not associated),-65,1
FA:51:A1:18:64:B9,NA,(not associated),-69,1
FA:51:F6:FF:ED:95,NA,(not associated),-65,1
FA:52:A8:03:75:C8,NA,(not associated),-63,1
FA:53:E7:97:19:57,NA,(not associated),-39,1
FA:54:36:44:8D:13,NA,(not associated),-39,1
FA:55:6B:94:56:30,NA,(not associated),-55,1
FA:59:C0:B3:88:41,NA,(not associated),-51,1
FA:5A:7E:C6:7A:38,NA,(not associated),-59,1
FA:5B:8F:00:A6:1D,NA,(not associated),-47,1
FA:5E:01:63:1D:10,NA,(not associated),-59,1
FA:62:0C:0C:57:1C,NA,(not associated),-51,1
FA:63:3E:E2:C6:22,NA,(not associated),-63,1
FA:63:81:F8:AE:EB,NA,(not associated),-61,1
FA:63:FE:DC:C8:A7,NA,(not associated),-67,1
FA:67:09:31:B0:C4,NA,(not associated),-65,1
FA:67:0F:ED:0B:6D,NA,(not associated),-57,1
FA:6B:36:0E:93:B5,NA,(not associated),-47,1
FA:6D:30:FE:3E:10,NA,(not associated),-63,1
FA:6D:A9:2C:D2:03,NA,(not associated),-63,1
FA:70:EF:D4:B8:09,NA,(not associated),-51,1
FA:72:24:6E:6E:46,NA,(not associated),-67,1
FA:72:D3:C3:86:41,NA,(not associated),-65,1
FA:78:7A:2D:FB:D6,NA,(not associated),-65,1
FA:79:E1:3E:42:D5,NA,(not associated),-55,1
FA:7A:4C:EE:89:F3,NA,(not associated),-69,1
FA:7A:5E:76:1C:30,NA,(not associated),-53,1
FA:7C:35:79:9F:FD,NA,(not associated),-61,1
FA:7C:78:F2:5A:83,NA,(not associated),-63,1
FA:7F:C5:BC:46:45,NA,(not associated),-49,1
FA:86:91:DB:40:05,NA,(not associated),-57,1
FA:88:0B:C8:E4:D9,NA,(not associated),-59,1
FA:88:6B:F0:A3:BC,NA,(not associated),-67,1
FA:89:6E:C0:EC:38,NA,(not associated),-61,1
FA:8C:28:52:8B:83,NA,(not associated),-51,1
FA:8D:3A:5A:B4:CF,NA,(not associated),-55,1
FA:8E:0E:7D:CD:11,NA,(not associated),-45,1
FA:90:AE:98:21:54,NA,(not associated),-43,1
FA:92:66:31:48:01,NA,(not associated),-41,1
FA:9C:CB:FE:1C:D1,NA,(not associated),-53,1
FA:A1:BB:09:16:CF,NA,(not associated),-39,1
FA:A2:42:30:8F:C8,NA,(not associated),-41,1
FA:A4:6F:D3:C6:6A,NA,(not associated),-47,1
FA:A6:A3:9A:5E:34,NA,(not associated),-41,1
FA:A9:5E:4D:B0:7D,NA,(not associated),-57,1
FA:AA:2D:11:77:B7,NA,(not associated),-59,1
FA:AB:C5:0C:8E:F2,NA,(not associated),-41,1
FA:B0:72:F6:88:BC,NA,(not associated),-67,1
FA:BA:82:C7:E0:E4,NA,(not associated),-69,1
FA:C2:E1:02:67:CB,NA,(not associated),-39,1
FA:CC:03:7C:C8:B6,NA,(not associated),-33,1
FA:CF:84:9D:8A:69,NA,(not associated),-55,1
FA:CF:DD:C5:77:80,NA,(not associated),-57,1
FA:D2:E3:7E:8A:35,NA,(not associated),-67,1
FA:D2:F8:38:99:53,NA,(not associated),-59,1
FA:D3:70:C1:E8:DA,NA,(not associated),-69,1
FA:D5:BF:61:CA:2B,NA,(not associated),-41,1
FA:D5:D1:C7:FC:CB,NA,(not associated),-41,1
FA:DA:56:86:3D:FE,NA,(not associated),-47,1
FA:DB:00:7F:8C:65,NA,(not associated),-59,1
FA:DC:30:5E:91:DB,NA,(not associated),-63,1
FA:DE:D1:40:73:A0,NA,(not associated),-51,1
FA:E1:F6:39:ED:AA,NA,(not associated),-35,1
FA:E2:3F:AE:EC:2A,NA,(not associated),-77,1
FA:E5:B5:51:59:58,NA,(not associated),-67,1
FA:E6:66:7E:3D:6C,NA,(not associated),-39,1
FA:F5:8F:D3:50:98,NA,(not associated),-65,1
FA:F5:E8:29:83:CB,NA,(not associated),-51,1
FA:F7:8B:FF:E6:70,NA,(not associated),-49,1
FA:FA:3D:3C:53:D8,NA,(not associated),-59,1
FA:FA:92:56:3A:68,NA,(not associated),-69,1
FA:FD:45:B6:CC:F1,NA,(not associated),-41,1
FA:FD:E8:1B:DA:7A,NA,(not associated),-63,1
FA:FF:FF:88:A4:8D,NA,(not associated),-61,1
FE:04:D4:8C:C0:A5,NA,(not associated),-55,1
FE:05:44:A9:3A:4D,NA,(not associated),-37,1
FE:08:11:32:7F:8B,NA,(not associated),-53,1
FE:08:A5:D4:62:96,NA,(not associated),-67,1
FE:08:BC:00:A1:63,NA,(not associated),-65,1
FE:10:87:38:C1:D9,NA,(not associated),-63,1
FE:12:E1:92:6A:D9,NA,(not associated),-45,1
FE:13:B8:C4:23:CB,NA,(not associated),-41,1
FE:14:0C:64:EB:3B,NA,(not associated),-65,1
FE:16:47:51:50:28,NA,(not associated),-57,1
FE:17:26:E8:59:F1,NA,(not associated),-39,1
FE:17:CB:6A:B6:E8,NA,(not associated),-39,1
FE:1D:DA:BA:2A:FE,NA,(not associated),-43,1
FE:1F:7D:B0:26:1C,NA,(not associated),-57,1
FE:1F:A4:61:E5:3A,NA,(not associated),-49,1
FE:20:C5:7C:75:86,NA,(not associated),-55,1
FE:24:02:3E:7D:7A,NA,(not associated),-71,1
FE:29:2E:66:FA:61,NA,(not associated),-67,1
FE:2A:8C:63:F9:AF,NA,(not associated),-65,1
FE:2C:5E:41:77:AF,NA,(not associated),-43,1
FE:2C:BB:81:86:4B,NA,(not associated),-61,1
FE:2D:64:B9:AB:B2,NA,(not associated),-61,1
FE:31:CB:00:FB:1D,NA,(not associated),-49,1
FE:31:E7:3B:F1:57,NA,(not associated),-37,1
FE:33:41:62:B6:14,NA,(not associated),-65,1
FE:36:1D:E2:C6:0C,NA,(not associated),-55,1
FE:37:C5:35:1F:D8,NA,(not associated),-55,1
FE:3E:06:67:BE:50,NA,(not associated),-43,1
FE:3E:C0:2E:BD:43,NA,(not associated),-61,1
FE:41:FA:24:A6:36,NA,(not associated),-69,1
FE:41:FA:39:40:43,NA,(not associated),-65,1
FE:41:FA:4D:CF:5F,NA,(not associated),-59,1
FE:41:FA:A3:9F:13,NA,(not associated),-63,1
FE:41:FA:CC:E1:68,NA,(not associated),-61,1
FE:41:FA:DE:F1:64,NA,(not associated),-63,1
FE:41:FA:E1:5C:53,NA,(not associated),-63,1
FE:41:FA:EB:6C:F3,NA,(not associated),-59,1
FE:42:12:8C:A8:95,NA,(not associated),-57,1
FE:44:1A:AE:07:E0,NA,(not associated),-63,1
FE:49:BD:A1:F4:C0,NA,(not associated),-61,1
FE:4B:29:77:BC:8B,NA,(not associated),-35,1
FE:50:55:20:90:6A,NA,(not associated),-59,1
FE:55:2F:27:C9:5E,NA,(not associated),-63,1
FE:5C:15:E6:37:9E,NA,(not associated),-55,1
FE:60:16:50:E6:5A,NA,(not associated),-67,1
FE:63:4D:18:D0:8F,NA,(not associated),-63,1
FE:66:9D:CB:E9:28,NA,(not associated),-57,1
FE:67:0F:F3:23:B9,NA,(not associated),-47,1
FE:68:01:32:52:19,NA,(not associated),-69,1
FE:68:D7:EA:5A:38,NA,(not associated),-35,1
FE:6C:56:F3:56:03,NA,(not associated),-55,1
FE:72:0C:5D:05:6B,NA,(not associated),-69,1
FE:76:02:7A:59:28,NA,(not associated),-59,1
FE:7B:FA:C0:9E:CC,NA,(not associated),-55,1
FE:7C:73:9A:EE:96,NA,(not associated),-61,1
FE:7C:F2:EB:EA:15,NA,(not associated),-63,1
FE:82:42:65:57:52,NA,(not associated),-57,1
FE:85:9A:57:66:F1,NA,(not associated),-59,1
FE:86:66:CB:4A:5E,NA,(not associated),-63,1
FE:87:6F:B8:36:AD,NA,(not associated),-59,1
FE:87:CF:F7:6D:6B,NA,(not associated),-61,1
FE:89:B1:C8:4B:52,NA,(not associated),-59,1
FE:89:F3:53:F6:FB,NA,(not associated),-69,1
FE:8C:2D:1C:37:EE,NA,(not associated),-59,1
FE:8C:D2:F8:C0:DC,NA,(not associated),-45,1
FE:8D:93:81:87:03,NA,(not associated),-67,1
FE:8F:3E:42:76:E1,NA,(not associated),-59,1
FE:92:08:28:33:18,NA,(not associated),-53,1
FE:98:47:5A:19:A8,NA,(not associated),-47,1
FE:99:53:08:BD:D9,NA,(not associated),-47,1
FE:99:DF:81:BE:BE,NA,(not associated),-74,1
FE:9D:DA:F5:17:77,NA,(not associated),-51,1
FE:A0:DA:9E:A6:97,NA,(not associated),-59,1
FE:A1:11:53:1F:AB,NA,(not associated),-39,1
FE:A5:39:F4:F7:53,NA,(not associated),-61,1
FE:A6:7B:17:18:31,NA,(not associated),-67,1
FE:A8:1E:46:B3:E7,NA,(not associated),-59,1
FE:AA:1C:CC:50:25,NA,(not associated),-41,1
FE:B3:23:EF:3B:A0,NA,(not associated),-59,1
FE:B6:F8:32:D1:EC,NA,(not associated),-65,1
FE:B7:06:AE:06:D9,NA,(not associated),-63,1
FE:C1:98:36:40:0D,NA,(not associated),-35,1
FE:C2:FE:50:A4:43,NA,(not associated),-51,1
FE:C3:1F:71:93:DE,NA,(not associated),-51,1
FE:C3:9E:40:BD:D4,NA,(not associated),-35,1
FE:C4:58:DA:6A:C4,NA,(not associated),-67,1
FE:C5:00:DE:BB:4A,NA,(not associated),-55,1
FE:C5:B1:2E:70:21,NA,(not associated),-63,1
FE:C9:C9:AF:DF:13,NA,(not associated),-43,1
FE:CA:15:D8:C8:6A,NA,(not associated),-53,1
FE:CA:A3:12:5A:B1,NA,(not associated),-53,1
FE:CE:1D:07:3D:01,NA,(not associated),-63,1
FE:CF:29:A8:50:EC,NA,(not associated),-69,1
FE:D1:86:54:D0:4E,NA,(not associated),-61,1
FE:D3:29:70:6E:79,NA,(not associated),-49,1
FE:D3:A5:6B:E8:52,NA,(not associated),-61,1
FE:D5:DC:68:C5:D1,NA,(not associated),-55,1
FE:D6:32:D9:66:2C,NA,(not associated),-61,1
FE:E0:57:C1:E9:24,NA,(not associated),-53,1
FE:E0:B0:D1:CB:05,NA,(not associated),-35,1
FE:E3:18:74:A3:8B,NA,(not associated),-61,1
FE:E3:F0:B4:C2:B0,NA,(not associated),-57,1
FE:E5:6A:AD:E7:95,NA,(not associated),-81,1
FE:E5:FE:BD:CE:76,NA,(not associated),-69,1
FE:E6:76:E0:F3:C6,NA,(not associated),-53,1
FE:E7:86:00:21:68,NA,(not associated),-45,1
FE:E8:EE:12:7B:0A,NA,(not associated),-65,1
FE:ED:69:60:69:09,NA,(not associated),-71,1
FE:F6:7A:AE:72:3B,NA,(not associated),-57,1
FE:F9:6D:5F:D0:06,NA,(not associated),-59,1
FE:FD:5C:EF:82:87,NA,(not associated),-51,1
FE:FF:4F:55:57:AB,NA,(not associated),-53,1
FE:FF:FF:4F:B5:EB,NA,(not associated),-65,1
